scenario,agent,profile,num_runs,guard_delta,safety_margin,action_changed_rate_mean,action_changed_rate_std,avg_async_mean,avg_async_std,avg_constraint_violation_mean,avg_constraint_violation_std,avg_dom_gap_mean,avg_dom_gap_std,avg_fatigue_mean,avg_fatigue_std,avg_fid_mean,avg_fid_std,avg_reward_raw_mean,avg_reward_raw_std,executed_step_cap_violation_rate_mean,executed_step_cap_violation_rate_std,fatigue_overload_rate_mean,fatigue_overload_rate_std,feasible_rate_mean,feasible_rate_std,guard_replacement_rate_mean,guard_replacement_rate_std,independence_gain_mean,independence_gain_std,mastered_mean,mastered_std,mastery_rate,proposed_relaxed_violation_rate_mean,proposed_relaxed_violation_rate_std,proposed_step_cap_violation_rate_mean,proposed_step_cap_violation_rate_std,regret_mean,regret_std,relaxed_execution_rate_mean,relaxed_execution_rate_std,rest_fallback_rate_mean,rest_fallback_rate_std,retention_delta_mean,retention_delta_std,sample_efficiency_mean,sample_efficiency_std,skill_improvement_mean,skill_improvement_std,steps_mean,steps_std,time_to_mastery_mean,time_to_mastery_std,total_reward_mean,total_reward_raw_mean,total_reward_raw_std,total_reward_std
shared_default,PianoMPC,balanced,5,0.08,0.05,0.0,0.0,40.6146343766083,2.259369246389938,0.0007496278575226151,0.0006513733805417694,7.371449658822319,1.168954328868275,0.5034590377458802,0.019609019285562114,0.6233163635308012,0.016399206619953345,-1.2360661876813568,0.05401014677784805,0.15497962076909447,0.07465260124510185,0.04369129895445685,0.02686163561759075,0.9563087010455431,0.02686163561759076,0.0,0.0,22.345800316440894,3.685837596950167,1.0,0.0,1.0,0.0,0.0,0.15497962076909447,0.07465260124510185,-18.95897545849939,6.691665320313643,0.15497962076909447,0.07465260124510185,0.0,0.0,0.4040671771319507,0.06188842421937693,26.6,5.986651818838307,0.4944378482223904,0.0322246160323389,26.6,5.986651818838307,26.6,5.986651818838307,18.95897545849939,-32.60950370992505,5.960491101412415,6.691665320313643
shared_default,PianoMPC,mild_left_weak,5,0.08,0.05,0.0,0.0,38.39914393287494,1.7445674015370602,0.0025920337995338247,0.0017829405475289044,7.767617210576657,0.7303469402631003,0.49726258508158533,0.013984116591032748,0.6155117048611516,0.026542128406891973,-1.2359215123132357,0.056039015253665884,0.18300407925407927,0.05665079379420842,0.07189976689976689,0.04099557199618351,0.9281002331002333,0.04099557199618352,0.0,0.0,20.398513691602687,4.7958417373083915,1.0,0.0,1.0,0.0,0.0,0.18300407925407927,0.05665079379420842,-25.104796609210233,13.364776564620668,0.18300407925407927,0.05665079379420842,0.0,0.0,0.4675463808413422,0.038929848653950355,29.2,3.1874754901018454,0.5121286201128556,0.0349817954660292,29.2,3.1874754901018454,29.2,3.1874754901018454,25.104796609210233,-36.030897695861974,3.7034731511757113,13.364776564620668
shared_default,PianoMPC,severe_left_weak,5,0.08,0.05,0.0,0.0,40.875442402882165,1.8568541409971044,0.0030663302878475547,0.0025248851050765427,8.779656534357084,1.3833434554025286,0.4797815612535614,0.01765065478809953,0.5716860770780929,0.0238420788590444,-1.3645494313641278,0.05879466650203757,0.19282129875233323,0.020513613279876875,0.10692916789468514,0.051039055742553074,0.8930708321053148,0.051039055742553054,0.0,0.0,20.787440590239747,1.885910688349155,1.0,0.0,1.0,0.0,0.0,0.19282129875233323,0.020513613279876875,-30.24038564121944,7.34551638027241,0.19282129875233323,0.020513613279876875,0.0,0.0,0.5257547781525708,0.04803092041253355,29.8,4.833218389437829,0.5645747596267953,0.014366770128249244,29.8,4.833218389437829,29.8,4.833218389437829,30.24038564121944,-40.406408548851026,4.72152926957461,7.34551638027241
shared_default,BayesianMAB,balanced,5,0.08,0.05,0.16422798297037647,0.02175796161073475,29.921274117087428,2.680933440892782,0.004806215812584997,0.0028610514120110645,7.266722538835372,0.7295931876541284,0.49171517330539655,0.04509616167382558,0.5586755534799362,0.03637352453667341,-1.205308000742372,0.07034869003066706,0.12820408800124822,0.05465630755305297,0.08251120076677884,0.0367830338768257,0.9174887992332211,0.03678303387682569,0.16422798297037647,0.02175796161073475,25.59241111340298,2.3185602015999702,1.0,0.0,1.0,0.09529010543209326,0.03766626781861457,0.28553551924748677,0.056420147743883646,-19.939490279919788,6.108495067072306,0.12130753627711033,0.049627490253759024,0.16422798297037647,0.02175796161073475,0.5053994846824851,0.046906402654145474,30.6,3.3823069050575527,0.6255604986816691,0.02395768585710379,30.6,3.3823069050575527,30.6,3.3823069050575527,19.939490279919788,-36.962611422144214,5.1178747895390355,6.108495067072306
shared_default,BayesianMAB,mild_left_weak,5,0.08,0.05,0.17207959045687243,0.06964978967135238,29.88976519289482,4.352626424267865,0.0012234019124891349,0.00113108494800742,7.309542344002904,0.3819215099255508,0.41695873570648423,0.09335799456025266,0.5432708256501821,0.044802976163520476,-1.2326383040943125,0.09905511101164295,0.06102445222120678,0.06589220884934535,0.034620511334507276,0.02269316853846806,0.9653794886654927,0.022693168538468075,0.17207959045687243,0.06964978967135238,29.20562459172347,4.028648395529822,1.0,0.0,1.0,0.07140851035374363,0.06531052109166326,0.2331040426780792,0.11888431833118257,-30.250012781664473,15.08703760035175,0.06102445222120678,0.06589220884934535,0.17207959045687243,0.06964978967135238,0.5564824758624449,0.15976241397939026,36.8,14.945233353815523,0.6466469416690102,0.10712576611755047,36.8,14.945233353815523,36.8,14.945233353815523,30.250012781664473,-43.970481773435964,13.450170436323573,15.08703760035175
shared_default,BayesianMAB,severe_left_weak,5,0.08,0.05,0.13899018232819074,0.0699717969995164,31.9841099725905,4.33157442457979,0.0050951966873706055,0.002658676009926406,9.163321497651905,1.0653286375194337,0.3964935353636546,0.09904013146456404,0.5062390966707694,0.05823101736559963,-1.3693597667204365,0.1383569194955205,0.11954451345755693,0.07167402391620667,0.07321946169772257,0.046550247829648846,0.9267805383022776,0.046550247829648846,0.13899018232819074,0.0699717969995164,26.10554590927908,4.918840682251791,1.0,0.0,1.0,0.06691511387163561,0.04970242508499806,0.25853469578574767,0.11319354778795056,-36.251333650624495,6.5235284364766954,0.11954451345755693,0.07167402391620667,0.13899018232819074,0.0699717969995164,0.592159450154317,0.15204772779332687,36.0,11.366617790706258,0.6445318220449118,0.09259730790889031,36.0,11.366617790706258,36.0,11.366617790706258,36.251333650624495,-48.48591845031458,12.348385379135134,6.5235284364766954
shared_default,CCB-DF,balanced,5,0.08,0.05,0.2865573152337858,0.006909355245475722,32.130998469089114,5.042937196757058,0.0016067779034690838,0.0014359499422066124,6.955341606209197,1.0207114232405143,0.5126678638763198,0.014803248553770616,0.4825199275724413,0.03090473955294315,-1.3531844766405272,0.11428027662999045,0.04982088989441931,0.04595404528949942,0.02939291101055807,0.027218389812799556,0.970607088989442,0.027218389812799556,0.2865573152337858,0.006909355245475722,24.809184696295368,4.9354091861487115,1.0,0.0,1.0,0.10778657616892913,0.0310334738698846,0.33637820512820515,0.0450988658307265,-33.633025173430255,10.554264766386394,0.04982088989441931,0.04595404528949942,0.2865573152337858,0.006909355245475722,0.5411661129608636,0.09186921030149184,37.6,7.172168430816443,0.6300044382353801,0.053427588018994596,37.6,7.172168430816443,37.6,7.172168430816443,33.633025173430255,-50.06713172288606,4.627996568543707,10.554264766386394
shared_default,CCB-DF,mild_left_weak,5,0.08,0.05,0.29159911772815,0.00477031604847644,29.405000576283793,4.972555649460414,0.0018009087400055203,0.0013728868366619147,8.457369759604848,1.1450238399870694,0.4735312324234905,0.014496184484071774,0.5073734790832927,0.04305213717436997,-1.3264589402909557,0.13835020287705807,0.0653057623380204,0.03144827720387971,0.06835566583953681,0.024165391998831,0.9316443341604632,0.024165391998830995,0.29159911772815,0.00477031604847644,26.36188565631516,4.568586155864286,1.0,0.0,1.0,0.1237937689550593,0.03282007669375615,0.3569048800661704,0.031467780414516706,-46.09993036588378,11.867268602979705,0.0653057623380204,0.03144827720387971,0.29159911772815,0.00477031604847644,0.6729000025158693,0.12000536614748278,48.0,10.13903348450926,0.6918517015188316,0.08151198660772153,48.0,10.13903348450926,48.0,10.13903348450926,46.09993036588378,-62.356967777526464,8.367921580943355,11.867268602979705
shared_default,CCB-DF,severe_left_weak,5,0.08,0.05,0.29248474699965055,0.016485955993521234,26.847131396549155,2.943561588372046,0.0032871892578058585,0.0011809471640492188,8.215668757511178,1.1650880182920034,0.44411882775319367,0.006398861095170389,0.5248280857816469,0.029748406431965663,-1.2663101963101837,0.06991078893714366,0.10007267014864911,0.03388239357552623,0.07223103541046265,0.010136169493565314,0.9277689645895373,0.010136169493565305,0.29248474699965055,0.016485955993521234,30.146843888209155,2.8322728821612975,1.0,0.0,1.0,0.15249722461879095,0.02511471527368761,0.38795971599887435,0.01700217958019229,-55.59181003198531,8.613553288340563,0.09547496899922382,0.026199988769975383,0.29248474699965055,0.016485955993521234,0.8507023813018252,0.04429968663251676,62.8,12.221292893961751,0.8079674059391102,0.017426909143009556,62.8,12.221292893961751,62.8,12.221292893961751,55.59181003198531,-78.76011486094136,10.525421152605045,8.613553288340563
shared_default,LinUCB,balanced,5,0.08,0.05,0.0,0.0,29.367990673359383,5.452806387168859,0.0005552359405300592,0.0008244132286694309,6.993022389463493,0.5985031773906708,0.5530606855562737,0.008873304657840475,0.5176332852809408,0.03842164645480438,-1.2665431953557853,0.13310239811362776,0.0,0.0,0.0240142210730446,0.026281176289970433,0.9759857789269553,0.026281176289970423,0.0,0.0,28.55734147529954,2.4021347441208,1.0,0.0,1.0,0.0,0.0,0.0,0.0,-32.90756008215409,11.628049764135518,0.0,0.0,0.0,0.0,0.6156506159005917,0.10908170071151516,43.2,10.322790320451151,0.6722378320102506,0.06493945267642737,43.2,10.322790320451151,43.2,10.322790320451151,32.90756008215409,-53.4419516912478,8.438131308733952,11.628049764135518
shared_default,LinUCB,mild_left_weak,5,0.08,0.05,0.0,0.0,33.765572344832705,3.5711352532507563,0.0004757969639468689,0.0003256815192487401,8.201588956860542,0.4840679397406406,0.5133747912713471,0.007749369334840439,0.48808520361179414,0.03170704068268912,-1.3981603736706982,0.09272510892093792,0.0,0.0,0.02909867172675522,0.018746619751786504,0.9709013282732448,0.018746619751786507,0.0,0.0,23.873863543026935,5.473503653306654,1.0,0.0,1.0,0.0,0.0,0.0,0.0,-34.9593972015161,15.230105768118174,0.0,0.0,0.0,0.0,0.5918943817249188,0.07483055905031685,37.8,6.7646138101151045,0.6539343845353356,0.037048928713079236,37.8,6.7646138101151045,37.8,6.7646138101151045,34.9593972015161,-52.284194102789456,5.914748993145575,15.230105768118174
shared_default,LinUCB,severe_left_weak,5,0.08,0.05,0.0,0.0,32.06151503811626,6.569105712127676,0.0008633709981167586,0.0007669610541978888,8.43275194732426,0.9578642143309274,0.46947662523540484,0.004184938657848468,0.4914317761408453,0.043588192291470734,-1.3826450049488925,0.1603091476778142,0.0,0.0,0.02128060263653484,0.019309860594081813,0.9787193973634652,0.019309860594081806,0.0,0.0,27.353302557800568,4.4456504196186435,1.0,0.0,1.0,0.0,0.0,0.0,0.0,-40.495882439297745,14.536016989042688,0.0,0.0,0.0,0.0,0.726368463380927,0.1082083888090934,45.8,8.818163074019441,0.7389633573438891,0.06121934747358305,45.8,8.818163074019441,45.8,8.818163074019441,40.495882439297745,-62.08920933217769,6.327441459853997,14.536016989042688
shared_default,Thompson,balanced,5,0.08,0.05,0.23119719405433692,0.024034148531526616,26.039088732943753,4.095943720248322,0.004610284130284128,0.0036551320934968008,7.563703368247123,0.5429751419659782,0.5192509791109792,0.05069985530480298,0.5557601342291301,0.032061740057500225,-1.1793766313175424,0.08314543800654042,0.13108687965830823,0.11256903781355036,0.07980539409110837,0.06138951280904034,0.9201946059088917,0.06138951280904036,0.23119719405433692,0.024034148531526616,28.982856924358465,3.352627508783727,1.0,0.0,1.0,0.10645112930827216,0.06877694701258487,0.36228407371264515,0.1149649642787962,-34.77972804785872,8.37409856166437,0.13108687965830823,0.11256903781355036,0.23119719405433692,0.024034148531526616,0.6025999400211319,0.11031293367080983,42.2,13.347658970770867,0.6650483724284094,0.0665269175700529,42.2,13.347658970770867,42.2,13.347658970770867,34.77972804785872,-48.76194879924516,12.166447087793223,8.37409856166437
shared_default,Thompson,mild_left_weak,5,0.08,0.05,0.24206288879841736,0.01946883317277325,29.055606673981003,2.357515126319444,0.005819401896031156,0.002887860246298765,9.36570901619464,1.6803155375410355,0.4935687219105839,0.026921518550122817,0.5442984672269524,0.019581552949904466,-1.2855527998565388,0.07783759352636023,0.13734474718144898,0.07932328098884354,0.10788155431556334,0.046392117143807615,0.8921184456844365,0.046392117143807594,0.24206288879841736,0.01946883317277325,27.242387304607234,2.4499386674769448,1.0,0.0,1.0,0.10984941956969303,0.038322528042035064,0.3794076359798663,0.08024469791297976,-38.08167503426874,12.095519214176292,0.13734474718144898,0.07932328098884354,0.24206288879841736,0.01946883317277325,0.6596273682836038,0.09780026369875416,41.6,9.28654941299512,0.7063451430431904,0.07001285941009573,41.6,9.28654941299512,41.6,9.28654941299512,38.08167503426874,-53.21613193006093,11.045173509738344,12.095519214176292
shared_default,Thompson,severe_left_weak,5,0.08,0.05,0.24939203161000517,0.018625258793023597,27.72901920104158,4.111483744213498,0.006102692683037999,0.002646759072137023,8.678631586650827,0.8589927844154642,0.4661715406700481,0.023351987620409565,0.5443531550493766,0.017913370358785548,-1.2552856518641877,0.07951714586724272,0.15111988361042505,0.05784908602912461,0.1081946666058888,0.042611073916816254,0.8918053333941112,0.04261107391681626,0.24939203161000517,0.018625258793023597,28.33626780083649,4.782876849293302,1.0,0.0,1.0,0.13586676805516418,0.044003322350044026,0.4005119152204302,0.07575919058751585,-50.288480771149885,16.76611335497991,0.15111988361042505,0.05784908602912461,0.24939203161000517,0.018625258793023597,0.8073921984841619,0.10981964194829172,53.8,13.991425945914163,0.7988633536877696,0.08330647336615127,53.8,13.991425945914163,53.8,13.991425945914163,50.288480771149885,-66.71358834390962,14.845282128232641,16.76611335497991
shared_default,Safe-AC,balanced,5,0.08,0.05,0.18736324841587998,0.04496405280602985,24.833580959282912,2.983793654351928,0.005117224880382771,0.0027896871240573936,7.401222284669667,0.3439317117171749,0.5156628868855184,0.07310289247787613,0.561041372650928,0.012444171711089634,-1.153563352722022,0.043963022381577406,0.14177717019822283,0.08199954658935087,0.09334700387331965,0.053921349665811386,0.9066529961266804,0.053921349665811386,0.18736324841587998,0.04496405280602985,30.82398756354288,2.3540741273919066,1.0,0.0,1.0,0.10292093871041239,0.060636166004971896,0.3291404186141028,0.12588534677910182,-36.77216162924829,13.13286573229981,0.14177717019822283,0.08199954658935087,0.18736324841587998,0.04496405280602985,0.6361100103741236,0.08703472282123922,45.0,10.373041983911952,0.7126604763969949,0.06005830759587711,45.0,10.373041983911952,45.0,10.373041983911952,36.77216162924829,-51.50197632053995,10.02388985052747,13.13286573229981
shared_default,Safe-AC,mild_left_weak,5,0.08,0.05,0.1792248481903654,0.06445762421406252,29.994895797276676,5.1253094611945516,0.003532654272309449,0.0013071070167997828,7.696822423446774,1.1890118127027152,0.46008343250412215,0.049364382203948905,0.5536223426369056,0.035932087217709734,-1.2341512437782323,0.09556025596965412,0.09872153320429182,0.035876160902373846,0.08641957607474848,0.016508390311332548,0.9135804239252515,0.016508390311332548,0.1792248481903654,0.06445762421406252,26.844913127930432,3.313439618210587,1.0,0.0,1.0,0.11132379063413547,0.033100724667706846,0.2779463813946573,0.09881405039337754,-37.4656872210043,13.146819837971027,0.09872153320429182,0.035876160902373846,0.1792248481903654,0.06445762421406252,0.6318237668773163,0.12245081622143662,39.8,11.303096920755832,0.7005531768952592,0.07241172954625995,39.8,11.303096920755832,39.8,11.303096920755832,37.4656872210043,-48.20874182395299,10.89209028496109,13.146819837971027
shared_default,Safe-AC,severe_left_weak,5,0.08,0.05,0.20421083726686443,0.02531808664805561,26.83529759810356,1.9760830064261314,0.0023989469952797582,0.0017308896087801981,8.621351070333432,1.304897479733925,0.4159384887777756,0.031003130526963664,0.5526798117945966,0.03171251260787286,-1.226124858423185,0.08453037141408441,0.09171844002064715,0.05486158102747525,0.0477542491464393,0.03034755304224734,0.9522457508535608,0.03034755304224734,0.20421083726686443,0.02531808664805561,31.087391466511697,2.068044233143872,1.0,0.0,1.0,0.08996405405573488,0.04164886217543838,0.2959292772875116,0.06458710364890391,-45.202457553369314,8.92779068869318,0.09171844002064715,0.05486158102747525,0.20421083726686443,0.02531808664805561,0.7639757005853334,0.08399122436714399,48.8,10.571660229122008,0.7645554020733991,0.0501524404318181,48.8,10.571660229122008,48.8,10.571660229122008,45.202457553369314,-59.52015802356593,12.306235953831901,8.92779068869318
strict_margin_008,PianoMPC,balanced,5,0.08,0.08,0.02889767237593325,0.026774602144914533,36.74760120150207,2.332443989207477,0.0014367496475048297,0.0012145584709164889,7.259602775518824,0.2740877621225188,0.4856419180361975,0.05150563121218019,0.6278309495926764,0.019911069101161857,-1.1751198830342742,0.04304028265868295,0.18913505767052677,0.08682564268174663,0.06632457296072855,0.033007844144569115,0.9336754270392713,0.0330078441445691,0.02889767237593325,0.026774602144914533,22.431659975122024,2.624117871174549,1.0,0.0,1.0,0.0,0.0,0.21803273004646004,0.06687510361307984,-17.3221285301259,5.739838271554319,0.18913505767052677,0.08682564268174663,0.02889767237593325,0.026774602144914533,0.40161586649856346,0.08267716792254123,27.4,8.039900496896712,0.48811792257510006,0.02778404503266726,27.4,8.039900496896712,27.4,8.039900496896712,17.3221285301259,-32.10364785687083,9.084767086556374,5.739838271554319
strict_margin_008,PianoMPC,mild_left_weak,5,0.08,0.08,0.0150997150997151,0.020682269416389214,39.99807946857993,2.4257642150573933,0.00226904843304846,0.0006687561360211974,8.905900876458423,1.6436171375586353,0.49030238827838846,0.01696023479222611,0.6049113648806446,0.02318982349231745,-1.298777753002124,0.018259392526280477,0.25552950752950754,0.062099425996953325,0.06915181115181115,0.023838745009945785,0.930848188848189,0.023838745009945747,0.0150997150997151,0.020682269416389214,22.347456791831014,2.905155423311347,1.0,0.0,1.0,0.0,0.0,0.2706292226292226,0.062265602746405774,-25.696189590421817,5.636580118805503,0.25552950752950754,0.062099425996953325,0.0150997150997151,0.020682269416389214,0.434366771394601,0.04513501861406536,25.4,2.4166091947189146,0.5206623310577162,0.028205949128826614,25.4,2.4166091947189146,25.4,2.4166091947189146,25.696189590421817,-32.94639273546977,2.7316612798741304,5.636580118805503
strict_margin_008,PianoMPC,severe_left_weak,5,0.08,0.08,0.011774600504625737,0.016513165614862792,39.525022474102116,2.986262067131615,0.00246127086007704,0.002565683824888781,9.151820150228682,0.3763764331251594,0.4633280040724184,0.025912130204197206,0.5871018798002363,0.02362843766314175,-1.3304957362963001,0.06755998527285481,0.29177297743939323,0.10646032661381595,0.07735344458707745,0.05662225769079692,0.9226465554129225,0.05662225769079691,0.011774600504625737,0.016513165614862792,21.67967358931471,1.754311829651913,1.0,0.0,1.0,0.0,0.0,0.303547577944019,0.09623861012311795,-25.633653021729536,5.237838825001871,0.28510631077272663,0.09295767071354592,0.011774600504625737,0.016513165614862792,0.4930962496184085,0.08339180430024311,28.6,7.3375745311376575,0.5359041946738838,0.04878372818273672,28.6,7.3375745311376575,28.6,7.3375745311376575,25.633653021729536,-37.578740101737814,7.822933334407495,5.237838825001871
strict_margin_008,BayesianMAB,balanced,5,0.08,0.08,0.17218241528586356,0.02529502273878344,31.846566787335963,2.8255125472922726,0.005859764143902079,0.002596529162177788,7.306794516776111,1.2792476083340996,0.5332366547245857,0.02704662691856192,0.5688402327199269,0.021116819860819775,-1.2117883869012356,0.04198437116905616,0.24514255859083445,0.10301337567145134,0.13080310494103597,0.04042549007312095,0.869196895058964,0.04042549007312094,0.17218241528586356,0.02529502273878344,25.413301016419595,4.002796208292464,1.0,0.0,1.0,0.10813255709807434,0.03158555601155723,0.41732497387669804,0.09495450226282527,-25.402019529367738,3.9304574818382947,0.24514255859083445,0.10301337567145134,0.17218241528586356,0.02529502273878344,0.4730968514491348,0.04176580048555561,27.6,2.870540018881465,0.5947670987029776,0.03908607647572391,27.6,2.870540018881465,27.6,2.870540018881465,25.402019529367738,-33.35522227582623,2.8194433215248518,3.9304574818382947
strict_margin_008,BayesianMAB,mild_left_weak,5,0.08,0.08,0.15491368640479447,0.06635452375699318,31.159437232121412,3.64370688059026,0.004560783010878753,0.0036483339166577134,7.454464489824112,1.0020232243040592,0.4377107406683603,0.06904238087960234,0.5287987692627751,0.024073838431680143,-1.2747351895875845,0.057385053715403776,0.18320891147156537,0.1094251658431677,0.09227802749006579,0.059683869488811055,0.9077219725099341,0.05968386948881107,0.15491368640479447,0.06635452375699318,26.679623948501366,6.661305200968454,1.0,0.0,1.0,0.09978633313790633,0.057451546814433235,0.33145593120969313,0.14387603996146453,-26.605257549003692,7.471887411572965,0.17654224480489872,0.1091615209977997,0.15491368640479447,0.06635452375699318,0.5626600842910936,0.10047411211255587,34.0,8.12403840463596,0.6702400370445659,0.08062719047574188,34.0,8.12403840463596,34.0,8.12403840463596,26.605257549003692,-43.36551087174831,10.54824979346335,7.471887411572965
strict_margin_008,BayesianMAB,severe_left_weak,5,0.08,0.08,0.12528372528372528,0.05291540648055806,33.598637927779016,2.587613633302949,0.003651903201903205,0.0021079500426122166,7.93720186375789,0.6322814216529911,0.3479563765063765,0.08195808466481508,0.4780766402911212,0.033335138821573164,-1.4017280870140687,0.056415272837127994,0.14884754884754886,0.11309645964520985,0.0713993213993214,0.0452739885962794,0.9286006786006785,0.04527398859627938,0.12528372528372528,0.05291540648055806,27.13723031245238,3.230733107621037,1.0,0.0,1.0,0.07565617565617566,0.04724004470035369,0.2633087633087633,0.16099512635662452,-25.676902425668594,4.897818434224601,0.13802503802503802,0.11788523570360157,0.12528372528372528,0.05291540648055806,0.576855702081774,0.06401934614977642,36.2,3.3105890714493693,0.6463325542858832,0.042664667717400795,36.2,3.3105890714493693,36.2,3.3105890714493693,25.676902425668594,-50.60440340214506,3.3813076455586417,4.897818434224601
strict_margin_008,CCB-DF,balanced,5,0.08,0.08,0.28776749566223253,0.0019193225570902504,30.50524106344907,4.04514777427794,0.0050397744360902354,0.005567454857201363,6.810288966737579,0.5885817481314598,0.5155394745104519,0.04770219421981234,0.5028346893178437,0.03684502193042068,-1.3010964127405151,0.10162259589301696,0.1350028918449971,0.12390282863013037,0.09285135916714864,0.07020696046605907,0.9071486408328514,0.07020696046605908,0.28776749566223253,0.0019193225570902504,25.399692765818607,4.698865483902722,1.0,0.0,1.0,0.1156027431215401,0.06192785318477918,0.40839791787160207,0.103855405566356,-49.03454310312461,9.481660746212691,0.12063042220936956,0.10281112858579218,0.28776749566223253,0.0019193225570902504,0.6103083253714224,0.06099905846683204,42.4,6.770524351924302,0.6724517267908534,0.04052416866850936,42.4,6.770524351924302,42.4,6.770524351924302,49.03454310312461,-54.50147516530255,4.513572741491306,9.481660746212691
strict_margin_008,CCB-DF,mild_left_weak,5,0.08,0.08,0.2935806079188432,0.010979649186842659,35.1105658283113,3.088520084815328,0.003125185006435015,0.0026136491072007106,8.162740988151443,0.2925193674099589,0.46312624261866925,0.025583823520013885,0.46547767498505105,0.009519511667065488,-1.450257777794836,0.04642698074981121,0.14856489893254596,0.06886221349409996,0.06659588159588159,0.04603832430127523,0.9334041184041185,0.046038324301275246,0.2935806079188432,0.010979649186842659,23.676466556921234,3.8018039089244957,1.0,0.0,1.0,0.11457680369445075,0.038640500755558645,0.4421455068513892,0.06983490756298014,-28.973991156067353,5.994194235829313,0.14856489893254596,0.06886221349409996,0.2935806079188432,0.010979649186842659,0.5445040547773113,0.037660845599279895,36.0,3.40587727318528,0.6153271968352956,0.022638746981900926,36.0,3.40587727318528,36.0,3.40587727318528,28.973991156067353,-52.077849626524184,3.6181702097298456,5.994194235829313
strict_margin_008,CCB-DF,severe_left_weak,5,0.08,0.08,0.293562091503268,0.014802621484844309,30.87823193799064,5.839550888708885,0.0052031799899447005,0.003033171234388073,8.856977947650282,0.44411051672346835,0.4317909904474611,0.030246887952529212,0.5092169238677394,0.0506964969505515,-1.3575660919374493,0.14778215274312884,0.16416540975364505,0.06351727845105691,0.09315359477124183,0.03326980332952203,0.9068464052287581,0.033269803329522035,0.293562091503268,0.014802621484844309,29.328809152002712,3.888819570892857,1.0,0.0,1.0,0.14498240321769734,0.06734841547139263,0.44800527903469084,0.06026193809981307,-44.16706151992458,13.629325431927407,0.1544431875314228,0.05432562636326487,0.293562091503268,0.014802621484844309,0.7817352764940173,0.12061373670976162,57.2,16.70209567689037,0.7650762145274255,0.06397249410992133,57.2,16.70209567689037,57.2,16.70209567689037,44.16706151992458,-75.30790692114667,14.169203697269268,13.629325431927407
strict_margin_008,LinUCB,balanced,5,0.08,0.08,0.17168773540173737,0.055094644355672066,27.925800543435706,3.939855820909331,0.00011351351351351541,0.00022702702702703082,7.422331026896788,0.9995228284381688,0.4795000038469454,0.018088584111090305,0.5242485796058497,0.028752382892536864,-1.2497107844004764,0.1000909553695936,0.05443194932767922,0.031825386782280356,0.010810810810810811,0.021621621621621623,0.9891891891891891,0.021621621621621623,0.17168773540173737,0.055094644355672066,28.07101809757105,3.235284963850204,1.0,0.0,1.0,0.0,0.0,0.2261196847294166,0.055809852268690376,-38.668964693216665,5.411681802893051,0.05443194932767922,0.031825386782280356,0.17168773540173737,0.055094644355672066,0.6083996782652591,0.06628169643039367,41.8,6.43117407632541,0.676113222803876,0.027888935118809965,41.8,6.43117407632541,41.8,6.43117407632541,38.668964693216665,-51.76247972682754,5.219430737103806,5.411681802893051
strict_margin_008,LinUCB,mild_left_weak,5,0.08,0.08,0.1442876677698106,0.0418543323718379,30.6550425698748,5.639536349742454,0.00017049549549549565,0.0003205641003348702,7.827878136324531,0.8715525704335354,0.4531034036587608,0.011414880193257647,0.5115724063176783,0.04359019044280885,-1.3164358922826271,0.11290333759503036,0.05086033737819452,0.02089637702336168,0.009572072072072071,0.011885833154917804,0.990427927927928,0.011885833154917796,0.1442876677698106,0.0418543323718379,32.25594328125858,2.084519471098639,1.0,0.0,1.0,0.0,0.0,0.19514800514800515,0.033232164257860096,-43.81021104906855,11.860445415643103,0.05086033737819452,0.02089637702336168,0.1442876677698106,0.0418543323718379,0.6616004619571352,0.12942086199784428,45.6,11.603447763488228,0.6984097809449363,0.07842797717398581,45.6,11.603447763488228,45.6,11.603447763488228,43.81021104906855,-58.8498082612256,10.737714152723703,11.860445415643103
strict_margin_008,LinUCB,severe_left_weak,5,0.08,0.08,0.12560579009091594,0.032511419630747614,31.77908997142371,3.8976807785270053,0.0002623923444976087,0.00035404960515986167,8.944967536182691,1.5057788746662397,0.41276004878416783,0.020215704303719054,0.49308195820381906,0.03524549663571658,-1.3894585144373361,0.09726062547758928,0.07649770519335736,0.05112176879269893,0.012535885167464114,0.015678601599318807,0.9874641148325359,0.015678601599318807,0.12560579009091594,0.032511419630747614,27.463351335650394,3.211257617781929,1.0,0.0,1.0,0.0,0.0,0.2021034952842733,0.055987789880954264,-44.73506436030548,2.7224721672003027,0.07649770519335736,0.05112176879269893,0.12560579009091594,0.032511419630747614,0.6983919912800118,0.08261264359782147,44.0,6.164414002968976,0.70996477818403,0.05538469320321194,44.0,6.164414002968976,44.0,6.164414002968976,44.73506436030548,-60.717229114562336,6.053148332917986,2.7224721672003027
strict_margin_008,Thompson,balanced,5,0.08,0.08,0.2085672514619883,0.029103410130809266,31.1678568919527,6.36049108077369,0.00393409356725145,0.003245541306808554,7.976376819717736,0.9803523896138212,0.5203885672514619,0.05784793545055329,0.5434596075881281,0.031438357573649996,-1.2704449003606606,0.0959850590450727,0.18564327485380117,0.09900761389498736,0.07347953216374269,0.04339949649030879,0.9265204678362572,0.0433994964903088,0.2085672514619883,0.029103410130809266,26.423274009913076,4.131217901349694,1.0,0.0,1.0,0.12084795321637425,0.04518414344869481,0.3830994152046784,0.09785855598907758,-29.520792674460914,14.287943795211044,0.17453216374269004,0.09471858805439959,0.2085672514619883,0.029103410130809266,0.5468789951657403,0.14148337841064634,37.2,12.08966500776593,0.6471091929034135,0.0913932047243927,37.2,12.08966500776593,37.2,12.08966500776593,29.520792674460914,-46.165195580759516,11.335794184817374,14.287943795211044
strict_margin_008,Thompson,mild_left_weak,5,0.08,0.08,0.23511844880265934,0.02102630387090576,28.065189196843,3.4185240002525794,0.007977709834025615,0.002599711053657078,9.055958890268048,1.0290197753008867,0.5230009531988478,0.022802824812267333,0.5428970907782076,0.029750416854640704,-1.268134584551174,0.08206961329658012,0.22595965438070698,0.03405109186591625,0.14377499693289167,0.015866937223909902,0.8562250030671084,0.0158669372239099,0.23511844880265934,0.02102630387090576,29.752138902813773,3.23485756268347,1.0,0.0,1.0,0.1573103504682452,0.030947512354171244,0.4610781031833664,0.03826498249710981,-38.453167995947915,3.0403090521991016,0.22595965438070698,0.03405109186591625,0.23511844880265934,0.02102630387090576,0.6687603995917641,0.029882820571261244,41.6,2.727636339397171,0.7240445421732147,0.02012967914065144,41.6,2.727636339397171,41.6,2.727636339397171,38.453167995947915,-52.59728353851845,2.742790339141351,3.0403090521991016
strict_margin_008,Thompson,severe_left_weak,5,0.08,0.08,0.24038534332651978,0.006278832588380881,30.79487835692111,4.092870056219196,0.006112268150503435,0.002913270970118042,9.563259041040542,1.45382632874572,0.43504257419183884,0.04853591177418258,0.518236259282502,0.026697465033937506,-1.352463983346333,0.11703846193245643,0.1626930501930502,0.09926587814677262,0.10201803694450753,0.04147338116580309,0.8979819630554925,0.04147338116580306,0.24038534332651978,0.006278832588380881,25.19448909393551,5.255711742336176,1.0,0.0,1.0,0.09893680445151033,0.06010855601289599,0.40307839351957,0.09563011418798409,-36.753107645367564,2.8496439800495432,0.1626930501930502,0.09926587814677262,0.24038534332651978,0.006278832588380881,0.6808301089150487,0.09509713002950464,39.2,6.794115100585211,0.7146495075137212,0.05140921286498413,39.2,6.794115100585211,39.2,6.794115100585211,36.753107645367564,-52.2903463747608,4.869194516143287,2.8496439800495432
strict_margin_008,Safe-AC,balanced,5,0.08,0.08,0.19647984816015207,0.028937609704114426,23.93660500582061,2.5594112862378426,0.002732885473673032,0.002186442723753383,8.352752527860192,0.6623770812752056,0.5009260757782383,0.025842725129601878,0.575545447613201,0.01674671932045537,-1.1450621294802779,0.04507446773864767,0.13203407541221684,0.038556529902534095,0.06235765014257124,0.04824923074517489,0.9376423498574287,0.04824923074517492,0.19647984816015207,0.028937609704114426,29.129155553625644,4.43302130445906,1.0,0.0,1.0,0.1036635053043586,0.02706646973509335,0.32851392357236897,0.042197767298752416,-37.32479577681556,9.452491172560421,0.13203407541221684,0.038556529902534095,0.19647984816015207,0.028937609704114426,0.6642323685647511,0.07561971471863074,45.0,9.612491872558333,0.7183355142841268,0.037530416204829185,45.0,9.612491872558333,45.0,9.612491872558333,37.32479577681556,-51.1092231564844,9.152651123599282,9.452491172560421
strict_margin_008,Safe-AC,mild_left_weak,5,0.08,0.08,0.19115260021072164,0.023553145418192107,29.821521154450597,4.533382913218847,0.005048935541192933,0.005092472937025326,9.037598230374886,1.0930976073400387,0.46136000440313873,0.023595392924303175,0.5476617630771349,0.031294988289205274,-1.2784197273975275,0.10618349271254003,0.19223522196537246,0.06177220882879023,0.10185851771477095,0.03560903348347032,0.898141482285229,0.03560903348347033,0.19115260021072164,0.023553145418192107,26.60687708295369,3.058065186289228,1.0,0.0,1.0,0.10143731031120755,0.024649211612062197,0.3791325030271579,0.07165245771365233,-36.192923990871634,11.860462404076092,0.18797990281643628,0.052749837500501336,0.19115260021072164,0.023553145418192107,0.6270031862360934,0.08712361620324674,38.2,6.046486583132389,0.6873343828849173,0.06468383401147396,38.2,6.046486583132389,38.2,6.046486583132389,36.192923990871634,-48.302138798198534,4.968185815910921,11.860462404076092
strict_margin_008,Safe-AC,severe_left_weak,5,0.08,0.08,0.19614344572327766,0.03232204115032879,29.305971342886853,3.229040946741985,0.003253779245964113,0.0022038230526734855,9.382445703374898,0.8718806454682182,0.40528005754283053,0.0403058605005831,0.5270404781699738,0.03849516941932065,-1.3150183335202275,0.08544483627289755,0.1478709432490945,0.06893934525279495,0.07358161912783762,0.029162671632604602,0.9264183808721624,0.029162671632604616,0.19614344572327766,0.03232204115032879,27.220229162170096,3.1959116720669205,1.0,0.0,1.0,0.10059775891708667,0.049288465057187536,0.34401438897237213,0.07427640130632956,-30.130377707449338,7.901820946370587,0.1478709432490945,0.06893934525279495,0.19614344572327766,0.03232204115032879,0.7130396014156791,0.09588056647097384,42.2,5.192301994298868,0.7269915151572499,0.0685187848473563,42.2,5.192301994298868,42.2,5.192301994298868,30.130377707449338,-55.103691031940514,4.245104941085724,7.901820946370587
strict_margin_010,PianoMPC,balanced,5,0.08,0.1,0.015,0.020749832663314552,39.1552076488359,2.347205563841938,0.0007096135265700737,0.0006521506240250503,7.956736096691242,0.8099688620880575,0.4883408695652176,0.019262037710075813,0.6212723007797785,0.009709451724864074,-1.2318196200130798,0.051409700648833524,0.2295893719806763,0.062001942085897,0.059806763285024156,0.020457439957989952,0.9401932367149758,0.020457439957989973,0.015,0.020749832663314552,24.35389954852247,1.200365711344116,1.0,0.0,1.0,0.0,0.0,0.24458937198067635,0.052756520774769396,-16.45814364656467,9.071084888383554,0.2295893719806763,0.062001942085897,0.015,0.020749832663314552,0.3751288190354531,0.042832383425024156,23.8,3.8157568056677826,0.48018903076844544,0.026223095325381578,23.8,3.8157568056677826,23.8,3.8157568056677826,16.45814364656467,-29.204321211778087,4.207367420332391,9.071084888383554
strict_margin_010,PianoMPC,mild_left_weak,5,0.08,0.1,0.009523809523809523,0.021295885499997995,40.366390919173206,3.1411314476842773,0.002296613756613775,0.0033005205100559943,8.539792420328041,0.9442061584295335,0.4750247619047621,0.025443496672086906,0.5857192502694029,0.016176790132829962,-1.3166961492480365,0.048212398356432686,0.28682539682539676,0.11585616315802177,0.056455026455026446,0.05832012832097451,0.9435449735449735,0.058320128320974524,0.009523809523809523,0.021295885499997995,19.7757059998335,3.154696098796943,1.0,0.0,1.0,0.0,0.0,0.2963492063492063,0.10221716935160391,-19.979103464674406,6.063475966172875,0.28682539682539676,0.11585616315802177,0.009523809523809523,0.021295885499997995,0.3849100514837992,0.03843502035178221,22.0,2.5298221281347035,0.48829325000263263,0.03131446183741692,22.0,2.5298221281347035,22.0,2.5298221281347035,19.979103464674406,-28.91256418282535,2.927011755673191,6.063475966172875
strict_margin_010,PianoMPC,severe_left_weak,5,0.08,0.1,0.014835164835164835,0.020337093981672247,40.32413329510069,2.675470988334617,0.003267936901807897,0.0027811840546101557,8.697907096990487,1.0166867843605825,0.477315136476427,0.024092476133428194,0.5971224200125351,0.02303745038904803,-1.312409315259613,0.04661891888357907,0.31999291031549093,0.0878495172250362,0.0999320571901217,0.044857734650702655,0.9000679428098783,0.04485773465070266,0.014835164835164835,0.020337093981672247,20.61712186729226,4.984189019040344,1.0,0.0,1.0,0.0,0.0,0.3348280751506558,0.08025541653127091,-26.548344497018114,6.026558148254732,0.31999291031549093,0.0878495172250362,0.014835164835164835,0.020337093981672247,0.4950914502795671,0.04417759931939767,27.0,2.3664319132398464,0.5358736751913113,0.03140957425646401,27.0,2.3664319132398464,27.0,2.3664319132398464,26.548344497018114,-35.326207152275494,1.8145479625150776,6.026558148254732
strict_margin_010,BayesianMAB,balanced,5,0.08,0.1,0.18974937343358395,0.029636843163926237,30.895801323694464,3.4507293368968655,0.003275079365079379,0.0022698314796103687,7.257519441064363,0.674357946807135,0.4845457727652465,0.026525124949753457,0.5670134638200999,0.02223147657912542,-1.2005444183781926,0.06540563164929945,0.16613199665831244,0.07735917817793449,0.07746031746031745,0.04825396825396825,0.9225396825396824,0.048253968253968244,0.18974937343358395,0.029636843163926237,23.91879961627344,3.570504799583437,1.0,0.0,1.0,0.09324979114452799,0.0406817607377123,0.3558813700918964,0.06254171024067484,-20.389055410874313,8.410627491730745,0.16613199665831244,0.07735917817793449,0.18974937343358395,0.029636843163926237,0.4789079582757215,0.11589522411260308,28.8,6.4,0.5795990866565497,0.09926774426167492,28.8,6.4,28.8,6.4,20.389055410874313,-34.197107024579665,6.091355609593978,8.410627491730745
strict_margin_010,BayesianMAB,mild_left_weak,5,0.08,0.1,0.1881050061050061,0.023795488176975247,29.439321490309034,3.0671676581861105,0.004724444444444443,0.005262728954580759,7.945202362412937,0.7358908235936746,0.4958720842490842,0.06331940482419988,0.5520295357878221,0.027540441496872292,-1.226441917250065,0.08144816015216973,0.2694615384615385,0.18548434208076287,0.10415384615384615,0.1123515193725721,0.8958461538461538,0.11235151937257211,0.1881050061050061,0.023795488176975247,27.44042477982014,4.218185814645237,1.0,0.0,1.0,0.12537362637362637,0.05634981062912742,0.45201098901098896,0.1740903814725332,-20.772448577535883,5.518418721219977,0.2639059829059829,0.17707862397213478,0.1881050061050061,0.023795488176975247,0.5690445912904697,0.09923887385684628,30.4,6.019966777316964,0.6879981223678817,0.09639611740195873,30.4,6.019966777316964,30.4,6.019966777316964,20.772448577535883,-37.37631135559826,8.11432191631377,5.518418721219977
strict_margin_010,BayesianMAB,severe_left_weak,5,0.08,0.1,0.1472793622499505,0.07154982281206615,35.93632223942509,3.1771861022117585,0.0031536688453159003,0.00166258553490517,8.859667535561721,1.2925238312481169,0.38403470033670034,0.05781599438759018,0.49517323776839695,0.05645346414666773,-1.422182601372739,0.13182252510846687,0.17572385620915032,0.12153265075087745,0.08377668845315904,0.050885996672689775,0.916223311546841,0.050885996672689775,0.1472793622499505,0.07154982281206615,23.117232304925626,5.17765730394634,1.0,0.0,1.0,0.09171019013666074,0.028864032412071205,0.3167532184591008,0.15521742329568977,-21.27200344737061,8.057357678369119,0.16947385620915031,0.1195542312166438,0.1472793622499505,0.07154982281206615,0.5086731116407058,0.11895675578934231,28.0,4.427188724235731,0.5828240160986644,0.10025364299715359,28.0,4.427188724235731,28.0,4.427188724235731,21.27200344737061,-39.23869742054781,2.6159363661119976,8.057357678369119
strict_margin_010,CCB-DF,balanced,5,0.08,0.1,0.2788852228852229,0.007187709735511773,28.364009067615587,5.793933779383165,0.004163165220879514,0.002756552638813628,8.667256308795382,0.6774855128663768,0.5067182726771298,0.04194133709322283,0.5183631048834171,0.044229689425252856,-1.3024700567846093,0.15354937003623567,0.18629828344114058,0.09499380539989363,0.0909471995186281,0.05252344503501358,0.9090528004813718,0.05252344503501359,0.2788852228852229,0.007187709735511773,30.86764287103217,2.2700979522180185,1.0,0.0,1.0,0.12916893145464575,0.040765379147994954,0.4591229002657574,0.08096667141261069,-48.18871124070779,12.914999999611624,0.18023767738053453,0.0862485410310805,0.2788852228852229,0.007187709735511773,0.6418475764925099,0.11338093396826035,47.8,12.921300244170475,0.6903885678793691,0.07105341962522194,47.8,12.921300244170475,47.8,12.921300244170475,48.18871124070779,-60.58470831607506,10.486436400647287,12.914999999611624
strict_margin_010,CCB-DF,mild_left_weak,5,0.08,0.1,0.2927851281578462,0.006966280936402734,31.570463516732946,3.042670353790951,0.004491942989735089,0.0030650727805003088,8.481813585107066,1.2693682718716108,0.4771304101204746,0.050413221147157565,0.49785844064918444,0.03202103388382248,-1.3698002949911505,0.08118902526957644,0.2032399194787633,0.12330419956452982,0.0970269992009343,0.048850964887066924,0.9029730007990657,0.048850964887066924,0.2927851281578462,0.006966280936402734,30.516142721394505,1.3644688321062108,1.0,0.0,1.0,0.15575819042350483,0.05636789426821959,0.49602504763660954,0.11652775183819486,-47.09093021550787,9.161346072974808,0.2032399194787633,0.12330419956452982,0.2927851281578462,0.006966280936402734,0.6734037653337218,0.10637677829330197,47.0,8.717797887081348,0.7035447985772463,0.07335288491785184,47.0,8.717797887081348,47.0,8.717797887081348,47.09093021550787,-63.714957596629766,8.73756965238977,9.161346072974808
strict_margin_010,CCB-DF,severe_left_weak,5,0.08,0.1,0.3038694059097745,0.002631662261647492,32.48949204778707,2.299428359167493,0.005225506951241931,0.0027088447963977175,9.166193551983266,1.077182985042994,0.4288148183151256,0.00675599242228231,0.4775168805916124,0.0264224872570934,-1.4319198226589012,0.048224595731573165,0.17678356454135305,0.02067178157151701,0.09489748465176284,0.02092057277676998,0.905102515348237,0.02092057277676999,0.3038694059097745,0.002631662261647492,28.48264623185804,4.593204926004456,1.0,0.0,1.0,0.1477357365466185,0.02300985936992521,0.4760018076604299,0.01922367763473978,-42.335371913995935,9.387801091721903,0.17213240175065536,0.020682853836340147,0.3038694059097745,0.002631662261647492,0.7151059578534366,0.07384759133521962,47.4,6.829348431585549,0.7281908623269392,0.04680400288555251,47.4,6.829348431585549,47.4,6.829348431585549,42.335371913995935,-67.58653896493622,8.095230518128611,9.387801091721903
strict_margin_010,LinUCB,balanced,5,0.08,0.1,0.1591290639185376,0.03803403752985173,26.1352015031594,3.887114332724239,5.9375000000000054e-05,0.0001187500000000001,8.242929406275605,1.342126816444325,0.4780677606428661,0.014059982290251995,0.5458073199850343,0.02556959270875089,-1.220454152678797,0.09542356043735468,0.10320851735983314,0.04738707221517084,0.003125,0.006250000000000001,0.996875,0.00625,0.1591290639185376,0.03803403752985173,30.282033761335704,5.644191520071904,1.0,0.0,1.0,0.0,0.0,0.2623375812783707,0.02311131134292007,-43.484907757823166,6.765342325126633,0.10320851735983314,0.04738707221517084,0.1591290639185376,0.03803403752985173,0.6752091452857956,0.08015272085387193,51.2,10.303397497913005,0.709311357389382,0.053059793066990345,51.2,10.303397497913005,51.2,10.303397497913005,43.484907757823166,-61.59116799950283,9.094031476354282,6.765342325126633
strict_margin_010,LinUCB,mild_left_weak,5,0.08,0.1,0.16478042332194098,0.028311798986848765,30.54443509518281,2.904396393306537,0.0001700922266139659,0.00020925750482290033,8.158375496178419,1.156812187080041,0.4259064698164873,0.02442680960347872,0.4999161635174616,0.01605947054440191,-1.3402917582192775,0.0565142651574167,0.07966872211366526,0.0421252514973026,0.010408432147562582,0.013032161284720144,0.9895915678524375,0.013032161284720135,0.16478042332194098,0.028311798986848765,25.86611472067521,3.60704596046038,1.0,0.0,1.0,0.0,0.0,0.24444914543560622,0.032223152899563054,-36.19763984262128,10.626252427786868,0.07966872211366526,0.0421252514973026,0.16478042332194098,0.028311798986848765,0.639485193768609,0.05354955627510274,41.0,4.33589667773576,0.6988613680195599,0.025876198916757,41.0,4.33589667773576,41.0,4.33589667773576,36.19763984262128,-54.720835904714136,3.938326673428896,10.626252427786868
strict_margin_010,LinUCB,severe_left_weak,5,0.08,0.1,0.16566178502348713,0.046050701273035385,29.672835745133277,1.7565421475586083,0.00027811688311688254,0.00035863181944632133,9.8566753343158,0.5201046186293349,0.38976851261200807,0.017202782108026563,0.5171053078851762,0.015020109065228576,-1.353982128564941,0.04839802290783473,0.09408321162120553,0.04356098274521758,0.007207792207792207,0.008828303584081734,0.9927922077922078,0.008828303584081747,0.16566178502348713,0.046050701273035385,29.80866460152033,3.084822288615796,1.0,0.0,1.0,0.0,0.0,0.25974499664469264,0.05887097117738996,-42.64839642492474,3.389689669802627,0.09408321162120553,0.04356098274521758,0.16566178502348713,0.046050701273035385,0.7778802824720227,0.027035104981107463,51.2,3.6,0.7524421517446405,0.025600833906812108,51.2,3.6,51.2,3.6,42.64839642492474,-69.16381704853191,2.719306057614899,3.389689669802627
strict_margin_010,Thompson,balanced,5,0.08,0.1,0.22642204538756264,0.015742775299239998,27.769176845105385,3.073181269395817,0.00556388612584733,0.0029809443731495635,7.335446919579529,1.0419144957906834,0.5305074448619707,0.02827256867113895,0.544612509759572,0.019830859961437654,-1.2090568776422337,0.05063648374005786,0.2572637292464879,0.0907215965188486,0.10452831810590431,0.04988612064041973,0.8954716818940958,0.049886120640419744,0.22642204538756264,0.015742775299239998,27.455168220014883,2.5756524809869275,1.0,0.0,1.0,0.143324798604971,0.051093414796511374,0.46802516209843786,0.0969795190337431,-27.321176476663517,10.801484853448324,0.24160311671087534,0.08395496928614686,0.22642204538756264,0.015742775299239998,0.5748861763317592,0.12224524389740427,39.0,13.251415018781957,0.663898870024257,0.07669688089267443,39.0,13.251415018781957,39.0,13.251415018781957,27.321176476663517,-46.91432239041071,14.833456305495003,10.801484853448324
strict_margin_010,Thompson,mild_left_weak,5,0.08,0.1,0.22112880107270008,0.006884473466088769,33.82699658151434,6.668904450965384,0.0024729574773053064,0.0012919866640027152,8.046679337319665,1.0095807639134111,0.4332960282354392,0.027891596029543896,0.5063364628875792,0.0375305350905861,-1.3584805215613749,0.15074200524112136,0.12060323967757344,0.05939459950034845,0.04028019666168334,0.022557178143442713,0.9597198033383167,0.022557178143442706,0.22112880107270008,0.006884473466088769,24.925096836839888,4.823031515723113,1.0,0.0,1.0,0.06957138233435567,0.041079885870111285,0.3417320407502736,0.062250500452778336,-27.556739156969023,11.295799375774086,0.12060323967757344,0.05939459950034845,0.22112880107270008,0.006884473466088769,0.5099562486751723,0.15558677730720435,31.4,10.744300814850634,0.5995599344151374,0.10653500332149238,31.4,10.744300814850634,31.4,10.744300814850634,27.556739156969023,-41.26148569176256,9.09378295525795,11.295799375774086
strict_margin_010,Thompson,severe_left_weak,5,0.08,0.1,0.2276876876876877,0.021930301989543134,31.022361511217014,5.092423504877252,0.0019959520839520815,0.0015954765109449463,8.83244696760339,0.5251844088449074,0.40967160066660063,0.025115645177169126,0.5159969978044534,0.039141099661936754,-1.3373109520777724,0.12308449311321756,0.1887987657987658,0.05563304171849304,0.053733920733920734,0.015317167983533754,0.9462660792660792,0.015317167983533775,0.2276876876876877,0.021930301989543134,26.069341251912753,4.217421109242367,1.0,0.0,1.0,0.10193786093786095,0.03306906182308112,0.4129150249150249,0.040268699139124904,-40.84983139530111,11.239089118062601,0.18522733722733725,0.05559395269724785,0.2276876876876877,0.021930301989543134,0.6852377539402836,0.1395538313329522,41.2,11.338430226446693,0.7023695188133047,0.09518234027181946,41.2,11.338430226446693,41.2,11.338430226446693,40.84983139530111,-53.71952215282131,10.259396167935432,11.239089118062601
strict_margin_010,Safe-AC,balanced,5,0.08,0.1,0.20741673997997384,0.03569773891000887,27.839307700720063,4.077448585791739,0.00517677859263232,0.003777983479414335,8.075103270016768,0.8245716812186087,0.49029480795257124,0.03497887601719566,0.5288798906069887,0.02319997793967516,-1.256028215647231,0.0765520983411285,0.18896883038772166,0.12561291325978366,0.0928314631801985,0.052743237946393476,0.9071685368198015,0.05274323794639348,0.20741673997997384,0.03569773891000887,28.503182839445667,2.0076705726442867,1.0,0.0,1.0,0.10488283343590313,0.04856000225348972,0.39050321742651906,0.0946552949856483,-38.78688056999005,11.279987161650999,0.17720412450536874,0.10792557360904088,0.20741673997997384,0.03569773891000887,0.6161932892956242,0.11378940479886183,39.2,8.840814442120138,0.7051487174537183,0.08384437374826205,39.2,8.840814442120138,39.2,8.840814442120138,38.78688056999005,-48.76795496017254,9.100700531812558,11.279987161650999
strict_margin_010,Safe-AC,mild_left_weak,5,0.08,0.1,0.213296270218467,0.03205445383783848,26.561289268472546,3.195072773373853,0.0046746652584638854,0.0019132218924290446,9.11094171155938,0.7622718928000708,0.4834258766062313,0.037200564026747075,0.5416012814081892,0.015539803820504738,-1.2476828006055702,0.04186016406919042,0.21872313168651844,0.09269976024920291,0.10153640790940562,0.04667927384657291,0.8984635920905945,0.04667927384657293,0.213296270218467,0.03205445383783848,24.592656665924586,4.4363579391778805,1.0,0.0,1.0,0.13253535175731973,0.039237632221935964,0.42767157581802895,0.09968966441291205,-35.267735142715054,14.355103549658539,0.21437530559956192,0.09701095082968085,0.213296270218467,0.03205445383783848,0.6237871331043447,0.09832956969199039,39.0,7.155417527999327,0.6755190015084647,0.05925376655255545,39.0,7.155417527999327,39.0,7.155417527999327,35.267735142715054,-48.45351215883218,7.928421314180479,14.355103549658539
strict_margin_010,Safe-AC,severe_left_weak,5,0.08,0.1,0.20465142772364314,0.03321330748216512,30.223092426063705,3.006940939982507,0.0028510584071171573,0.0009684218461582498,8.224312821984133,1.161689687412916,0.39334218235864504,0.030672284535919685,0.5237389046369704,0.015765359387491,-1.3006845794337136,0.05909473870236256,0.15127803652895452,0.05724100097532867,0.07139704440806031,0.03897169816613616,0.9286029555919397,0.038971698166136166,0.20465142772364314,0.03321330748216512,26.579950124513154,3.8635953305953747,1.0,0.0,1.0,0.0960983325120412,0.027674542307518056,0.3559294642525977,0.04475918795517655,-35.43722976441403,6.907107831413932,0.15127803652895452,0.05724100097532867,0.20465142772364314,0.03321330748216512,0.7036289270992955,0.021865614751000014,42.0,2.0976176963403033,0.7226784219057711,0.01774681468705426,42.0,2.0976176963403033,42.0,2.0976176963403033,35.43722976441403,-54.50804099439698,0.71252027222105,6.907107831413932
strict_delta005_margin008,PianoMPC,balanced,5,0.05,0.08,0.01709090909090909,0.023482013514127913,39.09587765049899,2.2384081733379246,0.0036315524475524852,0.0033195587950758843,7.454033654640655,1.437245243311253,0.4975434125874128,0.017309077845588404,0.6240920185160852,0.006726392266703324,-1.2125956212185804,0.06509008678321018,0.2036783216783217,0.05427329447732706,0.10005594405594405,0.06080211716871503,0.8999440559440561,0.06080211716871503,0.01709090909090909,0.023482013514127913,22.996595328885515,4.4096548344158295,1.0,0.0,1.0,0.0,0.0,0.22076923076923077,0.06475124215453729,-15.83154636566228,5.309622723849012,0.2036783216783217,0.05427329447732706,0.01709090909090909,0.023482013514127913,0.36739739441752667,0.035072229091494614,23.0,2.1908902300206643,0.4721072189069816,0.021506864797621688,23.0,2.1908902300206643,23.0,2.1908902300206643,15.83154636566228,-27.776256695551922,1.7571038553176852,5.309622723849012
strict_delta005_margin008,PianoMPC,mild_left_weak,5,0.05,0.08,0.015407407407407408,0.02112345318238527,40.8958582391286,3.8673268511716548,0.003386339586339625,0.001940715677244637,6.8633180738918,0.9847763642983572,0.4857674959114961,0.026411781555583692,0.5952186071055353,0.014943558255386697,-1.265709886150223,0.09064003512113811,0.2540452140452141,0.08291146364118011,0.1060913900913901,0.049432811373478054,0.8939086099086099,0.04943281137347809,0.015407407407407408,0.02112345318238527,21.48324602361438,2.841221038635701,1.0,0.0,1.0,0.0,0.0,0.26945262145262144,0.06541062620626166,-22.632173910024218,5.140946333104045,0.2540452140452141,0.08291146364118011,0.015407407407407408,0.02112345318238527,0.39292980055019716,0.028404770178920572,23.4,2.244994432064365,0.4810186404934937,0.022130043056749267,23.4,2.244994432064365,23.4,2.244994432064365,22.632173910024218,-29.442148084114244,1.3723264042108356,5.140946333104045
strict_delta005_margin008,PianoMPC,severe_left_weak,5,0.05,0.08,0.02204155374887082,0.032774027951814305,41.803458586415964,2.3909581258328485,0.0024410256410256578,0.0008534109925214724,9.316492081611045,1.2128730338274862,0.46492298241956787,0.008825688377003475,0.5923276975218282,0.018187629997893442,-1.3591342140015206,0.05564430212481958,0.23585852268779095,0.06007364238149672,0.07842957403933014,0.010275076281728147,0.92157042596067,0.010275076281728144,0.02204155374887082,0.032774027951814305,21.121214707556653,3.2645594996519374,1.0,0.0,1.0,0.0,0.0,0.2579000764366618,0.07167743603756897,-32.53009483295482,11.347796750097574,0.23585852268779095,0.06007364238149672,0.02204155374887082,0.032774027951814305,0.5070165193122553,0.04661464464153896,30.0,5.692099788303083,0.5412067925401619,0.014948292249670045,30.0,5.692099788303083,30.0,5.692099788303083,32.53009483295482,-40.50760605708918,5.994330507623307,11.347796750097574
strict_delta005_margin008,BayesianMAB,balanced,5,0.05,0.08,0.12949965493443755,0.02220422624977675,31.32751606112252,3.5478990006258906,0.002704033816425113,0.00246062663648667,6.0902129138160275,0.34931925314765055,0.46278205659075217,0.0595321542607297,0.5468978735464001,0.03395420121881795,-1.19736137162911,0.09297304301258347,0.13232229123533473,0.0669277026337075,0.0623567977915804,0.04993895876797291,0.9376432022084196,0.04993895876797294,0.12949965493443755,0.02220422624977675,29.657095958732253,4.411903275482404,1.0,0.0,1.0,0.05623533471359558,0.01666265470732589,0.2618219461697723,0.06199356413445804,-24.97518762971891,10.239614776438893,0.13232229123533473,0.0669277026337075,0.12949965493443755,0.02220422624977675,0.4078232814777924,0.04848326006790534,24.8,5.5641710972974225,0.5641029939291534,0.04533443834477909,24.8,5.5641710972974225,24.8,5.5641710972974225,24.97518762971891,-29.761986461143145,6.956329334481041,10.239614776438893
strict_delta005_margin008,BayesianMAB,mild_left_weak,5,0.05,0.08,0.16342434335174807,0.030907315252632996,28.389214946237097,6.473469489741104,0.0016552045897236588,0.0008513068483530659,9.83839060922242,1.620318065187433,0.4509953778079151,0.038097586367444446,0.5483769963001959,0.040508826820432504,-1.2733563256192633,0.1121538049763249,0.164547761977889,0.0857389294931497,0.061726012644342944,0.032160345015116915,0.938273987355657,0.03216034501511692,0.16342434335174807,0.030907315252632996,27.17687047532159,4.059467188231638,1.0,0.0,1.0,0.09826975927883369,0.01703855029067345,0.3279721053296371,0.09139171300535673,-34.69565066834258,11.260308952305124,0.164547761977889,0.0857389294931497,0.16342434335174807,0.030907315252632996,0.5609768670316597,0.12525789447455096,34.4,11.825396399275586,0.6245008068464273,0.08607360752867034,34.4,11.825396399275586,34.4,11.825396399275586,34.69565066834258,-42.607119762012665,10.470204292078032,11.260308952305124
strict_delta005_margin008,BayesianMAB,severe_left_weak,5,0.05,0.08,0.13538658474142345,0.04590409623220438,33.59073958885038,3.740754883520469,0.0015688837685611887,0.0012239804790561413,8.302253818691034,0.9448632881071068,0.35017439324116745,0.09218804336054759,0.49582783508042044,0.04506030037427669,-1.3814437282679164,0.09411437520477804,0.11433179723502304,0.09953713644648611,0.0399436763952893,0.027965289323058664,0.9600563236047106,0.027965289323058678,0.13538658474142345,0.04590409623220438,21.76688627702834,4.2229993300787445,1.0,0.0,1.0,0.06972862263184844,0.044760284789060675,0.2497183819764465,0.14032300453590843,-31.157822964459903,5.142243166205019,0.11433179723502304,0.09953713644648611,0.13538658474142345,0.04590409623220438,0.5786350492180589,0.08262061342477,33.6,2.5768197453450252,0.6502010106665485,0.06259952696120133,33.6,2.5768197453450252,33.6,2.5768197453450252,31.157822964459903,-46.22278255644645,2.290914739266378,5.142243166205019
strict_delta005_margin008,CCB-DF,balanced,5,0.05,0.08,0.28193118156353447,0.009184852206724914,31.11148916201144,2.742273929141128,0.001870277883880828,0.0018940526244283773,7.077147356306047,1.211390026960262,0.48864386459129117,0.04031512977020024,0.479636687624368,0.036627772510665284,-1.347465627926462,0.10864025715535955,0.09768589253883371,0.07925006923350386,0.039061306340718104,0.03210328922958125,0.9609386936592819,0.03210328922958124,0.28193118156353447,0.009184852206724914,30.098037935914896,2.6037752903277065,1.0,0.0,1.0,0.10999809014514897,0.06385706193258975,0.3796170741023682,0.07612870063916637,-40.889033971803975,11.522593183103494,0.09768589253883371,0.07925006923350386,0.28193118156353447,0.009184852206724914,0.5512332102768411,0.11166404537118763,37.6,8.546344247688598,0.6404255708537759,0.0740364980084266,37.6,8.546344247688598,37.6,8.546344247688598,40.889033971803975,-49.797675846913954,7.419820458545466,11.522593183103494
strict_delta005_margin008,CCB-DF,mild_left_weak,5,0.05,0.08,0.2929751039920531,0.00860465641086288,29.047155074655564,3.260560069011469,0.0017791691057126961,0.001144969989958921,8.730039006499949,0.9738746260341914,0.45672261705203593,0.014426833645712298,0.5121030236968512,0.02216161162205533,-1.3226487335267596,0.08606047145032579,0.11439469529663233,0.046968369152917126,0.05794053605796947,0.02354763790293664,0.9420594639420304,0.023547637902936625,0.2929751039920531,0.00860465641086288,26.6328301239893,3.763428908472713,1.0,0.0,1.0,0.1679838623845888,0.02234713522312514,0.40736979928868544,0.045081268027897595,-41.693397673911484,4.942829203299797,0.11439469529663233,0.046968369152917126,0.2929751039920531,0.00860465641086288,0.6907887756387232,0.052615002541485836,48.6,6.343500610861482,0.7016842366160049,0.026027436679572722,48.6,6.343500610861482,48.6,6.343500610861482,41.693397673911484,-63.73905370078376,4.222644745607405,4.942829203299797
strict_delta005_margin008,CCB-DF,severe_left_weak,5,0.05,0.08,0.30221246855892775,0.005442687971946153,30.42877664155274,4.252910630934756,0.001879622303880802,0.0008007223371821779,8.599488980196018,1.1690509914146892,0.40521287145831125,0.02186918826123712,0.5015201464032387,0.03233369265410019,-1.3537554581231908,0.07771656946040774,0.09031118470464293,0.02673624134452089,0.05135515431958747,0.01974859324593334,0.9486448456804126,0.01974859324593333,0.30221246855892775,0.005442687971946153,27.990737358531135,3.4966965738706723,1.0,0.0,1.0,0.12283864366112698,0.03790488092086475,0.3925236532635707,0.029581364774517966,-49.271168756418945,12.884573692685303,0.09031118470464293,0.02673624134452089,0.30221246855892775,0.005442687971946153,0.7674158694653447,0.07784079177932675,51.0,9.528903399657276,0.7569372247060991,0.04232472535857697,51.0,9.528903399657276,51.0,9.528903399657276,49.271168756418945,-68.38531770735236,9.137125839686798,12.884573692685303
strict_delta005_margin008,LinUCB,balanced,5,0.05,0.08,0.13671027896834348,0.025545326399199632,29.123163612087115,5.0583538557654935,0.0,0.0,7.545097964704466,1.2116769513671541,0.4922346740356419,0.008062440267279003,0.5236563930045133,0.03808282916871601,-1.2699776374242693,0.10247616803487582,0.0781194074742462,0.035560392698344274,0.0,0.0,1.0,0.0,0.13671027896834348,0.025545326399199632,25.557906328395184,5.1298020195678715,1.0,0.0,1.0,0.0,0.0,0.21482968644258968,0.0511963008651077,-41.20837877893495,15.08165856060951,0.0781194074742462,0.035560392698344274,0.13671027896834348,0.025545326399199632,0.6104376956920672,0.11225785759985213,45.4,12.93986089569745,0.6780314589184773,0.06084285294844629,45.4,12.93986089569745,45.4,12.93986089569745,41.20837877893495,-56.555263481740745,12.296169624749982,15.08165856060951
strict_delta005_margin008,LinUCB,mild_left_weak,5,0.05,0.08,0.14987867855121675,0.012190729696056175,34.24867472678173,5.1861076588775,0.0002024561403508774,0.0003667155176053644,9.954038493123385,1.613044514632709,0.450980466893039,0.018341584624430796,0.4879531118912852,0.033473838856281066,-1.452879434522976,0.13546050797679413,0.07230263157894737,0.04369580141091165,0.011929824561403509,0.014778554167475567,0.9880701754385965,0.014778554167475562,0.14987867855121675,0.012190729696056175,27.03877650761558,3.863668938758661,1.0,0.0,1.0,0.0,0.0,0.22218131013016412,0.03765508077988627,-31.089253058906614,8.590131964550785,0.07230263157894737,0.04369580141091165,0.14987867855121675,0.012190729696056175,0.5923546082403993,0.11493139463141365,39.0,12.806248474865697,0.669121478943377,0.06684050992186547,39.0,12.806248474865697,39.0,12.806248474865697,31.089253058906614,-55.16344991305466,12.290991155396362,8.590131964550785
strict_delta005_margin008,LinUCB,severe_left_weak,5,0.05,0.08,0.12977349026684892,0.0316407036477586,29.20716411690544,3.1995046105493192,0.00013870967741935495,0.0002774193548387099,8.922322321066446,1.380780019487282,0.40642774887983624,0.006949498601686916,0.5186840647801294,0.01996373086239414,-1.3208393110191898,0.04447809653163021,0.05946957533295294,0.032062957380085494,0.0032258064516129032,0.006451612903225807,0.9967741935483871,0.0064516129032258,0.12977349026684892,0.0316407036477586,29.58935346090062,4.387468267996313,1.0,0.0,1.0,0.0,0.0,0.18924306559980184,0.024494793434046255,-48.28231129891769,11.212000330608774,0.05946957533295294,0.032062957380085494,0.12977349026684892,0.0316407036477586,0.7901281681843388,0.05192908598910332,52.8,5.844655678480984,0.758250647630734,0.029503107021446255,52.8,5.844655678480984,52.8,5.844655678480984,48.28231129891769,-69.49473111317137,5.562266326117945,11.212000330608774
strict_delta005_margin008,Thompson,balanced,5,0.05,0.08,0.2479236946592232,0.011101505763870404,25.721759454402605,3.6982545188637475,0.000692887316134917,0.000720318856989274,7.608452868738186,0.6515499489457152,0.4824417684099641,0.031596422958129124,0.5560345720839481,0.028528964756312725,-1.177580964476445,0.0980328621810293,0.07494978228327484,0.04921318847731802,0.026813275389267265,0.016085031347949513,0.9731867246107327,0.016085031347949523,0.2479236946592232,0.011101505763870404,29.178299601207478,2.461319385620252,1.0,0.0,1.0,0.1069243301105856,0.03869327810139694,0.32287347694249807,0.045797778317089526,-37.793561133434196,4.867380638102943,0.07494978228327484,0.04921318847731802,0.2479236946592232,0.011101505763870404,0.6558188603717258,0.06249584352006814,43.6,6.406246951218787,0.7137175076574349,0.03254254348658304,43.6,6.406246951218787,43.6,6.406246951218787,37.793561133434196,-50.80625111534425,3.8698551784318047,4.867380638102943
strict_delta005_margin008,Thompson,mild_left_weak,5,0.05,0.08,0.24878183831672204,0.011339821532464983,28.326866444887294,2.0734283973493075,0.0018681896601970053,0.0010054322469016724,8.966399577648074,0.8459986642214906,0.4575567468088827,0.020468406912614617,0.5399193554253473,0.017865706869627365,-1.2729922053940252,0.06067286450735083,0.12581016494725186,0.04901350562956254,0.05915194964154573,0.02735099199223217,0.9408480503584542,0.027350991992232163,0.24878183831672204,0.011339821532464983,30.305698481477755,3.0882002268787367,1.0,0.0,1.0,0.13571195430436556,0.03292168869206519,0.3745920032639739,0.04387550950030614,-34.346797663413994,6.389852817904893,0.12581016494725186,0.04901350562956254,0.24878183831672204,0.011339821532464983,0.6598876819933868,0.055406134282534485,44.0,6.723094525588644,0.7053147245029026,0.041257452996646626,44.0,6.723094525588644,44.0,6.723094525588644,34.346797663413994,-55.690956848008526,6.232747017889071,6.389852817904893
strict_delta005_margin008,Thompson,severe_left_weak,5,0.05,0.08,0.24994740235501708,0.00804365914239809,27.150172819827304,3.4988907521154538,0.004000586875796839,0.001750442760334881,8.82757195363265,0.6080446118588974,0.43712014077747563,0.022093874109797386,0.5381164038498449,0.02060889600620308,-1.2607923206391456,0.06795085661465096,0.16814806600640866,0.06309426896473398,0.08689767213003494,0.038077847501543374,0.913102327869965,0.038077847501543374,0.24994740235501708,0.00804365914239809,27.856413389390497,3.8202490038873127,1.0,0.0,1.0,0.14632289136768423,0.023800847988416765,0.41809546836142575,0.057487501339874625,-45.74477476233358,7.222524321791513,0.16814806600640866,0.06309426896473398,0.24994740235501708,0.00804365914239809,0.7879341454237855,0.08445977432525037,51.0,9.423375191511797,0.7896900077265746,0.0608585867203473,51.0,9.423375191511797,51.0,9.423375191511797,45.74477476233358,-63.66967989974241,8.359648680229348,7.222524321791513
strict_delta005_margin008,Safe-AC,balanced,5,0.05,0.08,0.1671895424836601,0.038330561166610384,25.6207144023923,5.754774849196655,0.0021599584076054676,0.0008289908048902168,7.639013513955225,0.7659031260311084,0.4884271360665478,0.0177785576532554,0.561039116134811,0.03235621250171235,-1.167630993289989,0.10988689461910366,0.15327391562685683,0.031748850812874305,0.05570409982174688,0.018803127278662023,0.9442959001782532,0.018803127278662037,0.1671895424836601,0.038330561166610384,28.85962645148944,2.1974235655566674,1.0,0.0,1.0,0.09502079619726678,0.01824594805214466,0.31458110516934046,0.03305679949775992,-31.947082522219375,14.395759300267914,0.14739156268568032,0.028980551585530843,0.1671895424836601,0.038330561166610384,0.6061945616922714,0.1282497523865704,43.0,12.09958676980334,0.6749300939126543,0.06556071039973857,43.0,12.09958676980334,43.0,12.09958676980334,31.947082522219375,-49.151858083424074,10.439998847231637,14.395759300267914
strict_delta005_margin008,Safe-AC,mild_left_weak,5,0.05,0.08,0.2134914811590598,0.012039898991614102,28.020147337573313,1.4722733584149095,0.0020506025369978853,0.002275631402700348,9.126331993764364,1.4392545062810398,0.45659726837458026,0.03174009541390107,0.5452530292086519,0.026087608996228098,-1.2613863714871638,0.0468327950833224,0.10752624940039442,0.06354523418252753,0.03283298097251586,0.034395559291422136,0.9671670190274841,0.03439555929142215,0.2134914811590598,0.012039898991614102,27.50873078489433,3.8086043620978876,1.0,0.0,1.0,0.11066729440190452,0.030184942839481754,0.32101773055945426,0.07345637948630937,-30.43104409754261,7.074743652780759,0.10752624940039442,0.06354523418252753,0.2134914811590598,0.012039898991614102,0.612257646594854,0.05417654857395368,39.2,4.069397989875161,0.6676002750570557,0.04781167240396462,39.2,4.069397989875161,39.2,4.069397989875161,30.43104409754261,-49.42607497990333,5.234867119229622,7.074743652780759
strict_delta005_margin008,Safe-AC,severe_left_weak,5,0.05,0.08,0.21035697713758403,0.027372959265407344,26.090582147117896,4.421995269297737,0.002066338654395862,0.0012127941546900788,9.302009842657423,1.6489155717639887,0.4084323104462624,0.034484381568095496,0.5458705844351742,0.036453264503815384,-1.247505190766565,0.12548917289233316,0.11590556723448246,0.05850732237038088,0.055140420665359624,0.028426923349955113,0.9448595793346403,0.028426923349955127,0.21035697713758403,0.027372959265407344,29.59481083449531,3.3175645060325056,1.0,0.0,1.0,0.12099248721501947,0.03177903663513108,0.32626254437206653,0.05964256798967633,-45.84708146886885,11.002399086510515,0.11590556723448246,0.05850732237038088,0.21035697713758403,0.027372959265407344,0.7865800376242595,0.08554092749149261,51.0,10.430723848324238,0.7823670658301172,0.04782671066471371,51.0,10.430723848324238,51.0,10.430723848324238,45.84708146886885,-62.551008377326625,8.347322291721278,11.002399086510515
strict_delta005_margin010,PianoMPC,balanced,5,0.05,0.1,0.007142857142857143,0.015971914124998498,38.90068075387852,1.1633631014041221,0.002061509504987791,0.0010939669286838824,8.449285607904391,1.40962471467457,0.5099141309576094,0.02076101384727472,0.6303882310184908,0.020136654588613117,-1.2316683556427916,0.0572440491466356,0.29975845410628016,0.03617547944500737,0.06837735533387708,0.020043894594138065,0.9316226446661229,0.020043894594138075,0.007142857142857143,0.015971914124998498,21.999245749235005,2.367982357167288,1.0,0.0,1.0,0.0,0.0,0.30690131124913733,0.025985063605195296,-18.842879953439738,6.942273849519315,0.29975845410628016,0.03617547944500737,0.007142857142857143,0.015971914124998498,0.39066962640890635,0.06292112343460217,25.8,5.035871324805669,0.4889655204167166,0.02658377161574282,25.8,5.035871324805669,25.8,5.035871324805669,18.842879953439738,-31.593356571067908,5.539922845072945,6.942273849519315
strict_delta005_margin010,PianoMPC,mild_left_weak,5,0.05,0.1,0.0,0.0,39.951085232382404,1.8621529775703385,0.0011676194331983949,0.0007460316583060058,8.156686690182505,1.1291427441652298,0.4894042618083672,0.012507718357438025,0.612562987596567,0.026126570697609344,-1.268028535947069,0.054763116469382714,0.3045101214574899,0.07358163211762839,0.0422442645074224,0.024901664836120718,0.9577557354925776,0.024901664836120697,0.0,0.0,19.366304442868376,1.949531872816422,1.0,0.0,1.0,0.0,0.0,0.3045101214574899,0.07358163211762839,-17.139622678349333,8.757461844376978,0.3045101214574899,0.07358163211762839,0.0,0.0,0.4490371756765306,0.041449026687612286,27.6,5.238320341483518,0.5088594185808086,0.01736250667045478,27.6,5.238320341483518,27.6,5.238320341483518,17.139622678349333,-34.825059321809896,5.54641293300997,8.757461844376978
strict_delta005_margin010,PianoMPC,severe_left_weak,5,0.05,0.1,0.01934865900383142,0.030232410094176494,40.643809247155545,1.3913766175715276,0.002220254385627716,0.0010675800382045093,8.816277988796969,1.0512743276730365,0.46539650333807475,0.010661663036036776,0.5670607040443362,0.01651823246791495,-1.366784270585808,0.033400942351006366,0.3204205076948705,0.02886766813437882,0.08826899370827408,0.02052284298525909,0.9117310062917259,0.02052284298525909,0.01934865900383142,0.030232410094176494,21.394311800433677,4.656017021783768,1.0,0.0,1.0,0.0,0.0,0.3397691666987019,0.02841906931543262,-25.91803213346314,6.877444078600689,0.3204205076948705,0.02886766813437882,0.01934865900383142,0.030232410094176494,0.5018796654767612,0.054662454281443625,27.8,4.534313619501853,0.5531116021262208,0.03157461408080719,27.8,4.534313619501853,27.8,4.534313619501853,25.91803213346314,-37.88259167610092,5.433032574485947,6.877444078600689
strict_delta005_margin010,BayesianMAB,balanced,5,0.05,0.1,0.16615844761345183,0.0505244388526931,27.658714920565,2.964625108892274,0.000751183521620862,0.0013951125798648647,8.23602887471025,0.5774011897678886,0.4650933413534338,0.04974209292958315,0.573319588372849,0.012365179757932422,-1.1844059263372815,0.050388009705457294,0.1397662782439906,0.0451885237534445,0.0281409668709921,0.01742308959680824,0.9718590331290079,0.01742308959680824,0.16615844761345183,0.0505244388526931,27.129200873342768,3.3926912561636895,1.0,0.0,1.0,0.09242680251931723,0.04022195380778434,0.3059247258574424,0.06657945410655676,-33.39457335099639,9.969743233555933,0.1397662782439906,0.0451885237534445,0.16615844761345183,0.0505244388526931,0.5761510620778445,0.028538299752352433,35.2,4.019950248448357,0.6678015854730581,0.02317553822774492,35.2,4.019950248448357,35.2,4.019950248448357,33.39457335099639,-41.53126777744025,3.5398968694346857,9.969743233555933
strict_delta005_margin010,BayesianMAB,mild_left_weak,5,0.05,0.1,0.12841522147272497,0.061479561184153736,33.1717485815861,3.6564375816669683,0.0010934081346423573,0.0016732604750211973,9.418590689097092,0.7561328920888405,0.39260790534072443,0.07933347677237795,0.5220331275388506,0.031324443052599016,-1.3578441628619875,0.08265515754716897,0.14131844727917658,0.09275576344109168,0.045441795231416546,0.04121227149498207,0.9545582047685836,0.041212271494982064,0.12841522147272497,0.061479561184153736,25.932966979793882,4.739317677666068,1.0,0.0,1.0,0.0813263874974955,0.06509664764784515,0.2697336687519016,0.1516215368102083,-18.629520870966854,11.25886260704461,0.14131844727917658,0.09275576344109168,0.12841522147272497,0.061479561184153736,0.46239194785957816,0.0676103053837248,26.4,3.0724582991474434,0.5994566819407996,0.03850035006117825,26.4,3.0724582991474434,26.4,3.0724582991474434,18.629520870966854,-35.61294583165409,2.31636289933703,11.25886260704461
strict_delta005_margin010,BayesianMAB,severe_left_weak,5,0.05,0.1,0.14085061137692717,0.03802440090593318,29.404149106030427,4.663668067199242,0.0017455874534821896,0.0020930857326060966,8.700534753654873,1.1850043552534293,0.35613221690590113,0.07949831632156283,0.5218415007958089,0.02691175690288212,-1.3017655976416642,0.060132878257523725,0.1401116427432217,0.09547183192596549,0.059101541733120676,0.04534348083963788,0.9408984582668793,0.04534348083963788,0.14085061137692717,0.03802440090593318,27.42493207184243,4.024695226080418,1.0,0.0,1.0,0.09517278043593833,0.05047454799542253,0.28096225412014886,0.1326662106373097,-28.869843383542978,10.421930102948545,0.1401116427432217,0.09547183192596549,0.14085061137692717,0.03802440090593318,0.6487365033339839,0.09837773941140031,38.0,5.89915248150105,0.6751259285172093,0.08493339272441858,38.0,5.89915248150105,38.0,5.89915248150105,28.869843383542978,-49.28778196556992,6.758092721503801,10.421930102948545
strict_delta005_margin010,CCB-DF,balanced,5,0.05,0.1,0.290692010585795,0.004524435040076922,28.391092813515456,5.925472205864618,0.002774607443435142,0.0026298021653270976,7.933085711075739,0.7844074448151659,0.5069364171613858,0.028450671349064056,0.512732750798729,0.045385612688866594,-1.2897885002680582,0.13767273833355212,0.15849605416875284,0.06471463174109163,0.058753904107956036,0.03608578842490912,0.9412460958920439,0.03608578842490912,0.290692010585795,0.004524435040076922,27.358997939234865,3.701021232124429,1.0,0.0,1.0,0.17534379991893762,0.029302142803901827,0.44502139808788116,0.05584615447458921,-41.128208313180025,9.192945555793859,0.15432938750208616,0.05763352335691298,0.290692010585795,0.004524435040076922,0.614407296099466,0.08122992642340848,44.8,9.453041838477178,0.6609755627487506,0.04633042715926373,44.8,9.453041838477178,44.8,9.453041838477178,41.128208313180025,-56.53519252638849,6.4747179041987994,9.192945555793859
strict_delta005_margin010,CCB-DF,mild_left_weak,5,0.05,0.1,0.29609604820131136,0.0064207328774846546,33.59921239814959,6.551138224188526,0.004029654439128132,0.0021077353766824998,9.293145504139062,0.8188407905757389,0.4620360871876662,0.02989156341366481,0.47503774025629786,0.05823769791375762,-1.4504824361334425,0.1538585291286148,0.1545826687931951,0.07257155992064503,0.08727804359383305,0.042190846813831465,0.9127219564061668,0.042190846813831465,0.29609604820131136,0.0064207328774846546,23.63894667120799,5.44473105587798,1.0,0.0,1.0,0.15605174552542972,0.04687643504230175,0.4470423533581428,0.06686327471161072,-38.245575228363855,17.01214341991237,0.15094630515683147,0.06774425193509516,0.29609604820131136,0.0064207328774846546,0.6034039804905269,0.13996999322503662,42.6,11.568923891183656,0.6390360367890612,0.09944963583325037,42.6,11.568923891183656,42.6,11.568923891183656,38.245575228363855,-60.02077768001018,10.233200655071336,17.01214341991237
strict_delta005_margin010,CCB-DF,severe_left_weak,5,0.05,0.1,0.29685425033771473,0.005872517186969777,29.90594337134716,4.905131222263526,0.0030602608713645955,0.0032658674472883994,9.360950742880751,1.238758523838139,0.41282301334768673,0.056567454200940726,0.5000456243150306,0.03050765946141546,-1.3705876132894452,0.07193803483380128,0.15600891657783425,0.1193664602895929,0.07982072377019186,0.059109329774719666,0.920179276229808,0.059109329774719686,0.29685425033771473,0.005872517186969777,28.255154566291964,5.281185547831145,1.0,0.0,1.0,0.14663502461548253,0.05509155192412548,0.452863166915549,0.11434496992556802,-46.03156678036326,14.088872566671567,0.15600891657783425,0.1193664602895929,0.29685425033771473,0.005872517186969777,0.7572735583364614,0.09767801227458796,52.0,11.189280584559492,0.7492709268496113,0.059117099723519875,52.0,11.189280584559492,52.0,11.189280584559492,46.03156678036326,-70.51550823818386,11.852871054566592,14.088872566671567
strict_delta005_margin010,LinUCB,balanced,5,0.05,0.1,0.1414132802879606,0.04200040705174431,29.832273457540385,3.70679052103889,0.0001086956521739112,0.0002173913043478224,8.109924302934143,0.7423070123471336,0.48567882921284455,0.01586131174842122,0.52384123485562,0.03166921401781175,-1.291428690065239,0.08353143867910351,0.11250355214549587,0.05748871986936444,0.008695652173913044,0.017391304347826087,0.9913043478260869,0.017391304347826077,0.1414132802879606,0.04200040705174431,26.389894239055728,4.158459517637315,1.0,0.0,1.0,0.0,0.0,0.2539168324334565,0.062362542004705826,-37.796448859596225,10.265440114151806,0.11250355214549587,0.05748871986936444,0.1414132802879606,0.04200040705174431,0.5654259318391661,0.08513536899685542,39.8,7.909487973314076,0.6307963944584872,0.048508646815756895,39.8,7.909487973314076,39.8,7.909487973314076,37.796448859596225,-50.85868145671774,8.179090970103813,10.265440114151806
strict_delta005_margin010,LinUCB,mild_left_weak,5,0.05,0.1,0.174987479840421,0.023855491566003705,28.46629889762671,4.8859751144533545,0.00012121212121212132,0.00024242424242424264,7.388824846557742,1.088741745115441,0.42415551116204053,0.013250821790880773,0.5309872938182147,0.03387002790190669,-1.2499710371458224,0.11795599176717472,0.07425367116543587,0.028089926693926476,0.0030303030303030303,0.006060606060606061,0.9969696969696968,0.006060606060606055,0.174987479840421,0.023855491566003705,31.016187049509814,4.82568983388731,1.0,0.0,1.0,0.0,0.0,0.2492411510058569,0.031119398921302645,-56.42461943523182,14.6010413544652,0.07425367116543587,0.028089926693926476,0.174987479840421,0.023855491566003705,0.7358343695454739,0.12004358573208941,52.4,12.009995836801941,0.7590566111984041,0.07270283663181404,52.4,12.009995836801941,52.4,12.009995836801941,56.42461943523182,-64.21362389479035,10.705626018469946,14.6010413544652
strict_delta005_margin010,LinUCB,severe_left_weak,5,0.05,0.1,0.18819832011465704,0.02041936053061192,31.082150972396647,6.272449286534362,0.0001336677115987458,0.00017127920788635124,9.468952105805725,1.3064602930256228,0.37312084964969083,0.015811447061975303,0.5125217896899649,0.035238245818598773,-1.3675394369290914,0.11966218606115128,0.08381268878725068,0.05478409066429345,0.007084639498432602,0.00868197084544891,0.9929153605015675,0.008681970845448918,0.18819832011465704,0.02041936053061192,31.049406732657065,2.888554578901846,1.0,0.0,1.0,0.0,0.0,0.2720110089019077,0.06574803992890733,-43.64269546622232,10.852794804468399,0.08381268878725068,0.05478409066429345,0.18819832011465704,0.02041936053061192,0.7661882164688159,0.11874172648623721,50.4,10.229369482035537,0.7600952194667546,0.07627156691721092,50.4,10.229369482035537,50.4,10.229369482035537,43.64269546622232,-67.7475630807851,9.268051316715876,10.852794804468399
strict_delta005_margin010,Thompson,balanced,5,0.05,0.1,0.24201289207868154,0.018140261585113043,27.240738090149684,3.901079841976603,0.002530467171717169,0.0015549017711028563,7.154761967896578,0.9084711490439504,0.4955764048378522,0.020296678297905154,0.5489525170352617,0.027210240874607727,-1.1956048045183572,0.07942560200186352,0.1478475544922913,0.03995438810537233,0.049530834662413606,0.016327454273584896,0.9504691653375865,0.016327454273584917,0.24201289207868154,0.018140261585113043,28.420060664378717,4.072296116618742,1.0,0.0,1.0,0.12788144603934076,0.03758731270256387,0.38986044657097285,0.03464975828203578,-35.14711135054923,10.808212003303629,0.1478475544922913,0.03995438810537233,0.24201289207868154,0.018140261585113043,0.6312744264103639,0.09150488657085439,43.6,7.964923100695952,0.7042688317672978,0.0654718090597294,43.6,7.964923100695952,43.6,7.964923100695952,35.14711135054923,-51.57087011831366,6.829085439399148,10.808212003303629
strict_delta005_margin010,Thompson,mild_left_weak,5,0.05,0.1,0.2422483036860444,0.017757928756883597,29.162712702611724,1.927962604485165,0.0011162030075187966,0.0006164759776452152,8.983039277754063,0.693002527142476,0.4368579845956354,0.010277868883007935,0.533758446441202,0.014443444112811432,-1.2899470714610592,0.0423021273418302,0.10823399963322941,0.028385019274459612,0.036954887218045115,0.021596623710431608,0.9630451127819549,0.021596623710431608,0.2422483036860444,0.017757928756883597,28.367866665105957,3.101050533985329,1.0,0.0,1.0,0.09309279295800478,0.024018605502122654,0.35048230331927377,0.0430319638802938,-36.651896395687125,9.653052825270027,0.10823399963322941,0.028385019274459612,0.2422483036860444,0.017757928756883597,0.6198675837016836,0.03674242055675171,38.8,2.1354156504062622,0.6722107289011491,0.042010891088608567,38.8,2.1354156504062622,38.8,2.1354156504062622,36.651896395687125,-50.069808841606644,3.4444058600109706,9.653052825270027
strict_delta005_margin010,Thompson,severe_left_weak,5,0.05,0.1,0.2307953484424073,0.015490666996935794,27.803587545993047,3.072124058389386,0.00406272387742976,0.0010708085813272265,10.34251732674139,1.3867496058419915,0.4459234445293269,0.03599573328253474,0.5383431436897418,0.010973532409647576,-1.3068961193201,0.042994759538123616,0.2177446736270266,0.08873999640875194,0.08827349121466768,0.04880273742027124,0.9117265087853322,0.048802737420271226,0.2307953484424073,0.015490666996935794,29.674479125279408,2.5501468321931227,1.0,0.0,1.0,0.15355657414480944,0.031210728161221817,0.44399456752397926,0.07508209002525658,-42.4100103340699,10.80471698444687,0.21319921908157205,0.08268471176479145,0.2307953484424073,0.015490666996935794,0.7462454385252493,0.05439657858033521,44.8,5.706137047074843,0.7574074119873204,0.04659127404867237,44.8,5.706137047074843,44.8,5.706137047074843,42.4100103340699,-58.39487019888992,6.510625581174075,10.80471698444687
strict_delta005_margin010,Safe-AC,balanced,5,0.05,0.1,0.1892575643714427,0.039929638359823966,28.425258615977828,3.281769902321893,0.002621171105718939,0.001293776098075559,8.258587183075955,1.0372983919686758,0.5011077716034972,0.02550607190843142,0.5595869993440539,0.022894300813930422,-1.222737001281533,0.08070166221494215,0.1848674148487906,0.03873142881561382,0.06498051009036866,0.02717253256804244,0.9350194899096312,0.027172532568042446,0.1892575643714427,0.039929638359823966,27.17781406358037,1.906895933446123,1.0,0.0,1.0,0.11022598569233825,0.015538406523795316,0.37412497922023324,0.015969380316506424,-31.287536270766633,10.218154215633517,0.1848674148487906,0.03873142881561382,0.1892575643714427,0.039929638359823966,0.609760003541075,0.0804049339623889,42.4,8.593020423576334,0.6819165160194425,0.06059554966302967,42.4,8.593020423576334,42.4,8.593020423576334,31.287536270766633,-51.42477200671779,8.933352211891203,10.218154215633517
strict_delta005_margin010,Safe-AC,mild_left_weak,5,0.05,0.1,0.1922409719093161,0.040939943281762314,26.379979832390614,2.325287290835226,0.001806988092291615,0.001270852698774466,8.068161410358758,1.148550350918909,0.44557196398706217,0.026497224569466772,0.5554457398375583,0.0159114875060186,-1.198411281296286,0.03885420186630856,0.16333489451450017,0.07811646703591683,0.04725979704644832,0.02823705502693399,0.9527402029535518,0.02823705502693398,0.1922409719093161,0.040939943281762314,33.07395799395019,2.4728102885125987,1.0,0.0,1.0,0.10602705624271502,0.04021262049479812,0.3555758664238162,0.060010287331844214,-39.034369235889365,13.495988830751095,0.16333489451450017,0.07811646703591683,0.1922409719093161,0.040939943281762314,0.6764115536416427,0.07457843479624657,43.4,7.4993333037010705,0.7209225319477601,0.0362630215237485,43.4,7.4993333037010705,43.4,7.4993333037010705,39.034369235889365,-51.819680597617705,8.215886071459709,13.495988830751095
strict_delta005_margin010,Safe-AC,severe_left_weak,5,0.05,0.1,0.20702003878474468,0.007583445882155712,32.65637629925394,6.498424910085908,0.0015223943115707807,0.001203972506848835,9.302613473207202,1.2198318365706207,0.3971496867054514,0.03577438917394633,0.4972027514176519,0.05003805876781088,-1.399189681300744,0.1353275009063731,0.12131523378582201,0.0749661760866438,0.04702176255117431,0.034397558220126676,0.9529782374488256,0.03439755822012667,0.20702003878474468,0.007583445882155712,28.144733830881375,2.6007039532613785,1.0,0.0,1.0,0.11539237233354879,0.025742440824077402,0.3283352725705667,0.08090541857648449,-32.05821608488684,14.762865592883934,0.12131523378582201,0.0749661760866438,0.20702003878474468,0.007583445882155712,0.6495305421633623,0.13183574066976178,38.4,8.522910301065007,0.6975149140403978,0.0906348000011907,38.4,8.522910301065007,38.4,8.522910301065007,32.05821608488684,-52.600015683421624,7.240721271647932,14.762865592883934
relaxed_delta010_margin008,PianoMPC,balanced,5,0.1,0.08,0.02791762013729977,0.025757687533647978,40.28282699946456,1.836727612756461,0.0014759725400457873,0.001112094244758304,7.3116786238116305,0.9672049708257452,0.48090051047350835,0.026946391748384164,0.6337873284816147,0.006749626035893837,-1.207512349589906,0.03891532926807277,0.18408730857243444,0.03131455808585046,0.07121985565921493,0.024406179472177377,0.928780144340785,0.02440617947217738,0.02791762013729977,0.025757687533647978,21.89842154334651,2.7525964088966433,1.0,0.0,1.0,0.0,0.0,0.21200492870973422,0.03817855476525828,-18.95339459022215,4.098752737178996,0.18408730857243444,0.03131455808585046,0.02791762013729977,0.025757687533647978,0.35985342244941954,0.047007922446623635,22.8,2.2271057451320084,0.4747757774288301,0.027766192151887865,22.8,2.2271057451320084,22.8,2.2271057451320084,18.95339459022215,-27.578484423624094,3.260766407001152,4.098752737178996
relaxed_delta010_margin008,PianoMPC,mild_left_weak,5,0.1,0.08,0.0230997150997151,0.021113075716669198,40.757580065456956,2.2889766801899847,0.0032391844419670905,0.0025315372829377825,8.195692618879031,1.411409698580329,0.4926354713241672,0.020350282454646353,0.6166417425837909,0.011263604728085313,-1.2700702234165966,0.046527638127903684,0.24534076551467857,0.0784459917153077,0.09137668772451381,0.053059857329797636,0.9086233122754862,0.05305985732979763,0.0230997150997151,0.021113075716669198,20.630777447205677,4.808694854026194,1.0,0.0,1.0,0.0,0.0,0.2684404806143937,0.05869184191689497,-26.17357091385158,3.47452328279721,0.24534076551467857,0.0784459917153077,0.0230997150997151,0.021113075716669198,0.4120958317475146,0.01574998410593592,24.8,1.5999999999999999,0.49438869959170456,0.026583803734278648,24.8,1.5999999999999999,24.8,1.5999999999999999,26.17357091385158,-31.49564885865066,2.3682875046466916,3.47452328279721
relaxed_delta010_margin008,PianoMPC,severe_left_weak,5,0.1,0.08,0.04017857142857143,0.04211598719668126,39.17121896595034,1.7228853955201389,0.0007200952380952448,0.0008164876049704009,9.011543202517457,1.0956785348778388,0.44131571428571437,0.03231006553218175,0.5828091834105027,0.019521900947878718,-1.3279880407397702,0.0540778035811974,0.17861904761904762,0.0701372156914096,0.04695238095238095,0.031218053965999165,0.9530476190476189,0.03121805396599917,0.04017857142857143,0.04211598719668126,23.556231603088527,2.704921910698616,1.0,0.0,1.0,0.0,0.0,0.21879761904761902,0.04757915739923168,-24.114996975980137,6.026353838137111,0.17861904761904762,0.0701372156914096,0.04017857142857143,0.04211598719668126,0.49143682399435706,0.0313095357220025,27.4,2.8000000000000003,0.5322020861690315,0.014462354305560317,27.4,2.8000000000000003,27.4,2.8000000000000003,24.114996975980137,-36.36203330210742,3.7281504297140375,6.026353838137111
relaxed_delta010_margin008,BayesianMAB,balanced,5,0.1,0.08,0.1303774755680382,0.0634891786515333,30.416069108006365,1.9950822849448782,0.003967538891676838,0.004184215956433954,7.416756908040935,0.8631243897120116,0.4278074844074844,0.11982888187296976,0.531805407603297,0.053793396798465426,-1.2564927184740489,0.08031626125920342,0.14472646596058575,0.1271733909073117,0.08288954876976655,0.07401682786074883,0.9171104512302335,0.07401682786074884,0.1303774755680382,0.0634891786515333,25.168272923433502,3.1131741915767046,1.0,0.0,1.0,0.05940776739324834,0.049230748578543794,0.27510394152862394,0.1771295017447453,-20.745781609724794,9.314487532617736,0.14472646596058575,0.1271733909073117,0.1303774755680382,0.0634891786515333,0.47328698529294744,0.1087109914688756,30.4,6.216108107168021,0.5861512132033421,0.08480167411672933,30.4,6.216108107168021,30.4,6.216108107168021,20.745781609724794,-38.096541208587645,7.793794205683572,9.314487532617736
relaxed_delta010_margin008,BayesianMAB,mild_left_weak,5,0.1,0.08,0.13237105751391465,0.05670114182406559,31.041651967775056,4.382525446127713,0.004168934755720476,0.0034716719378169772,7.662272351590405,1.475417670989274,0.4194603197278911,0.06891151916089189,0.5316129404990965,0.040197244929272125,-1.2767354106867956,0.08659218958415049,0.13068583797155225,0.07886317201298626,0.08779870129870129,0.04909325467571027,0.9122012987012986,0.04909325467571027,0.13237105751391465,0.05670114182406559,23.786273014784847,2.928311949056657,1.0,0.0,1.0,0.07563203463203463,0.053736425257794325,0.2589752628324057,0.11729609327987879,-30.522727643046597,11.465458453015897,0.12660420531849104,0.07311303085748315,0.13237105751391465,0.05670114182406559,0.5756863216924881,0.1404498517565232,36.0,10.620734437881403,0.6337588897380788,0.08772991567363068,36.0,10.620734437881403,36.0,10.620734437881403,30.522727643046597,-45.06895441669991,10.356359834957997,11.465458453015897
relaxed_delta010_margin008,BayesianMAB,severe_left_weak,5,0.1,0.08,0.17814285714285713,0.049181048282891264,32.90574519041729,4.8479244393530445,0.004254000000000006,0.0035404496889519604,8.831859471145508,0.8327995137024943,0.39810942857142867,0.09314540099768973,0.5213322715743167,0.03528111889676284,-1.3490422323775444,0.0875269627091498,0.185,0.11672617529928753,0.06614285714285714,0.04265571713242708,0.9338571428571427,0.04265571713242707,0.17814285714285713,0.049181048282891264,26.468317454764282,3.7052445770587057,1.0,0.0,1.0,0.08185714285714286,0.0528754794449243,0.35814285714285715,0.1461561926606643,-28.41608168783581,9.936134310538424,0.18,0.10954451150103323,0.17814285714285713,0.049181048282891264,0.6041382036585381,0.1317804375260173,35.6,8.912911982062878,0.6639837692372517,0.09078128506595982,35.6,8.912911982062878,35.6,8.912911982062878,28.41608168783581,-47.3289819344259,9.04240171740204,9.936134310538424
relaxed_delta010_margin008,CCB-DF,balanced,5,0.1,0.08,0.2794609164420485,0.010626639030818645,32.24819469744576,2.8188123393777054,0.007904513327343524,0.004750771947909086,7.851128318338067,0.7915763949172362,0.539193884396526,0.040489228120277845,0.498839820365861,0.020684853905470556,-1.3584184466566906,0.07299105299125115,0.15311769991015273,0.12298511639894259,0.11997903563941299,0.07151610123350834,0.880020964360587,0.07151610123350835,0.2794609164420485,0.010626639030818645,26.135326853663194,2.5229262048215544,1.0,0.0,1.0,0.13609763402216232,0.03717229963469783,0.42781671159029655,0.1045335003292725,-40.150550374316104,9.218612161429117,0.14835579514824798,0.11318059295228912,0.2794609164420485,0.010626639030818645,0.59034460592703,0.06732094569224326,42.2,6.554387843269576,0.6625039465947895,0.06215883991655033,42.2,6.554387843269576,42.2,6.554387843269576,40.150550374316104,-56.99484708584576,6.883664725332207,9.218612161429117
relaxed_delta010_margin008,CCB-DF,mild_left_weak,5,0.1,0.08,0.2943682917857954,0.006255852042169471,31.747345690368157,3.8820863884687045,0.006058788058214183,0.002533007566637089,8.554292878536177,1.0585759513021151,0.47491258323482144,0.04374191863215239,0.48047640725427837,0.04232200129111635,-1.3984270556094411,0.1002047189624084,0.14273375277679437,0.07010513419997971,0.11065371208843233,0.04546426740080891,0.8893462879115678,0.04546426740080891,0.2943682917857954,0.006255852042169471,27.65381725661386,3.284835923271864,1.0,0.0,1.0,0.13684291159183554,0.039647421186705126,0.4339274413879866,0.06010363323840014,-42.362478168291,17.128944594658478,0.1395591496021912,0.06487128164843943,0.2943682917857954,0.006255852042169471,0.6090388333290514,0.14473123834874518,43.0,12.83744522870497,0.6421829366378381,0.10406028078319439,43.0,12.83744522870497,43.0,12.83744522870497,42.362478168291,-58.915130934810335,13.564997302089791,17.128944594658478
relaxed_delta010_margin008,CCB-DF,severe_left_weak,5,0.1,0.08,0.302833404454102,0.0053287129943650905,33.134563483942145,2.743005800261275,0.00790631915288991,0.0063402323303557205,8.563839182272218,0.9224718159750924,0.4433900354285717,0.046538802765422854,0.47785034495469486,0.024728282721351476,-1.4244187911252788,0.052494162039473845,0.19129657289810603,0.12039472769217663,0.11408875533554116,0.0734667071233536,0.8859112446644588,0.0734667071233536,0.302833404454102,0.0053287129943650905,24.66229385483044,3.7163746876716,1.0,0.0,1.0,0.1520688063197766,0.06260741791877979,0.4858605826378005,0.10909670901648531,-38.68495221228961,6.962319968466375,0.18302717818369857,0.11436653332985991,0.302833404454102,0.0053287129943650905,0.7199024403854302,0.04988359185847057,47.6,4.882622246293481,0.7170964244029753,0.03362598520834853,47.6,4.882622246293481,47.6,4.882622246293481,38.68495221228961,-67.61200318454617,5.4779908220758635,6.962319968466375
relaxed_delta010_margin008,LinUCB,balanced,5,0.1,0.08,0.14844708068734352,0.04426862323596977,29.416765601010958,5.016095030395454,2.857142857142939e-05,5.714285714285879e-05,7.448076883552256,0.35887852602021236,0.48761505735803007,0.016676889377083108,0.5164712636525153,0.04046444466014318,-1.2809316944920002,0.11479208000008143,0.04572435735710482,0.04942113318745188,0.0035714285714285713,0.007142857142857143,0.9964285714285716,0.007142857142857162,0.14844708068734352,0.04426862323596977,27.020558820843938,5.024490201869356,1.0,0.0,1.0,0.0,0.0,0.19417143804444834,0.04862996099857223,-38.2556623841121,12.126518521993248,0.04572435735710482,0.04942113318745188,0.14844708068734352,0.04426862323596977,0.5831217051444859,0.124162933609803,42.2,9.867117106835208,0.6541073344723414,0.08129465154542725,42.2,9.867117106835208,42.2,9.867117106835208,38.2556623841121,-52.980824461011615,8.369895468676292,12.126518521993248
relaxed_delta010_margin008,LinUCB,mild_left_weak,5,0.1,0.08,0.16866942581228295,0.03307158470622345,29.425428964711053,5.537088732127923,7.755102040816289e-05,0.00015510204081632578,7.457407155787527,0.7408772260331843,0.43467762713477,0.013300866284370062,0.514566765016549,0.038557798975409646,-1.2845493158002017,0.13276897915680788,0.057573379001950434,0.0428376998962574,0.008163265306122448,0.016326530612244896,0.9918367346938777,0.016326530612244917,0.16866942581228295,0.03307158470622345,28.202232477942157,7.734444093244327,1.0,0.0,1.0,0.0,0.0,0.2262428048142334,0.05130203772256126,-44.19402413020469,9.775652490407342,0.057573379001950434,0.0428376998962574,0.16866942581228295,0.03307158470622345,0.632616976132497,0.11943859426781353,42.6,9.024411338142782,0.6668681728993867,0.07757221785335876,42.6,9.024411338142782,42.6,9.024411338142782,44.19402413020469,-53.54391278034914,7.293395076904127,9.775652490407342
relaxed_delta010_margin008,LinUCB,severe_left_weak,5,0.1,0.08,0.1390845070422535,0.04241216306374331,29.953980566023983,3.290073735522093,7.031354795439414e-05,8.72749368352845e-05,8.958774329828596,0.9215243885392417,0.4066187737536329,0.009348414665645975,0.5191916424636176,0.028602648438897933,-1.3281367597493616,0.05702170041138796,0.09075005589090096,0.03058185957533152,0.015912139503688798,0.015718759212141477,0.9840878604963113,0.01571875921214147,0.1390845070422535,0.04241216306374331,27.7952759348688,3.3623427511668997,1.0,0.0,1.0,0.0,0.0,0.2298345629331545,0.050111953694511394,-45.589439906675565,12.65560898881447,0.09075005589090096,0.03058185957533152,0.1390845070422535,0.04241216306374331,0.7353724527487536,0.09440474725771167,49.0,11.865917579353061,0.7239776703936316,0.0659264536267801,49.0,11.865917579353061,49.0,11.865917579353061,45.589439906675565,-64.43338174584976,12.539593952735913,12.65560898881447
relaxed_delta010_margin008,Thompson,balanced,5,0.1,0.08,0.24233899279195445,0.014960097638581842,24.81061829999727,2.1261962506562146,0.007947231997580417,0.002290423152392505,7.65771232516239,0.8869123904982325,0.547229057972612,0.03793562137874035,0.5635847956686408,0.01987363850474188,-1.1578647220433451,0.04920946699861432,0.22376071470148123,0.062256898511277775,0.14633387518404942,0.04576523537102125,0.8536661248159506,0.04576523537102124,0.24233899279195445,0.014960097638581842,29.50248894105589,4.144912343321223,1.0,0.0,1.0,0.1447045521261549,0.04759875502881325,0.4620180748403745,0.059640220024743576,-33.486433388977034,9.4399502932928,0.21967908204842002,0.059458282061449506,0.24233899279195445,0.014960097638581842,0.6477207709353487,0.05285509948931853,43.6,3.4409301068170506,0.7124340376651022,0.03671848957103804,43.6,3.4409301068170506,43.6,3.4409301068170506,33.486433388977034,-50.4235875603303,3.917794692769394,9.4399502932928
relaxed_delta010_margin008,Thompson,mild_left_weak,5,0.1,0.08,0.23736702988456146,0.009747393035189284,27.757831464120624,4.235029591556018,0.011483848131765385,0.006067056517563404,8.61354197659832,0.9931946326063877,0.5217855164766665,0.03531436991905912,0.5488149623406119,0.02312239268165546,-1.2450538653303935,0.05973287667014205,0.2580254971769699,0.0626295089464904,0.16901415710672374,0.07255128278738424,0.8309858428932761,0.07255128278738422,0.23736702988456146,0.009747393035189284,28.106793392800636,3.408149038269714,1.0,0.0,1.0,0.13055609498807252,0.026121026907927006,0.49539252706153125,0.06082054918755445,-40.233347782744964,10.20060172703009,0.2580254971769699,0.0626295089464904,0.23736702988456146,0.009747393035189284,0.6828100487009211,0.06745606636708358,44.6,9.28654941299512,0.7150421449417449,0.043326186887161736,44.6,9.28654941299512,44.6,9.28654941299512,40.233347782744964,-55.095768148830985,9.080848205135943,10.20060172703009
relaxed_delta010_margin008,Thompson,severe_left_weak,5,0.1,0.08,0.24898403483309145,0.016736683614623313,33.680950039355025,5.121294335798438,0.005291600145137868,0.0054537124028231935,8.41985150665911,0.43714202738279273,0.42839099056603774,0.045216389149736275,0.49050528047374053,0.024072391211748794,-1.3981874548258837,0.09051950359601872,0.16374092888243832,0.1388964186895348,0.08375302370585389,0.07257265790349604,0.9162469762941461,0.07257265790349601,0.24898403483309145,0.016736683614623313,21.632953724815728,3.531595624194774,1.0,0.0,1.0,0.10831277213352686,0.05526524583165768,0.4089513788098694,0.13512379918319253,-32.319628072098965,7.7584754512044505,0.15996734397677792,0.13171239434501478,0.24898403483309145,0.016736683614623313,0.6243334194917693,0.12960053989643044,37.4,10.910545357588685,0.6767180700790928,0.09407177282250419,37.4,10.910545357588685,37.4,10.910545357588685,32.319628072098965,-51.481314394757206,12.318212951899211,7.7584754512044505
relaxed_delta010_margin008,Safe-AC,balanced,5,0.1,0.08,0.18478116139770276,0.025512924593705612,27.779604121175424,5.950671831277225,0.006020087283846689,0.0036679572933272556,8.493521977980384,0.8112856615267205,0.5270649219574032,0.031059754553609733,0.5514768967251308,0.027370791855307854,-1.2329101312675264,0.10389834087145576,0.22973185860403905,0.07364161113905837,0.10449047328746577,0.040886774075227075,0.8955095267125343,0.04088677407522706,0.18478116139770276,0.025512924593705612,28.616201814694488,3.8977021659570754,1.0,0.0,1.0,0.1093230179696345,0.047319397019561185,0.41100424807191727,0.08255740736641023,-34.262502913165335,13.284660426738867,0.22622308667421448,0.06988309122223764,0.18478116139770276,0.025512924593705612,0.6082483597777032,0.08919335469658396,41.2,10.4,0.6788081460293685,0.05385070374368254,41.2,10.4,41.2,10.4,34.262502913165335,-49.77960902674941,8.561879943559365,13.284660426738867
relaxed_delta010_margin008,Safe-AC,mild_left_weak,5,0.1,0.08,0.1966528640441684,0.03453121961939612,29.797677615962943,7.056583266850903,0.009123671497584557,0.005962051984345581,8.896245686755565,1.1229776375989131,0.5106233954451346,0.05211524689647746,0.5444839782275205,0.020453768427159253,-1.277599141172153,0.07098880706764316,0.26128364389233955,0.09993972336071441,0.15741890959282262,0.0666898991763485,0.8425810904071774,0.06668989917634847,0.1966528640441684,0.03453121961939612,27.834235704597376,5.483353933889279,1.0,0.0,1.0,0.09554865424430642,0.03595982182808221,0.4531746031746032,0.10868959966498103,-31.77849974600762,12.390496994774246,0.25652173913043474,0.10046856587097645,0.1966528640441684,0.03453121961939612,0.598029807069779,0.12283044685820599,36.2,8.49470423263812,0.662794961058239,0.09518640626647465,36.2,8.49470423263812,36.2,8.49470423263812,31.77849974600762,-45.6537472937995,8.8549846005006,12.390496994774246
relaxed_delta010_margin008,Safe-AC,severe_left_weak,5,0.1,0.08,0.2085858585858586,0.03188625074275676,28.90630267889527,4.551543262740038,0.012550937062937053,0.004872830860067374,8.530837833400032,0.5353104983189512,0.4544145858585858,0.040403352293817335,0.5274175693500922,0.018957604609387148,-1.2895955581459198,0.07977596606782444,0.25650194250194247,0.11074916629706241,0.16257964257964258,0.05837516085113599,0.8374203574203575,0.058375160851136,0.2085858585858586,0.03188625074275676,29.097013531326162,2.84839164487885,1.0,0.0,1.0,0.10821289821289821,0.021902251658842648,0.46175446775446777,0.09735736925664076,-41.920961218656146,16.079756804702185,0.2487241647241647,0.10876615328397272,0.2085858585858586,0.03188625074275676,0.7331918847240788,0.14865854804748146,45.8,12.843675486401857,0.7521951268799165,0.11761846757493793,45.8,12.843675486401857,45.8,12.843675486401857,41.920961218656146,-58.10515681391094,14.25803840275966,16.079756804702185
