scenario,agent,profile,num_runs,avg_async_mean,avg_async_std,avg_constraint_violation_mean,avg_constraint_violation_std,avg_dom_gap_mean,avg_dom_gap_std,avg_fatigue_mean,avg_fatigue_std,avg_fid_mean,avg_fid_std,avg_reward_raw_mean,avg_reward_raw_std,fatigue_overload_rate_mean,fatigue_overload_rate_std,feasible_rate_mean,feasible_rate_std,independence_gain_mean,independence_gain_std,mastered_mean,mastered_std,mastery_rate,regret_mean,regret_std,retention_delta_mean,retention_delta_std,sample_efficiency_mean,sample_efficiency_std,skill_improvement_mean,skill_improvement_std,steps_mean,steps_std,time_to_mastery_mean,time_to_mastery_std,total_reward_mean,total_reward_raw_mean,total_reward_raw_std,total_reward_std
obs_noise_x1.5,PianoMPC,balanced,5,39.19074749870707,2.5984534972520836,0.002056472332015829,0.001246128708635979,10.306637440925304,1.691194047629931,0.5001731084133261,0.0229113607917537,0.6250452480686628,0.02495324194735276,-1.2923850274485722,0.09942360431841067,0.0671207415772633,0.018661870891026156,0.9328792584227367,0.01866187089102613,20.5449256655569,4.1356923083394745,1.0,0.0,1.0,-8.1083701954025,6.217888428976719,0.36607689457400233,0.05376649218441318,23.8,4.166533331199932,0.4666368540042575,0.03155032134826243,23.8,4.166533331199932,23.8,4.166533331199932,8.1083701954025,-30.466956477422606,3.6552130344039107,6.217888428976719
obs_noise_x1.5,PianoMPC,mild_left_weak,5,37.18364976302809,3.4895578296850838,0.003941987769669733,0.0034467647798804095,10.085202008124,1.2619113356025298,0.5053758569187754,0.03679336470419371,0.6231976253757423,0.036317953191868535,-1.2690499096982495,0.09686281188684957,0.08571858873809361,0.06688558223024288,0.9142814112619064,0.0668855822302429,22.066996102326705,6.167504468010892,1.0,0.0,1.0,-23.65429458137472,5.5365047190914005,0.45550415098037644,0.09656893770306696,28.0,8.366600265340756,0.5240466022721242,0.06299951028658864,28.0,8.366600265340756,28.0,8.366600265340756,23.65429458137472,-34.860376783366405,7.984202854997793,5.5365047190914005
obs_noise_x1.5,PianoMPC,severe_left_weak,5,41.11294631775941,3.4555691583506127,0.0041116593521421455,0.0011096947826602461,11.313525899211536,1.7640857957195353,0.4825699879832814,0.025771271266393808,0.6007336829449039,0.013726852684668294,-1.3935977073827235,0.06400446871724214,0.11931086729362592,0.03585345196556154,0.8806891327063742,0.035853451965561556,21.324383864833617,4.51233951349898,1.0,0.0,1.0,-23.690546982470085,8.869331759071615,0.5285749860185665,0.02527429867558769,30.2,2.9257477676655586,0.5405489519687693,0.00799642686553785,30.2,2.9257477676655586,30.2,2.9257477676655586,23.690546982470085,-41.913799323102594,2.545280772392656,8.869331759071615
obs_noise_x1.5,BayesianMAB,balanced,5,27.6503033397431,2.7156850280653617,0.00868492100703747,0.0022559882204329948,10.392240930521298,0.7886840429205173,0.5564257329957489,0.014400898487650856,0.5687068469317722,0.02838710148474655,-1.2561306211934338,0.07631943615238711,0.1354280534419319,0.0340984270954882,0.8645719465580681,0.03409842709548821,28.153784420889526,4.5167830037429395,1.0,0.0,1.0,-31.6550844201622,10.428634279047454,0.5993566820114039,0.07485361843601984,38.2,5.491812087098392,0.6760329614216443,0.06066479733006043,38.2,5.491812087098392,38.2,5.491812087098392,31.6550844201622,-48.0602364544442,7.8697753784299,10.428634279047454
obs_noise_x1.5,BayesianMAB,mild_left_weak,5,28.882797752266242,4.084742992267897,0.005033855446355451,0.004959317486000533,11.146709436912687,2.1220537674934117,0.48244100122850125,0.057664476919376484,0.5692161225259684,0.027467476341340974,-1.2878567881036054,0.07290651263497643,0.09258804258804258,0.06616979242855824,0.9074119574119572,0.06616979242855825,27.542951341859016,4.933816219148497,1.0,0.0,1.0,-27.95677661133725,7.950026073092846,0.6198966787810172,0.09431843914934553,37.6,8.867919710958146,0.6724890672480999,0.05668242601893346,37.6,8.867919710958146,37.6,8.867919710958146,27.95677661133725,-48.3729470704007,12.001606772910336,7.950026073092846
obs_noise_x1.5,BayesianMAB,severe_left_weak,5,27.265704569183164,1.5749182160775035,0.005756324200478548,0.001737697807125724,12.058666710135546,0.5341964788101116,0.42963176780081624,0.05591153428688451,0.5562296999562272,0.04887930653009452,-1.319324828761147,0.07436260873941046,0.11495720759315323,0.029023546547664196,0.8850427924068468,0.0290235465476642,27.918794266324642,3.9262084112124658,1.0,0.0,1.0,-33.61757461139523,10.355551612868533,0.7366191298418364,0.08506154321597818,46.0,8.67179335547152,0.7189681415071127,0.07156971093854866,46.0,8.67179335547152,46.0,8.67179335547152,33.61757461139523,-60.39665428772872,9.967602187856684,10.355551612868533
obs_noise_x1.5,CCB-DF,balanced,5,27.447683878305366,3.6101199398785164,0.002168377291891365,0.0016705815198017288,11.0112657496503,1.1201074421985393,0.5163207017572529,0.01985851589297735,0.5111714071426491,0.030942171141002808,-1.363882906855021,0.06960312905788615,0.03726383850268545,0.02957754035916424,0.9627361614973147,0.02957754035916424,29.045640902144818,4.425589667504055,1.0,0.0,1.0,-37.979705113490915,8.014394687623298,0.6250548051588335,0.10271968514085035,44.8,8.009993757800315,0.6710769862540499,0.06885185781462103,44.8,8.009993757800315,44.8,8.009993757800315,37.979705113490915,-60.670060219653635,9.141458750396435,8.014394687623298
obs_noise_x1.5,CCB-DF,mild_left_weak,5,30.41899494824539,8.458890651639749,0.004784238326469575,0.0047189076140304815,10.517679223178474,0.7255416093056949,0.49578649701887034,0.02690139625549936,0.5046538601469222,0.0560638339423587,-1.4009735865325355,0.177486437364835,0.0993056323887967,0.059280325764081966,0.9006943676112034,0.05928032576408195,28.06585850053285,3.9892057879460396,1.0,0.0,1.0,-46.049573816662715,11.734644329743519,0.6759963907742337,0.13909221206447553,48.0,10.69579356569675,0.6974772639671616,0.0844412914919545,48.0,10.69579356569675,48.0,10.69579356569675,46.049573816662715,-65.47152745080666,9.106022753145458,11.734644329743519
obs_noise_x1.5,CCB-DF,severe_left_weak,5,30.744366892365395,4.817043967956571,0.0063887967914438544,0.0022478836145433463,10.681971588718287,1.0089764901285572,0.44879573975044573,0.026373213226848602,0.49750822376218123,0.048619495246444454,-1.4221666901733363,0.126678161081838,0.10353386809269163,0.02608667412435589,0.8964661319073084,0.026086674124355908,26.175514333097603,2.4001003615131613,1.0,0.0,1.0,-46.53918774559559,19.982579401590414,0.7596563468398697,0.12527518338303464,51.8,10.961751684835777,0.7572887380321804,0.0802257613950879,51.8,10.961751684835777,51.8,10.961751684835777,46.53918774559559,-72.30954898153675,9.758142905315959,19.982579401590414
obs_noise_x1.5,LinUCB,balanced,5,26.779715645741,4.278848805300429,0.0015088751412050626,0.001086748507495234,11.82420066405424,1.0320372288204231,0.5539186948920771,0.010622663699463892,0.5452424936779422,0.043698488430363565,-1.3274320944045699,0.12308559191037753,0.05222605712464122,0.022338293985453454,0.9477739428753587,0.022338293985453447,27.797337187859522,5.32478357689132,1.0,0.0,1.0,-44.96956030493352,4.576019452770603,0.6628862129004153,0.09592674201316932,51.6,12.467557900406959,0.6823737127992382,0.05937993654569766,51.6,12.467557900406959,51.6,12.467557900406959,44.96956030493352,-67.35348780723965,12.77989161975107,4.576019452770603
obs_noise_x1.5,LinUCB,mild_left_weak,5,28.461609802712207,5.654517552573691,0.0031905235535074268,0.0033807775735587445,11.427801906308302,1.7919327532184475,0.5069634344598054,0.030246871228652106,0.5206917582736279,0.047998044856749446,-1.375955513912969,0.11167781841988375,0.05655369943676395,0.05341787027877962,0.9434463005632361,0.053417870278779596,30.783742400461033,2.1883176526096952,1.0,0.0,1.0,-43.07568981556058,15.787986439644314,0.718863748037806,0.12819415959337457,51.2,11.923086848631105,0.7354613764980343,0.07976663960154932,51.2,11.923086848631105,51.2,11.923086848631105,43.07568981556058,-69.2509023675641,12.579070733538193,15.787986439644314
obs_noise_x1.5,LinUCB,severe_left_weak,5,28.045227002579406,2.759060879762773,0.0017729949802852876,0.0005488323138311373,11.516175548686839,1.0675245178103765,0.46374240684953216,0.013083588232740404,0.534521790555439,0.017135836108642142,-1.354826768189051,0.06945239118214411,0.06175146401085833,0.015882698459456418,0.9382485359891417,0.0158826984594564,27.06096675138739,5.632046748622905,1.0,0.0,1.0,-54.37674889961029,10.059292292579695,0.8327535882700488,0.04869676153671613,61.0,8.414273587185052,0.7985970260294308,0.036365081320740865,61.0,8.414273587185052,61.0,8.414273587185052,54.37674889961029,-82.13473096839319,8.20881185353317,10.059292292579695
obs_noise_x1.5,Thompson,balanced,5,23.87110198573152,3.1609416156516668,0.0058472101051800975,0.003857883851715252,11.129457345763788,1.9397307228625127,0.5304760435491788,0.029912256210422226,0.5777997851424083,0.03241276689802223,-1.221052174807865,0.09268786531943415,0.0865031948574343,0.05299262678917755,0.9134968051425656,0.05299262678917755,29.330355450285005,3.5543249998609787,1.0,0.0,1.0,-46.686067911965,13.46932551021061,0.6885443798267925,0.08028414159242546,50.6,10.209799214480176,0.7316977148311751,0.045761027076186345,50.6,10.209799214480176,50.6,10.209799214480176,46.686067911965,-61.52362766803333,11.462541070425797,13.46932551021061
obs_noise_x1.5,Thompson,mild_left_weak,5,26.737476006640833,3.879417860113343,0.0034827906287247636,0.0015478850341959698,10.934247551662093,1.8028397624278083,0.4834871584699454,0.02069892931228037,0.5566417712440137,0.014264422672992917,-1.28496183695181,0.10365036764094836,0.066653589447183,0.026400556563777548,0.9333464105528171,0.026400556563777527,29.289080697666616,2.24552340949602,1.0,0.0,1.0,-39.8146504115906,4.3924749751475485,0.7467238414740344,0.04812059007986511,51.2,6.794115100585211,0.7552656048764174,0.02815979746103006,51.2,6.794115100585211,51.2,6.794115100585211,39.8146504115906,-65.47291232298389,8.273838325934527,4.3924749751475485
obs_noise_x1.5,Thompson,severe_left_weak,5,31.2576467447772,3.2106886246721222,0.0025778079242032726,0.0017646812528554646,11.60386016571805,0.5632643151966427,0.43094808785529726,0.01889996490578124,0.5211053320443269,0.03705605086643184,-1.4117517697407738,0.10798905747849462,0.06253660637381567,0.030077491014270034,0.9374633936261842,0.030077491014270062,27.04092382044585,3.68076502481782,1.0,0.0,1.0,-36.635774074103615,7.146229692216488,0.7241929343895451,0.06903228829426507,45.0,4.774934554525329,0.726606021099329,0.05122605290191914,45.0,4.774934554525329,45.0,4.774934554525329,36.635774074103615,-63.196479684881545,4.773338162651346,7.146229692216488
obs_noise_x2,PianoMPC,balanced,5,39.46856533330597,2.022515293427483,0.0013831168831168988,0.0010332635990086348,13.554836547376095,1.6217886074056898,0.4826829726632288,0.03382288823781405,0.630943869762305,0.035011462685324256,-1.3822596145730945,0.06153202860935652,0.04217793700552321,0.026729394437406292,0.9578220629944768,0.02672939443740631,21.8153898570005,4.606639885738521,1.0,0.0,1.0,-11.202201405375494,12.620733276498706,0.4037159099019393,0.049633504926131604,29.8,7.934733769950949,0.47418600415127277,0.03164562926709841,29.8,7.934733769950949,29.8,7.934733769950949,11.202201405375494,-40.96007485535577,10.013756101790829,12.620733276498706
obs_noise_x2,PianoMPC,mild_left_weak,5,36.528568800865855,3.0373848865020094,0.0038798235567250048,0.003152629982951947,13.12877689617494,1.8372524670971628,0.49753323943662,0.024085864529736344,0.6303410149726442,0.035736102032019955,-1.3380263468818574,0.058661034775613796,0.08367435381519889,0.04698644312821614,0.9163256461848011,0.04698644312821613,20.793367530254542,5.498396297983646,1.0,0.0,1.0,-19.522684460110987,10.775085248097604,0.5083832216982147,0.11046954918064701,37.0,18.19890106572372,0.5499172962333481,0.07426673912374498,37.0,18.19890106572372,37.0,18.19890106572372,19.522684460110987,-48.72745938759654,21.667506596344833,10.775085248097604
obs_noise_x2,PianoMPC,severe_left_weak,5,39.60751269143507,3.153688696962793,0.00420857196112371,0.0031077682781101034,14.346316913390458,0.8820607357131635,0.4658397811210227,0.039341757776701416,0.5956899784374927,0.01881556452923126,-1.464521158405778,0.057104184288492545,0.102882705365464,0.05562879967475637,0.897117294634536,0.055628799674756375,22.59346607931853,3.4575681030645358,1.0,0.0,1.0,-21.220379927457934,8.426379833041423,0.5147598271328169,0.03579776233687536,29.4,4.029888335921977,0.5370475285118779,0.01615735126665387,29.4,4.029888335921977,29.4,4.029888335921977,21.220379927457934,-42.82942367218342,4.012464387794854,8.426379833041423
obs_noise_x2,BayesianMAB,balanced,5,27.199248834793586,7.123650033051444,0.003256764028819993,0.0018886294440410016,12.150448377601563,0.9045789535956773,0.5042242600509566,0.03994755731150987,0.5825794779359443,0.058576620132091445,-1.2751987755544663,0.16166121983538104,0.07044638437953633,0.04114745071934424,0.9295536156204637,0.041147450719344246,27.223931049386447,3.9646028984280623,1.0,0.0,1.0,-27.82240732265104,15.807134159098483,0.5979574053392034,0.163490190129572,44.4,21.87784267243916,0.6670079793514863,0.11758903883190269,44.4,21.87784267243916,44.4,21.87784267243916,27.82240732265104,-53.707563646891586,20.53633243731703,15.807134159098483
obs_noise_x2,BayesianMAB,mild_left_weak,5,24.598623313137942,5.223533501346117,0.0021078835026931034,0.0009227427083700391,13.99014855137528,0.7539076585110156,0.456838887000944,0.03135920948459805,0.6126860350577539,0.04696985565563011,-1.2509365922392475,0.12006216818762017,0.06781575878727304,0.018041465884074997,0.9321842412127269,0.018041465884075004,31.087782253796625,2.8578894015076206,1.0,0.0,1.0,-35.562062847239105,15.308097932927234,0.7272815268914029,0.097740401821557,57.4,30.838936427834213,0.7279162212383877,0.05179015059349763,57.4,30.838936427834213,57.4,30.838936427834213,35.562062847239105,-68.78836958354593,28.816870306316115,15.308097932927234
obs_noise_x2,BayesianMAB,severe_left_weak,5,30.50390898442804,2.837495958666805,0.0040928328049858725,0.0013050434444984234,13.506817201288337,0.5701203330511977,0.4309463401155894,0.029342918246964986,0.5598743142949585,0.037504661820169705,-1.392823569655454,0.08805090103707568,0.07256811908304758,0.025719298020276032,0.9274318809169524,0.02571929802027602,26.58731184159368,4.183745324381896,1.0,0.0,1.0,-27.046060582469902,8.672880478890232,0.7233353612939764,0.06538820564799484,44.4,9.350935782048769,0.7315506266749698,0.041542696804495786,44.4,9.350935782048769,44.4,9.350935782048769,27.046060582469902,-61.04805046155101,9.066988205606785,8.672880478890232
obs_noise_x2,CCB-DF,balanced,5,27.800771695466143,5.723502126453779,0.007250304521897977,0.004314839741522374,13.294946742248332,1.2415662515803763,0.5244622910560299,0.03758431957795065,0.540084509017362,0.05316612085909892,-1.39257345759041,0.1295784912725098,0.09051097022216557,0.04184662188520678,0.9094890297778344,0.04184662188520677,30.94932705086027,1.4999960986792742,1.0,0.0,1.0,-45.27736393314209,6.308382223620163,0.7142826165846348,0.08292297057423181,62.0,18.033302526159762,0.7379189557641305,0.03922287640045547,62.0,18.033302526159762,62.0,18.033302526159762,45.27736393314209,-84.33022702264911,17.00998264001577,6.308382223620163
obs_noise_x2,CCB-DF,mild_left_weak,5,31.934507684455724,7.131561149903998,0.004077334667489331,0.0010288463653758517,12.999196368306645,0.895696282726831,0.47542071251488593,0.02097613548108051,0.508682568196456,0.06205859633764725,-1.482662944544262,0.1705375004024819,0.07492115141771502,0.01151281878569945,0.9250788485822848,0.011512818785699458,27.052193852673003,7.1716770152773845,1.0,0.0,1.0,-42.789935435127944,15.846549727310629,0.6832082944818811,0.14408599900498875,54.4,21.143320458244016,0.6897255480276445,0.10519094558647153,54.4,21.143320458244016,54.4,21.143320458244016,42.789935435127944,-77.2555236662762,20.286616213668726,15.846549727310629
obs_noise_x2,CCB-DF,severe_left_weak,5,31.927133605905727,3.138772783983481,0.004629445052504684,0.0025645827034937742,13.798329896845512,0.9484263875591478,0.4213455886318552,0.0167690026724804,0.5134541851110868,0.027186973321765267,-1.4989703812851625,0.08794923814705426,0.06886081547875646,0.02091283761146167,0.9311391845212433,0.02091283761146166,25.78253786608884,6.613662553974116,1.0,0.0,1.0,-46.069478683958145,12.99601394892963,0.8105239918112662,0.04943507190537244,61.6,10.781465577554844,0.7870641947446784,0.01716882555669156,61.6,10.781465577554844,61.6,10.781465577554844,46.069478683958145,-91.54603138866582,11.610851179746135,12.99601394892963
obs_noise_x2,LinUCB,balanced,5,27.694018466174327,4.823301078584931,0.0012052373158756172,0.001062700477008946,14.700350361691012,1.6591829077491311,0.504415792461837,0.024744320338706396,0.550276574260369,0.038649788194880394,-1.4087321705665152,0.08645372298934141,0.03429180519957316,0.011979088114611593,0.9657081948004269,0.011979088114611592,28.23464985075565,4.0255122788942606,1.0,0.0,1.0,-36.64274557227274,11.465871159442113,0.695152284477863,0.06461940286673165,55.0,11.781341180018513,0.7308229184284653,0.021938745684341558,55.0,11.781341180018513,55.0,11.781341180018513,36.64274557227274,-76.60987122660069,12.577487383330453,11.465871159442113
obs_noise_x2,LinUCB,mild_left_weak,5,24.927759644379755,5.122370485435272,0.003180883663166669,0.0025392415147343327,14.0491993314595,1.7345183046499566,0.494214079254243,0.02260295364985539,0.5654488484655389,0.05468343267675403,-1.337644205753275,0.11384218535139819,0.06267803532793385,0.027667683225067536,0.9373219646720662,0.027667683225067536,31.865678035764176,1.7658365055049519,1.0,0.0,1.0,-48.84729374877527,16.936845908537446,0.7758004306718488,0.0651915353121219,74.0,28.185102447924507,0.7516124484288247,0.02763176301317673,74.0,28.185102447924507,74.0,28.185102447924507,48.84729374877527,-96.28318181592766,29.706891940532113,16.936845908537446
obs_noise_x2,LinUCB,severe_left_weak,5,29.738582139931793,5.68722562921203,0.0033079295704295693,0.001143629240911114,15.245885424531831,1.6388243712254413,0.44714603687978693,0.00914141418447631,0.5324507897226086,0.037291106889374474,-1.4793633124580152,0.11333543158675387,0.058553529803529805,0.024256592356855042,0.9414464701964702,0.024256592356855042,30.241141116064398,4.691335901505615,1.0,0.0,1.0,-53.45990844516892,20.09955809030132,0.823444431246639,0.1253883736758757,62.6,16.728418933061185,0.7973089225941165,0.06644139844499844,62.6,16.728418933061185,62.6,16.728418933061185,53.45990844516892,-90.98655111595306,21.105923502479406,20.09955809030132
obs_noise_x2,Thompson,balanced,5,28.59560479501936,3.7780454259919654,0.004954967754816823,0.003196100321109693,13.883298253575202,1.7516904062218472,0.525299439752421,0.018382271774156158,0.5662574297963989,0.014421535069117385,-1.3688276795762035,0.06353268546973524,0.09031765997803734,0.051088161115452814,0.9096823400219627,0.05108816111545279,27.952139727859823,3.7438628858182574,1.0,0.0,1.0,-19.295723555490547,7.700780644383172,0.6281645183195739,0.09286852897919928,43.4,9.046546302318914,0.6715021981301451,0.06509079592488431,43.4,9.046546302318914,43.4,9.046546302318914,19.295723555490547,-59.26406685036777,12.335375496951947,7.700780644383172
obs_noise_x2,Thompson,mild_left_weak,5,27.00748647633979,3.7869834704851653,0.005715589674629543,0.004535125288121792,12.849441086983976,1.7138049556915034,0.48565323234720237,0.020161958513154454,0.5520669335810806,0.030756733833904915,-1.347327642191081,0.06251974153782679,0.08038733322786479,0.028051867633342793,0.9196126667721352,0.02805186763334277,30.64473154707982,2.80703738852324,1.0,0.0,1.0,-28.22707354245327,5.3773901233561,0.7375848639086205,0.04152091603313081,50.4,4.498888751680797,0.7527574944857791,0.04527617483388241,50.4,4.498888751680797,50.4,4.498888751680797,28.22707354245327,-67.71340112338335,4.636768088296568,5.3773901233561
obs_noise_x2,Thompson,severe_left_weak,5,29.29036952940326,2.5177218445456946,0.0030068351340536248,0.002380467413905506,13.723860472053095,1.4402675822996565,0.4043332478222058,0.03854333890986613,0.5315642387340336,0.024129661308239993,-1.4319172531170292,0.09688379893255016,0.0595906362545018,0.05098674525373771,0.9404093637454981,0.05098674525373771,28.491646677057787,2.7470152610716188,1.0,0.0,1.0,-37.40895184841173,7.873352903585138,0.7865973414443477,0.02013140767377599,51.6,2.4166091947189146,0.7842557283578293,0.020209671538769423,51.6,2.4166091947189146,51.6,2.4166091947189146,37.40895184841173,-73.93752710596559,6.580323894348727,7.873352903585138
obs_noise_x3,PianoMPC,balanced,5,34.144417622824086,4.105499390738375,0.002262187088274081,0.0013627739248251653,20.087488924327467,2.106755368647341,0.5076360013175234,0.01648030877867598,0.6684096805297466,0.04621210154340922,-1.423329293456933,0.09946724166012226,0.06152009222661396,0.021438494183228903,0.938479907773386,0.021438494183228907,28.891609098445656,5.4815332779704535,1.0,0.0,1.0,-14.2388290741065,8.591900388368941,0.5384626509534163,0.09510411353033302,46.8,17.186040847152668,0.5516287155328137,0.06367909695655508,46.8,17.186040847152668,46.8,17.186040847152668,14.2388290741065,-65.581728434537,21.317453226083536,8.591900388368941
obs_noise_x3,PianoMPC,mild_left_weak,5,33.04976373932608,6.579432575156244,0.0016508444998267278,0.0013868179938128049,19.843357690331565,2.5466450721403953,0.4635661075591121,0.036007323158180914,0.6926246891111973,0.05404789912015178,-1.3790911882645007,0.13162325096253924,0.042744727576853395,0.031049949600585432,0.9572552724231466,0.03104994960058543,29.117688501270948,6.301156938531369,1.0,0.0,1.0,-28.49368625853246,18.193733109348457,0.6326232451275249,0.13046302623620165,75.6,44.84462063614765,0.6061300906374655,0.10098986494687864,75.6,44.84462063614765,75.6,44.84462063614765,28.49368625853246,-99.56145427862722,50.3967247738254,18.193733109348457
obs_noise_x3,PianoMPC,severe_left_weak,5,35.22660471647477,2.309629038067425,0.0024646890314532865,0.0020621021183913147,18.86448244081713,2.010069230415338,0.4352807000504918,0.030744921076761984,0.671824355624612,0.031241643253660103,-1.4190151305057228,0.04541850710566628,0.05489738334966883,0.031264988403951824,0.9451026166503311,0.03126498840395184,24.939622701976056,5.966259438714156,1.0,0.0,1.0,-28.9417733907997,15.790226413534597,0.6881013780094858,0.08008812154508903,71.0,16.61324772583615,0.6195430043788086,0.083503743072893,71.0,16.61324772583615,71.0,16.61324772583615,28.9417733907997,-100.24591148762765,21.904486540637482,15.790226413534597
obs_noise_x3,BayesianMAB,balanced,5,27.811481241810746,4.786695017756909,0.0051801278496964006,0.004427493017738592,19.73618935197799,2.0575552164710533,0.5134696582273646,0.043403323771283635,0.5802731953382014,0.03191449167588494,-1.4684763482139924,0.11478353073940506,0.0984225760873716,0.06800425459026213,0.9015774239126284,0.06800425459026216,27.192915292308875,5.547174506621613,1.0,0.0,1.0,-27.356828077333056,11.571224563648979,0.6382710056490243,0.11957859780350029,53.6,22.676860452893386,0.6913947147945683,0.08651039325446007,53.6,22.676860452893386,53.6,22.676860452893386,27.356828077333056,-76.40551915394391,27.014534481623194,11.571224563648979
obs_noise_x3,BayesianMAB,mild_left_weak,5,29.186929533412876,6.356140761724777,0.0036385882029588605,0.0027274183283637634,19.422231772620307,1.0247393451456224,0.4722116420104026,0.009398438037521566,0.5944321107867386,0.03376767385673695,-1.4650044791460899,0.1250901173307476,0.05413364058749391,0.016923268687411373,0.945866359412506,0.01692326868741138,29.011773582170957,3.5548279678295676,1.0,0.0,1.0,-24.602239951793,17.947215693157837,0.749033249532806,0.07187576941000258,57.6,26.401515108038783,0.7520686549431368,0.04431556602531959,57.6,26.401515108038783,57.6,26.401515108038783,24.602239951793,-82.3220304029812,32.29772783827736,17.947215693157837
obs_noise_x3,BayesianMAB,severe_left_weak,5,26.104370767685072,4.922465479836776,0.0040535162389370395,0.0016495288877044659,20.17165052283483,2.1163196255684142,0.40187390956248714,0.020992625458116136,0.5989342045805601,0.04785322680762117,-1.4449117519820813,0.10656559452272236,0.06971025868541396,0.02194700566328108,0.9302897413145861,0.02194700566328109,30.87727404254605,2.570146316431158,1.0,0.0,1.0,-46.18878037608658,18.08704387406954,0.8716894746167997,0.05387338828514525,87.6,49.6088701745968,0.8117762106483182,0.02930011540458709,87.6,49.6088701745968,87.6,49.6088701745968,46.18878037608658,-121.80399487155171,56.722326361602946,18.08704387406954
obs_noise_x3,CCB-DF,balanced,5,27.544255132934886,4.333864082052279,0.0034446273881131597,0.002294069285926638,18.924235321509148,2.546576682251717,0.4934075938429879,0.013980794309423112,0.5521547096694587,0.031095476874100175,-1.5048370890707456,0.12701504544265746,0.0670019906890196,0.03348015467478576,0.9329980093109803,0.03348015467478577,27.27368030334493,5.502222544388475,1.0,0.0,1.0,-42.74275971738683,12.239574769662621,0.7292579710705901,0.05116192208004085,65.6,11.534296684236972,0.7323547098462478,0.02091733525459939,65.6,11.534296684236972,65.6,11.534296684236972,42.74275971738683,-97.93841982656187,14.475774184478457,12.239574769662621
obs_noise_x3,CCB-DF,mild_left_weak,5,27.44931100861502,5.439781913758457,0.005489849783748102,0.002726610071466293,19.603566051018113,1.0236794206954016,0.4651685488415998,0.0163506535656867,0.5677639197966873,0.04667865942705315,-1.5115710838404013,0.13506044504284206,0.08456167591760812,0.022211499377282284,0.9154383240823918,0.022211499377282305,28.40074924955737,4.824477182172306,1.0,0.0,1.0,-50.865734051819175,16.373743057652092,0.7802979838525006,0.033991569178385306,74.6,18.60752535938081,0.7404806876981229,0.014192079804043047,74.6,18.60752535938081,74.6,18.60752535938081,50.865734051819175,-110.97000927212244,19.949529456793716,16.373743057652092
obs_noise_x3,CCB-DF,severe_left_weak,5,32.842804460485915,4.88121570708623,0.006057172359172367,0.0031959098874726278,19.94445206173708,2.732252514604175,0.4034319932679934,0.040584083462457565,0.5155955418129047,0.0572326619490772,-1.6534199302841184,0.12109180150754445,0.08523334323334324,0.026464422087134804,0.9147666567666569,0.02646442208713481,24.6789436537241,7.028214092929768,1.0,0.0,1.0,-48.85117708917613,18.983171547410798,0.7824396458583083,0.13625941529020877,63.4,18.271288952889996,0.7694584219286498,0.08480571108831066,63.4,18.271288952889996,63.4,18.271288952889996,48.85117708917613,-103.42923255041185,25.73619584600179,18.983171547410798
obs_noise_x3,LinUCB,balanced,5,25.41703400853627,5.505412691218921,0.00497958389007777,0.0022452409759265873,18.67719522682028,2.664336923864112,0.5321136826034761,0.024598230870063607,0.5562676131123171,0.0551026241255025,-1.4603169037210315,0.14004342098202255,0.08504848896080172,0.020710114443621416,0.9149515110391983,0.020710114443621416,30.82209318007536,2.4613540844255324,1.0,0.0,1.0,-36.624629415695054,12.48972504408782,0.7343743357655492,0.039131050012326384,81.4,51.74398515769731,0.7523740266127493,0.018957870943144727,81.4,51.74398515769731,81.4,51.74398515769731,36.624629415695054,-113.25839398849273,58.61604263912793,12.48972504408782
obs_noise_x3,LinUCB,mild_left_weak,5,32.65924598704737,3.4010273501822037,0.007204013286503853,0.0030452533501300963,20.449932738526837,2.1927531500007067,0.48956081935255524,0.023989585134678963,0.5443243728506983,0.020813749162072608,-1.6096163408255115,0.0662466693490696,0.10438149690979878,0.03181387421833965,0.8956185030902013,0.03181387421833967,27.58259058127672,3.9603383776790335,1.0,0.0,1.0,-35.754526808187435,12.661564049376453,0.7710184968344891,0.06211143460528132,63.8,13.847743498491008,0.7679791268318528,0.03306535561235193,63.8,13.847743498491008,63.8,13.847743498491008,35.754526808187435,-102.56239468673691,21.598608402354188,12.661564049376453
obs_noise_x3,LinUCB,severe_left_weak,5,26.345292733311567,5.380422273469013,0.0035316960700118604,0.00252293968870616,19.5888295672575,2.305180083390903,0.43278841581810007,0.012138614011580137,0.5859299112356181,0.022988426918913923,-1.4677311114488742,0.06324292523928454,0.08209135893346418,0.034444941713913886,0.9179086410665358,0.03444494171391387,28.47808646603199,3.052999320316183,1.0,0.0,1.0,-48.06968337616966,12.992386586830143,0.8811434114339802,0.03187645639003491,81.8,17.814600753314682,0.8110065024300003,0.02500665552117687,81.8,17.814600753314682,81.8,17.814600753314682,48.06968337616966,-119.37550342158788,22.98442118664951,12.992386586830143
obs_noise_x3,Thompson,balanced,5,25.40609635250612,4.810295137115059,0.003504595752438249,0.002725381516755349,19.17626855729086,1.2295159205259065,0.5018433119783325,0.01877018720021162,0.6004904428017944,0.03136160499841274,-1.4147242222996004,0.10993330404264097,0.06188262562339675,0.03867992750401119,0.9381173743766033,0.03867992750401117,25.80612141833698,6.195944709789331,1.0,0.0,1.0,-29.892933262221334,7.887005027079748,0.7387253052039178,0.05369755304594638,66.2,20.193068117549643,0.7466027292011164,0.0219489164789203,66.2,20.193068117549643,66.2,20.193068117549643,29.892933262221334,-91.95860598452307,23.571218888519457,7.887005027079748
obs_noise_x3,Thompson,mild_left_weak,5,25.252563266691297,2.241266070217645,0.005849987094477952,0.0038897611814308845,20.565923616126675,2.1851931665760946,0.47833068801425915,0.03600111935992338,0.5904898730021804,0.014118622284681913,-1.4503203031960439,0.07350286199992513,0.06778655583705132,0.03446352119156299,0.9322134441629487,0.03446352119156299,30.021518556617195,6.084286425230306,1.0,0.0,1.0,-35.60480206724382,5.80140682408548,0.7932191203303324,0.05344201473677584,63.2,12.383860464330175,0.7756412958166816,0.049177487291130036,63.2,12.383860464330175,63.2,12.383860464330175,35.60480206724382,-91.5990538644708,18.212826005524686,5.80140682408548
obs_noise_x3,Thompson,severe_left_weak,5,28.903189609964045,4.903416193760503,0.003446737009447761,0.0026270027946731205,19.46924028547423,0.7742168713577852,0.39949452824240295,0.01736881030964691,0.5752625364803492,0.0316380762112631,-1.506206796732015,0.10268796640657085,0.06273709808149705,0.03224012377271944,0.937262901918503,0.032240123772719426,21.756988114722947,7.389465653508391,1.0,0.0,1.0,-47.00087267546699,19.448193308442526,0.8305043526628042,0.09982142189912402,71.6,28.28851356999869,0.7934829195595221,0.04207732194508782,71.6,28.28851356999869,71.6,28.28851356999869,47.00087267546699,-105.09253691744775,34.99989294351708,19.448193308442526
obs_noise_x4,PianoMPC,balanced,5,39.42554314534975,5.814979581394281,0.002520793834505007,0.0020389309834064205,24.77629897138626,2.5681675255429695,0.4802989558329922,0.040514692847213755,0.6782511055951023,0.04488283728623432,-1.5392282551222984,0.13990245101922988,0.05322850850922978,0.038209987069802775,0.9467714914907702,0.03820998706980277,23.276188496988578,7.4949336830359705,1.0,0.0,1.0,-18.926608170440886,8.952593397079374,0.5085704835370664,0.0708021887522677,58.0,30.9127805284481,0.5290063290050167,0.037386604498588,58.0,30.9127805284481,58.0,30.9127805284481,18.926608170440886,-86.25259905075839,40.92364407205238,8.952593397079374
obs_noise_x4,PianoMPC,mild_left_weak,5,33.35045299513768,2.596532067041589,0.002152574371409542,0.0021541367166244617,26.10901008480593,2.5636868735815237,0.4411359811567854,0.02995403910036245,0.7154984961489448,0.019865472964669013,-1.4689196605418195,0.034744708123989276,0.0458075508735196,0.03441802287342871,0.9541924491264805,0.03441802287342874,27.612520877327075,5.279658538821912,1.0,0.0,1.0,-32.74078824537051,20.65468095990621,0.6718967163280685,0.06521829679006395,129.2,67.7743314242199,0.6349613972319217,0.08176591193359235,129.2,67.7743314242199,129.2,67.7743314242199,32.74078824537051,-188.86602211319664,96.40483986297293,20.65468095990621
obs_noise_x4,PianoMPC,severe_left_weak,5,36.69993583196891,3.333607606940905,0.004078860564902023,0.002930383350738299,23.719630400068507,2.8577228564123507,0.4166423957345958,0.030568975712315073,0.6681356793327221,0.03962273179786438,-1.5385251796134936,0.053863605486159497,0.08472096516952204,0.04040052524428845,0.915279034830478,0.04040052524428845,25.728145622488864,5.718798104402632,1.0,0.0,1.0,-34.063188308606556,16.77763779615426,0.6595278532070581,0.10279994171670408,69.2,33.64758535170095,0.6055600988560179,0.09213579374941631,69.2,33.64758535170095,69.2,33.64758535170095,34.063188308606556,-105.450110554608,49.79207051098189,16.77763779615426
obs_noise_x4,BayesianMAB,balanced,5,25.94478009474822,3.4450539239873272,0.007145600666991341,0.004470881780547848,26.010695979966908,1.329616697132566,0.5098791080596,0.0442943985476845,0.6595845057851324,0.009083057972353765,-1.4637144421166017,0.051974068195876626,0.09937672482067005,0.050346800287947795,0.9006232751793298,0.05034680028794779,22.577893019387563,7.789004456044042,1.0,0.0,1.0,-38.50054163175513,18.941612484546088,0.7584612282400882,0.04332451574904312,116.8,32.835346807975085,0.7350523126507182,0.03955314636902314,116.8,32.835346807975085,116.8,32.835346807975085,38.50054163175513,-170.38485757066402,45.6207512312116,18.941612484546088
obs_noise_x4,BayesianMAB,mild_left_weak,5,23.33861168113618,3.3558018273834325,0.006483218432719697,0.0029796761734416223,24.95674231196923,0.827019534527313,0.42863140948741857,0.03797753386469855,0.6576383062296254,0.015123684569867901,-1.4098190320581274,0.056645906042049804,0.07368583717909057,0.03027032883445681,0.9263141628209095,0.03027032883445682,28.16005131945108,8.53865830527278,1.0,0.0,1.0,-44.85009249285826,20.365336105406183,0.8182842449437624,0.028678894390578098,133.6,60.94456497506566,0.7582735804348738,0.02410318469512102,133.6,60.94456497506566,133.6,60.94456497506566,44.85009249285826,-187.4885841576936,85.01187561327366,20.365336105406183
obs_noise_x4,BayesianMAB,severe_left_weak,5,27.032849498417807,2.3376960325123117,0.0032726497975652546,0.0016355561105217654,25.439033066660933,1.7664051382047439,0.3765242310389413,0.00808655212061014,0.6037622113472562,0.045427151307040524,-1.536317933609746,0.06786065804457642,0.05223009062680746,0.005197106726154871,0.9477699093731925,0.005197106726154889,22.761166023498383,5.188407971162463,1.0,0.0,1.0,-46.56321774158311,29.110052671545308,0.832360553658169,0.07782372182820696,93.8,47.503263045816134,0.8036350754253251,0.04793216568687626,93.8,47.503263045816134,93.8,47.503263045816134,46.56321774158311,-141.6548347875756,67.78998530221615,29.110052671545308
obs_noise_x4,CCB-DF,balanced,5,30.501184289526925,3.4423395508501775,0.0048660126747846096,0.0032341557295870686,23.655051727950593,2.1621790551732962,0.48083295865927445,0.049916033853377784,0.5747210042939432,0.03442527646110729,-1.6117170398909153,0.12357816642764356,0.0648662903048868,0.02877797191991162,0.9351337096951132,0.028777971919911632,32.82767038225072,2.2158455154550287,1.0,0.0,1.0,-39.60245616287317,15.265093873077534,0.7235849228415274,0.03850646760783685,65.8,16.191355718407276,0.7373026059455883,0.026510473793847307,65.8,16.191355718407276,65.8,16.191355718407276,39.60245616287317,-104.22836999988601,20.314734364350848,15.265093873077534
obs_noise_x4,CCB-DF,mild_left_weak,5,30.979719975806756,8.993275778567726,0.0056497319993808175,0.00523925588876261,24.238650190342806,1.7681972742693906,0.43455380706714175,0.05185677953068917,0.592330297900374,0.05623978818671856,-1.5954757323488125,0.157138908849714,0.08075888061156347,0.06626497493536337,0.9192411193884364,0.06626497493536339,24.7443390958763,6.0810494860814215,1.0,0.0,1.0,-62.22812953359535,22.248054081711178,0.7921975736895781,0.030593993651785657,125.4,59.80167221742215,0.7574994047710136,0.0213272983812103,125.4,59.80167221742215,125.4,59.80167221742215,62.22812953359535,-192.54201709433445,81.14891237122711,22.248054081711178
obs_noise_x4,CCB-DF,severe_left_weak,5,27.20184497762388,2.7714162093095167,0.005765471446261356,0.002472949750125398,25.287178830828005,2.24300499965501,0.39876496471947603,0.02383240162183735,0.6019858979164422,0.022287807830870292,-1.5443128831164832,0.06882391647641413,0.08585068857317528,0.02533813032680771,0.9141493114268247,0.02533813032680771,31.239945045609648,1.6952772034058803,1.0,0.0,1.0,-57.28835390679342,17.058282962861664,0.8797304694477441,0.026998588946875585,107.4,45.7016411083891,0.7848751111795926,0.02715452547330509,107.4,45.7016411083891,107.4,45.7016411083891,57.28835390679342,-164.52269634266338,67.79733873185458,17.058282962861664
obs_noise_x4,LinUCB,balanced,5,30.922521378686536,5.634521263037684,0.003914669096111931,0.0028086113542672817,24.673011122298547,1.9460684709869995,0.48736022575596083,0.03596118294987222,0.5742208497213372,0.042380399342903066,-1.623417260527269,0.12036722280121857,0.06430155849393598,0.02974554908496598,0.9356984415060641,0.029745549084966,27.8860357882592,3.286905632226857,1.0,0.0,1.0,-39.6343997808914,15.6952964301988,0.7259657672865899,0.07456373708274572,79.4,29.090204536922734,0.7261273071219104,0.04129887607304508,79.4,29.090204536922734,79.4,29.090204536922734,39.6343997808914,-125.98496301290638,38.52822908367511,15.6952964301988
obs_noise_x4,LinUCB,mild_left_weak,5,29.839654768923076,5.324762750637428,0.003940724027118155,0.0020027076440523412,27.086398459187848,1.546806943362837,0.45513752048595124,0.02775982674501846,0.5902753415877864,0.0414341414818335,-1.633254054338209,0.13510628678390885,0.0760858436324139,0.031280349781115546,0.9239141563675861,0.03128034978111554,32.411278125037846,2.21988833622419,1.0,0.0,1.0,-62.12899792847836,19.66268137223549,0.811366938771528,0.05578642197933582,106.0,40.890096600521744,0.7660080977580357,0.02977276288795951,106.0,40.890096600521744,106.0,40.890096600521744,62.12899792847836,-167.8254921704448,53.543366339034755,19.66268137223549
obs_noise_x4,LinUCB,severe_left_weak,5,28.929149628030967,5.824684035237124,0.004514899168287872,0.0027434469442789433,25.385847100831377,1.8897113463483777,0.3798498541844563,0.02411680980466438,0.6102105089586817,0.033361109630165836,-1.5720275204472711,0.14669665509745738,0.06262901112866512,0.023803721269602153,0.937370988871335,0.023803721269602153,23.196723722278016,5.125505826407294,1.0,0.0,1.0,-61.58528390604829,27.606054593364952,0.8796878027255399,0.031280877260401886,117.8,34.89068643635433,0.7852839776259211,0.028077060015772117,117.8,34.89068643635433,117.8,34.89068643635433,61.58528390604829,-180.46092543820208,43.1216174802209,27.606054593364952
obs_noise_x4,Thompson,balanced,5,26.71384394867338,1.1077686621380416,0.003987204723656527,0.002595308241933816,24.65927197649154,0.7270382580518587,0.47825999158538907,0.02438604363790048,0.6331904912161248,0.013186375533549463,-1.4839328414851605,0.022114469608819385,0.0613827691719258,0.03802339692603961,0.9386172308280741,0.03802339692603961,27.698238262119894,5.228893380625677,1.0,0.0,1.0,-45.28461297635418,18.105396827321318,0.7506208316562809,0.02675393688715386,85.0,20.039960079800558,0.7252948835293338,0.026709064875741192,85.0,20.039960079800558,85.0,20.039960079800558,45.28461297635418,-125.83932741490028,28.968611247337776,18.105396827321318
obs_noise_x4,Thompson,mild_left_weak,5,27.970751245003907,6.888347408628349,0.006058592124442307,0.004824255851080363,24.409453236033464,1.4558592670255837,0.455363449712831,0.05172865209899327,0.600988817311972,0.060037517179269584,-1.5407792772875966,0.15678343088019342,0.07866499404191744,0.03720472375203519,0.9213350059580826,0.0372047237520352,25.812528804608625,5.8639750351132705,1.0,0.0,1.0,-44.297614142166914,22.980084968641805,0.7561890904940155,0.08116462878249868,113.6,73.7688281051014,0.7609153664367853,0.010160677103284884,113.6,73.7688281051014,113.6,73.7688281051014,44.297614142166914,-164.9806053515462,94.83804191852279,22.980084968641805
obs_noise_x4,Thompson,severe_left_weak,5,30.408261934607474,4.197761695786682,0.003837563025210086,0.0023438269864744774,26.50487935993097,2.34348962218185,0.38165040382819804,0.025960080034733532,0.5643566198197032,0.05584071071740046,-1.6721280075723395,0.1333331464838917,0.046253501400560226,0.021450872670552883,0.9537464985994399,0.021450872670552887,26.245065270546924,8.597375901861106,1.0,0.0,1.0,-36.98312992577392,18.60808860809139,0.8050716656101791,0.13781482013260649,64.6,19.8353220291479,0.7786557984205154,0.05706956378630698,64.6,19.8353220291479,64.6,19.8353220291479,36.98312992577392,-106.04862299340714,30.26350617856989,18.60808860809139
transfer_x0.6,PianoMPC,balanced,5,35.145791498365355,2.480984189965514,0.004528487136276924,0.0013362097238531795,7.7482646607806345,1.065981693594394,0.5738845747668808,0.015374864890788601,0.6021325863418009,0.017622323365784977,-1.2295342752769716,0.06122701331528846,0.12202853611953712,0.030668568156961135,0.8779714638804629,0.030668568156961114,22.282589605418888,2.0364939827609523,1.0,0.0,1.0,-25.29086761565795,5.36512920259562,0.4315116929884385,0.038307016118860907,45.4,2.5768197453450252,0.4925281186569446,0.0341492748982383,45.4,2.5768197453450252,45.4,2.5768197453450252,25.29086761565795,-55.796391612104195,3.7970583715707185,5.36512920259562
transfer_x0.6,PianoMPC,mild_left_weak,5,37.61577797872404,0.926521216247206,0.0027849912249912796,0.0014014156529645043,7.265205289640825,0.8767405881602574,0.5287055887055893,0.015649583153859538,0.5703879408661237,0.013051961542594921,-1.2940217087386354,0.020869022694224016,0.08464061464061465,0.050356017183232404,0.9153593853593854,0.05035601718323242,23.88803511000383,4.286258583125517,1.0,0.0,1.0,-33.82555571771399,7.252852867791416,0.44516332631116046,0.035169604351604426,42.0,2.756809750418044,0.4777265991947626,0.0372310185071673,42.0,2.756809750418044,42.0,2.756809750418044,33.82555571771399,-54.30994766022452,3.0598022691886793,7.252852867791416
transfer_x0.6,PianoMPC,severe_left_weak,5,39.015700943591504,2.23705816807569,0.0033190040876997797,0.0008989841436096438,8.864243446889692,1.552397459927033,0.501147744332962,0.009982083577124462,0.5420605350828854,0.008363408190683014,-1.4006970270134713,0.044981007821339514,0.11354143441099962,0.0263830959496164,0.8864585655890004,0.02638309594961638,18.950052896463667,2.7956490726517647,1.0,0.0,1.0,-40.446926591899356,13.615173498243484,0.5118873788515291,0.045036359454573016,45.0,5.138093031466052,0.5127182748065499,0.045519333313071855,45.0,5.138093031466052,45.0,5.138093031466052,40.446926591899356,-62.93212803133033,6.667098399262578,13.615173498243484
transfer_x0.6,BayesianMAB,balanced,5,28.0693051944696,1.9170644540594612,0.004527502230165925,0.0025551225995312397,7.569596341701685,0.6284654847727126,0.5187821403346928,0.028657058814459516,0.5353358171561694,0.010589323742937857,-1.2419310189119925,0.025800262414761212,0.08460512850079997,0.03147349958720591,0.9153948714992,0.03147349958720593,27.177367016172564,3.589682213774235,1.0,0.0,1.0,-48.113872985816194,9.533381330151363,0.5167343612651849,0.043803244610852755,53.0,6.099180272790763,0.5764364236171762,0.04137145699943563,53.0,6.099180272790763,53.0,6.099180272790763,48.113872985816194,-65.73873692343606,7.023692521451664,9.533381330151363
transfer_x0.6,BayesianMAB,mild_left_weak,5,28.886470263029246,3.0296539825621607,0.004048372609715113,0.002232989229717492,8.351438800262256,0.8173544344113927,0.44890785970872543,0.05389622386207874,0.5093494914859049,0.022131788136916467,-1.316877458982939,0.047442509605013956,0.0876466036072298,0.035205050419724694,0.9123533963927702,0.035205050419724694,27.3706969680589,2.974117189112658,1.0,0.0,1.0,-57.09160007451159,14.572779203320389,0.6021671966699678,0.05245915044993222,63.4,15.4220621189256,0.6283530764927047,0.03793904585362545,63.4,15.4220621189256,63.4,15.4220621189256,57.09160007451159,-83.28311696658318,19.271960888894004,14.572779203320389
transfer_x0.6,BayesianMAB,severe_left_weak,5,29.23074832859682,3.4444455680060417,0.0027706439850227,0.0019492536853374745,9.726007571098945,1.061070892439309,0.3160409099631028,0.018074670571255797,0.48203211839658994,0.01726910229320951,-1.4000587455643632,0.07251306740516311,0.05462464320929826,0.02848245668535578,0.9453753567907016,0.02848245668535578,27.68221983526625,2.0686205967009634,1.0,0.0,1.0,-39.167031324992124,15.07698436677394,0.6008808292967065,0.06980605473224512,63.4,11.359577456930342,0.602960239644353,0.053021663301196044,63.4,11.359577456930342,63.4,11.359577456930342,39.167031324992124,-88.11607175698393,12.498495485797962,15.07698436677394
transfer_x0.6,CCB-DF,balanced,5,29.91994284537961,2.2407511549468664,0.0024938320880145146,0.0007292704264645296,7.6537913270600395,1.413100398790418,0.5072227572520178,0.017946805133914695,0.4922337159375564,0.028069597826350268,-1.3415206277820968,0.0869604263434852,0.060617776068386586,0.020184276702944863,0.9393822239316135,0.02018427670294487,27.912278421780048,1.316737761135351,1.0,0.0,1.0,-60.96022730089889,9.29932367046511,0.5833919783774215,0.019136168813848334,72.4,5.499090833947008,0.6321833756507844,0.025137207741718147,72.4,5.499090833947008,72.4,5.499090833947008,60.96022730089889,-97.16306227846397,10.102939604341014,9.29932367046511
transfer_x0.6,CCB-DF,mild_left_weak,5,30.123501753869967,2.807643541964641,0.0031792989011700753,0.0009292764599270678,8.54125098376635,0.9066925248453142,0.47270253349357977,0.01696152507510786,0.4808219579038736,0.03146061395932094,-1.3871807840630423,0.07661485073862177,0.056642582133692596,0.019163889792255397,0.9433574178663073,0.019163889792255393,28.61678634207837,3.6417524209043886,1.0,0.0,1.0,-65.36158026043864,12.729200051951564,0.6900388361843557,0.07596139183066195,81.8,12.796874618437112,0.6989170460752715,0.0660764841356805,81.8,12.796874618437112,81.8,12.796874618437112,65.36158026043864,-112.5850408306223,12.34332316612994,12.729200051951564
transfer_x0.6,CCB-DF,severe_left_weak,5,33.050333730475266,3.048260549393897,0.0033601816261695215,0.001732523032078535,9.217493060639068,0.9432723671458436,0.442564528609831,0.02423067198067067,0.4691548839303521,0.029275576300879333,-1.4604758514620557,0.07007015705924735,0.07908331587767073,0.03415649412089916,0.9209166841223293,0.03415649412089916,27.88018208542085,3.2545059544517803,1.0,0.0,1.0,-68.0136741787363,9.720828073304403,0.7550690691201742,0.09054998335732603,83.8,14.048487463068755,0.7450558299618988,0.07907801294066133,83.8,14.048487463068755,83.8,14.048487463068755,68.0136741787363,-121.45190203626603,15.06001284623695,9.720828073304403
transfer_x0.6,LinUCB,balanced,5,29.40747398538606,4.294374090523157,0.0004372738258093917,0.0003474797370831166,7.058584668527939,0.45928633038175,0.5574119133606932,0.008030434977496885,0.4929466832586896,0.03915480292660646,-1.3159336884393449,0.10390665097551394,0.02717362061103511,0.019625408942936885,0.9728263793889649,0.019625408942936892,27.349662199820067,5.163297552963859,1.0,0.0,1.0,-61.83009304426249,23.72865165174051,0.5950893709306244,0.12154209356710256,71.2,18.946239732464065,0.6371750267687123,0.10380496913565279,71.2,18.946239732464065,71.2,18.946239732464065,61.83009304426249,-91.79969186699375,17.992404486766016,23.72865165174051
transfer_x0.6,LinUCB,mild_left_weak,5,30.413382973836825,3.1414911832828953,0.0005925489878310932,0.00034323461446463893,8.267440982878513,0.7402224810307173,0.508350566134565,0.011731869343740394,0.5058714363460642,0.0169793801479016,-1.3440677931694291,0.08108733525454585,0.01967131719392238,0.012063786108685824,0.9803286828060775,0.012063786108685843,26.685869263668696,3.181471916704782,1.0,0.0,1.0,-70.72262528945656,10.372140831285208,0.691589741638022,0.05201963750101107,81.0,6.6332495807108,0.696866367613431,0.039509006123852844,81.0,6.6332495807108,81.0,6.6332495807108,70.72262528945656,-108.41769257781178,5.455089018463187,10.372140831285208
transfer_x0.6,LinUCB,severe_left_weak,5,31.116675516868202,3.60876726658646,0.0005288618997387702,0.0003874102939814483,8.698050209206773,0.38069718626929283,0.4675276368232269,0.010848975206627892,0.49519460390682124,0.03150572749607848,-1.3807706079438042,0.09676138374987865,0.0348243476732051,0.021792634743574124,0.9651756523267949,0.021792634743574107,29.355636993912146,2.8295072825171186,1.0,0.0,1.0,-72.05755707676123,12.466833391173939,0.7461742674138485,0.1051789614921692,82.0,15.362291495737216,0.7303551452325572,0.091415790635932,82.0,15.362291495737216,82.0,15.362291495737216,72.05755707676123,-111.77980321091249,14.775328511442634,12.466833391173939
transfer_x0.6,Thompson,balanced,5,28.044423669314074,2.8942460497575753,0.004664694917211788,0.0028272345070332085,7.641654848429144,0.771525981786757,0.5464272163430698,0.026330794542722004,0.5221741382818532,0.01530622451270374,-1.2707361264650736,0.04610964994253124,0.08568626059465019,0.038678945343917304,0.9143137394053499,0.03867894534391732,28.005343869550284,3.1921426054746167,1.0,0.0,1.0,-61.47192305390712,13.494223970785665,0.6074487357300116,0.06474465331146273,69.2,10.007996802557443,0.6560327250756359,0.059264076670780985,69.2,10.007996802557443,69.2,10.007996802557443,61.47192305390712,-87.62024067170947,10.551035013234792,13.494223970785665
transfer_x0.6,Thompson,mild_left_weak,5,29.859204686043036,3.416390368418014,0.005195190994166339,0.001648773083632196,8.363047557899607,0.9648993048748578,0.5114848369862983,0.017668577906398537,0.503463725439856,0.02370671042729045,-1.3420079318987042,0.060863058110130666,0.1022389323126868,0.02039910823883404,0.8977610676873132,0.020399108238834028,26.209748711896843,4.394344452719612,1.0,0.0,1.0,-51.845519587513934,8.054066415979097,0.6414681440261683,0.07653161253765174,70.2,12.221292893961751,0.6587246581314655,0.06651326150856463,70.2,12.221292893961751,70.2,12.221292893961751,51.845519587513934,-93.50454443743116,12.543252150161635,8.054066415979097
transfer_x0.6,Thompson,severe_left_weak,5,31.057318497049607,1.3817556058044413,0.004906980025825617,0.003377458485355767,8.206944501834261,0.9493456323070771,0.4571833168586929,0.02573886998675905,0.480371312679032,0.02274134690915416,-1.3899117969019874,0.06427353107000455,0.10064272521119921,0.05422412766533515,0.8993572747888008,0.054224127665335166,29.30432158277106,1.8430497043381326,1.0,0.0,1.0,-60.81769868741609,13.928867313203055,0.7412178541008368,0.07125977176195687,78.6,10.669582934679312,0.7193644762537131,0.06384607692838445,78.6,10.669582934679312,78.6,10.669582934679312,60.81769868741609,-108.60778774699511,9.995972500321678,13.928867313203055
transfer_x0.7,PianoMPC,balanced,5,36.264285422735135,1.8822411050857897,0.00236720487588332,0.0016899509920695627,7.558137972646381,0.8393576516541865,0.5498671063163411,0.020851971640650595,0.6076648561345407,0.01231125110909816,-1.2247285152110257,0.03534940214059228,0.08553060793559944,0.04428567947740913,0.9144693920644006,0.04428567947740913,21.978222890502803,2.2984133322073554,1.0,0.0,1.0,-27.23818959382274,5.439175959039975,0.41900021051189346,0.03785291471685099,38.6,3.4409301068170506,0.47366370904812183,0.029210686207657405,38.6,3.4409301068170506,38.6,3.4409301068170506,27.23818959382274,-47.26547737250061,4.382232169051445,5.439175959039975
transfer_x0.7,PianoMPC,mild_left_weak,5,38.32769570543333,0.8391092922353413,0.0037510623761700355,0.00285755673727048,7.495001299542929,0.8826588524139949,0.5235861014324431,0.015591075205534675,0.5746485921900234,0.014724518014109796,-1.2972610342250097,0.0500732927578642,0.10011500535173419,0.05595113394841675,0.8998849946482659,0.05595113394841673,22.43653565994254,3.3680149805974375,1.0,0.0,1.0,-32.894279763475865,8.888393175354834,0.41831555064122516,0.03707102007682218,34.6,4.176122603564219,0.4736762063605413,0.02884317128273362,34.6,4.176122603564219,34.6,4.176122603564219,32.894279763475865,-44.723355294630025,4.246487691439614,8.888393175354834
transfer_x0.7,PianoMPC,severe_left_weak,5,39.42603325095998,0.7675928612434461,0.005173712737127426,0.0015981819085626242,8.551491476256057,1.0439887190091133,0.5108755224982593,0.008750184210420243,0.5704189394887347,0.01031340511712812,-1.3523945205918242,0.02228538587248552,0.14046624212372155,0.02479279514303558,0.8595337578762784,0.024792795143035607,20.72030681142744,2.894346663620434,1.0,0.0,1.0,-35.46173924969415,11.033173047721839,0.5451011415109464,0.04405696341070056,41.4,5.1613951602255765,0.562619230120515,0.025747333773549104,41.4,5.1613951602255765,41.4,5.1613951602255765,35.46173924969415,-55.89730803743788,6.209696819870622,11.033173047721839
transfer_x0.7,BayesianMAB,balanced,5,30.23845396458608,3.5835431611110193,0.0036579478565480785,0.002320513432028501,7.474190530512436,0.7174440167470352,0.5024985372460063,0.08494388244328785,0.5313609597455339,0.0303492629244083,-1.2685544723198954,0.08028256981013435,0.06822460543065247,0.030533860402097015,0.9317753945693475,0.030533860402097043,24.79573681395909,4.287403673388642,1.0,0.0,1.0,-35.88343621852281,4.046684163830029,0.49611714612647073,0.07024770759148845,43.4,4.127953488110059,0.5704925046299685,0.06935365928857916,43.4,4.127953488110059,43.4,4.127953488110059,35.88343621852281,-54.81140126269578,3.6825955277011118,4.046684163830029
transfer_x0.7,BayesianMAB,mild_left_weak,5,30.340793366953456,3.6898980668768915,0.006055071195144724,0.0024337446583012137,8.50023694584166,0.9247609899490246,0.4678005602240896,0.032946674621440346,0.5057641833234174,0.015804705735029023,-1.3398736519982912,0.06445201500311093,0.11683590102707749,0.022425798633616593,0.8831640989729225,0.022425798633616593,27.828386005713718,3.3009244175331176,1.0,0.0,1.0,-38.72494075037655,12.012777398117732,0.5510781890927341,0.10324782760154087,50.0,14.24078649513432,0.6037970159800021,0.08466177933723411,50.0,14.24078649513432,50.0,14.24078649513432,38.72494075037655,-66.26866627590981,16.85117493633766,12.012777398117732
transfer_x0.7,BayesianMAB,severe_left_weak,5,32.783076761349434,2.2422863489711617,0.0034609579804396108,0.0004811051799033759,9.121914541098409,0.4192499378332524,0.348402609943201,0.04393472839539776,0.47416670689592094,0.03411271517020349,-1.4358598505995814,0.05905252283974119,0.068337870538415,0.028678130362731768,0.931662129461585,0.028678130362731796,28.802675465005642,3.6927273848277817,1.0,0.0,1.0,-42.20398024729188,5.75378618720264,0.5737598900060228,0.06066477461054493,50.0,11.099549540409287,0.6146123124010435,0.06462107103851054,50.0,11.099549540409287,50.0,11.099549540409287,42.20398024729188,-71.93094856708737,16.685803593197456,5.75378618720264
transfer_x0.7,CCB-DF,balanced,5,28.910136394800112,1.8503492961639465,0.0058806334320105555,0.0023010295317492297,7.566603731148504,0.6447106712397536,0.5403288700000564,0.01415951049184114,0.5034932699985954,0.01667028114135082,-1.3098505783955932,0.049116003686326425,0.10288784896835745,0.025379267232204992,0.8971121510316425,0.02537926723220498,27.87221741020479,4.782108065768126,1.0,0.0,1.0,-60.1789002463279,14.321599794478269,0.6302177541214136,0.061895232145700745,70.0,7.402702209328699,0.6703452734981398,0.04495935853278305,70.0,7.402702209328699,70.0,7.402702209328699,60.1789002463279,-91.42315033716383,7.731404830371138,14.321599794478269
transfer_x0.7,CCB-DF,mild_left_weak,5,31.01702159827301,3.1624654010924464,0.003180890938660709,0.0015614201627879543,8.432252875181998,0.4249485275013992,0.4674098789337626,0.020455012763297427,0.4893592563189741,0.023479541025186547,-1.3803953479303255,0.06768121144513244,0.06651537519598082,0.030124625476894252,0.9334846248040192,0.030124625476894287,25.854841477531615,5.705951418655662,1.0,0.0,1.0,-59.99906325958684,8.170718525662664,0.6709861867769794,0.06846628263145302,68.8,8.255906976220118,0.6864473980127637,0.05086620066173334,68.8,8.255906976220118,68.8,8.255906976220118,59.99906325958684,-94.47717707929473,7.581437560244242,8.170718525662664
transfer_x0.7,CCB-DF,severe_left_weak,5,30.163284944951975,1.0300895345946453,0.00404503472383219,0.002337558361634316,8.32804801126316,0.86171188398534,0.4304001432658605,0.021606024477360403,0.49553041497403977,0.006945260468493846,-1.3594516192080242,0.02846608489618206,0.06865568795948543,0.020455815485400052,0.9313443120405147,0.020455815485400063,29.063883123520828,1.2090805904294817,1.0,0.0,1.0,-67.07784911863621,2.1968862308210126,0.8069010804222836,0.025691757563701838,78.8,3.9698866482558417,0.7891833426949397,0.024261302235545904,78.8,3.9698866482558417,78.8,3.9698866482558417,67.07784911863621,-107.10659886749777,5.435787750385774,2.1968862308210126
transfer_x0.7,LinUCB,balanced,5,29.645278248954867,5.130455984984226,0.0007018307991981315,0.0004733049961700569,7.653695610085753,1.0842113126852855,0.5560051776003567,0.008521299798145933,0.5135258908838046,0.036095305532717774,-1.3018203955137952,0.10402091407531681,0.026134644613854875,0.006262937239541876,0.973865355386145,0.0062629372395418955,26.779450946276278,5.469597695642318,1.0,0.0,1.0,-49.89833311882605,7.701229113813179,0.6099558784586886,0.09864572790919382,61.0,10.295630140987,0.6529316825155788,0.08187776598772331,61.0,10.295630140987,61.0,10.295630140987,49.89833311882605,-78.48923314242697,9.635928865789198,7.701229113813179
transfer_x0.7,LinUCB,mild_left_weak,5,31.58260929664484,3.639268175139511,0.0006689242424242416,0.0006836294131120987,8.564483001661047,1.418292506957597,0.5074476298701297,0.01286122482101025,0.48719834142989116,0.02810956742430999,-1.3912618556677843,0.10340931927726946,0.02814069264069264,0.019268471212615323,0.9718593073593074,0.019268471212615334,29.055425546431827,2.7627808856555185,1.0,0.0,1.0,-59.24060934562933,14.312300981790166,0.6525842390638597,0.09654814064420564,61.4,12.768711759609895,0.6725821426056711,0.07554693432224918,61.4,12.768711759609895,61.4,12.768711759609895,59.24060934562933,-84.21729231286506,12.739227436072223,14.312300981790166
transfer_x0.7,LinUCB,severe_left_weak,5,30.883355700239896,4.441520408254238,0.0005113511651800298,0.00041074514246942505,9.268338109804699,0.5919341832698878,0.4525972140171858,0.009676832359148343,0.4930910447091783,0.040254412707946614,-1.39470004693591,0.10246474239611895,0.018493341272435748,0.010822180500945475,0.9815066587275643,0.010822180500945477,28.14944569962001,3.296770540726114,1.0,0.0,1.0,-59.595351536416636,17.491956960391793,0.7547703607114589,0.0908734102828281,71.8,15.091719583930788,0.738801934418138,0.06287500246558597,71.8,15.091719583930788,71.8,15.091719583930788,59.595351536416636,-98.65840020362671,14.29493784487254,17.491956960391793
transfer_x0.7,Thompson,balanced,5,31.86475089963674,2.3070743179521953,0.0052273118786673265,0.003105014656279854,7.47445618540917,1.2029661123846316,0.5447143106518075,0.012463683771496667,0.49427383887358217,0.026520601389930332,-1.3490875702149487,0.058546798028855714,0.10629635325357037,0.03897846539918349,0.8937036467464295,0.038978465399183475,25.926466569647584,1.836673338132267,1.0,0.0,1.0,-38.20504360110601,14.91217770165288,0.5028491243829409,0.05859072601821826,45.4,8.039900496896713,0.582031520040769,0.046957029611390325,45.4,8.039900496896713,45.4,8.039900496896713,38.20504360110601,-61.020107005026524,9.59199477835802,14.91217770165288
transfer_x0.7,Thompson,mild_left_weak,5,30.964115037573528,2.726024796641108,0.005340993070971925,0.0019748629966589003,7.84895266098764,1.1271076457349563,0.4960322371503322,0.01963166886468844,0.5032759710203771,0.028504125050113623,-1.3390352551484674,0.08436056806619634,0.1013319577539249,0.017933913502346258,0.8986680422460751,0.01793391350234627,27.255493865809733,3.321570680858858,1.0,0.0,1.0,-33.97851219581074,10.85481716134284,0.6336037764009039,0.07645976416655383,57.6,9.156418513807678,0.6612547098905909,0.04132264335909319,57.6,9.156418513807678,57.6,9.156418513807678,33.97851219581074,-76.63823132742205,9.953319726641663,10.85481716134284
transfer_x0.7,Thompson,severe_left_weak,5,31.257155996702046,3.959562849416004,0.0037867125668885246,0.0017040883862748295,8.855594518167901,1.5592811705113783,0.4384674567299114,0.010468768426395008,0.4884358403088488,0.03402856682483222,-1.3922166805593088,0.11031331316269553,0.07255647031962595,0.017753032372272166,0.9274435296803741,0.01775303237227217,26.01369455726691,3.3085224955226584,1.0,0.0,1.0,-50.546042048305566,9.165779592218739,0.6665598943521662,0.11476713459038927,57.4,10.8,0.6628815917833438,0.10467096962246283,57.4,10.8,57.4,10.8,50.546042048305566,-78.8602172254327,10.3658664571051,9.165779592218739
transfer_x0.8,PianoMPC,balanced,5,39.26472217603316,2.523178932157529,0.004267164021164065,0.002629649606327108,7.186199776491108,0.8569512091104692,0.5341798227513231,0.010937332839841676,0.5948170499444437,0.0174524681681621,-1.2634385666976389,0.07535529608307351,0.10065079365079366,0.04132307959580737,0.8993492063492063,0.041323079595807374,22.71979079142681,2.0713129484864394,1.0,0.0,1.0,-19.1614012101681,6.998639251016896,0.36951383799464815,0.031061996221047408,28.8,2.7856776554368237,0.4669445061465879,0.01804453382529878,28.8,2.7856776554368237,28.8,2.7856776554368237,19.1614012101681,-36.20779102429384,1.9815116904384913,6.998639251016896
transfer_x0.8,PianoMPC,mild_left_weak,5,39.545507070457155,2.6752943891852037,0.0039466642809793135,0.002226707182179547,7.784484305272696,1.210718150340919,0.5157040162439481,0.016010267491482353,0.5856635918475335,0.01834193091407324,-1.2996173238767987,0.025831856617611792,0.09884584394641321,0.042188282908775805,0.9011541560535867,0.04218828290877584,19.079770613048623,3.103565220053137,1.0,0.0,1.0,-27.68494342050111,11.249479610450159,0.42140358349966733,0.051089313754487525,30.8,4.4,0.4840333549402042,0.04775709539480276,30.8,4.4,30.8,4.4,27.68494342050111,-39.99286928416715,5.523332586019506,11.249479610450159
transfer_x0.8,PianoMPC,severe_left_weak,5,38.78395525552701,3.246381562067366,0.0027791359620771626,0.0017237842616994153,9.07828733889482,0.899506379857367,0.48622976729153217,0.009799346960429133,0.5767512260294645,0.024334752204776846,-1.344129497066814,0.06543890789672453,0.10601702219349278,0.03595064497614796,0.8939829778065072,0.03595064497614794,20.781613779480924,3.18426293465203,1.0,0.0,1.0,-32.08060690654615,13.051957993695796,0.5241300440564939,0.06488296101234993,36.2,5.741080037762929,0.5378886099604567,0.040268086240821975,36.2,5.741080037762929,36.2,5.741080037762929,32.08060690654615,-48.32043856022942,5.940857659446552,13.051957993695796
transfer_x0.8,BayesianMAB,balanced,5,30.868953906316477,0.7920947233088278,0.003490932186828233,0.0019258476207569654,7.638601997634323,1.104203123108123,0.44519879944060764,0.06106627948367717,0.543748453016794,0.03056323355260906,-1.2632655921091547,0.05476719479502645,0.07417064797220223,0.01721178331060568,0.9258293520277977,0.01721178331060569,25.172248541700093,2.328870824066049,1.0,0.0,1.0,-31.405556452600262,6.011190966042175,0.533415538280361,0.026342775370537207,45.2,3.370459909270543,0.5921970682862514,0.016025132291111795,45.2,3.370459909270543,45.2,3.370459909270543,31.405556452600262,-57.132793430426624,5.282815067191559,6.011190966042175
transfer_x0.8,BayesianMAB,mild_left_weak,5,27.14330329884126,4.476158961193929,0.0051765835506301615,0.0031263584531156154,9.007586633567186,1.4660323066089143,0.4583553034006953,0.06305575202211643,0.5329012548572445,0.027772333562281606,-1.271330543060697,0.08171597163189986,0.09181334202520643,0.04104739515283556,0.9081866579747937,0.04104739515283554,25.859459429643096,3.9061135999025405,1.0,0.0,1.0,-48.02244759366313,9.323898779634062,0.6277522066802914,0.10099505124934952,50.0,10.936178491593852,0.6632050985136944,0.07760121120099459,50.0,10.936178491593852,50.0,10.936178491593852,48.02244759366313,-62.89409572656133,11.171439540427127,9.323898779634062
transfer_x0.8,BayesianMAB,severe_left_weak,5,32.880957347334274,2.1426924271189693,0.005264977443609034,0.004253864532478891,7.62776543341857,0.5522681537207343,0.3974468075019483,0.10566163498899153,0.5102156712211913,0.022603926020127667,-1.338985260851799,0.058473540794993235,0.09875026852846401,0.07892277051638033,0.9012497314715361,0.07892277051638033,25.657939502011782,2.512215600863051,1.0,0.0,1.0,-34.52089571414305,6.947023130103972,0.6120973925115833,0.04802508670241603,43.8,6.523802572120036,0.6512200516244409,0.025421709027653765,43.8,6.523802572120036,43.8,6.523802572120036,34.52089571414305,-58.73435104177558,9.653271906681812,6.947023130103972
transfer_x0.8,CCB-DF,balanced,5,31.857554868476235,1.2054073690017446,0.004842028574714915,0.0021585613657879774,7.52717948097933,0.4308537947005157,0.5510970090209998,0.021891943031769227,0.4913009928451074,0.015259646608175543,-1.358680414401247,0.0350369518615548,0.09769175786256531,0.03904147497846712,0.9023082421374348,0.039041474978467126,27.77508642663563,3.061938469845369,1.0,0.0,1.0,-42.96136493013703,7.614477118711289,0.5618047483613797,0.034351458472278516,49.0,2.6832815729997477,0.6283671817099975,0.0275714333882432,49.0,2.6832815729997477,49.0,2.6832815729997477,42.96136493013703,-66.48606359004094,2.0004453644677995,7.614477118711289
transfer_x0.8,CCB-DF,mild_left_weak,5,30.698637284977764,4.276425232963943,0.002473306325419038,0.0016254519122565413,8.83738156256078,1.2845590526549204,0.4816729956967891,0.021545696082100222,0.496618003717938,0.03869577371921636,-1.3747427091907425,0.1212633284540476,0.06189890463723632,0.03817114205074049,0.9381010953627638,0.03817114205074051,28.236922755392925,3.1830008180094245,1.0,0.0,1.0,-57.52207655766788,17.21731354475838,0.6800896537120128,0.09466955325675747,64.0,15.349267083479914,0.6997431531535439,0.06423612647879129,64.0,15.349267083479914,64.0,15.349267083479914,57.52207655766788,-86.26100971999077,13.519893082571343,17.21731354475838
transfer_x0.8,CCB-DF,severe_left_weak,5,32.687669858084845,4.564033337722574,0.0035434852728970325,0.0028162484963352033,9.52394794640913,0.5265141926204534,0.4319889092606739,0.037806399599637205,0.4677055150719629,0.03413872054319647,-1.4618975580594022,0.10969083864948279,0.07379113261466203,0.04813771117089335,0.9262088673853379,0.04813771117089334,23.012384136101673,3.5566315266463424,1.0,0.0,1.0,-52.73601068659083,8.238635437845685,0.7197195017212504,0.0904624371439765,58.6,11.46472851837321,0.7192452755991706,0.050874717962652416,58.6,11.46472851837321,58.6,11.46472851837321,52.73601068659083,-84.50148268950412,10.414674514239135,8.238635437845685
transfer_x0.8,LinUCB,balanced,5,27.89947676399937,1.9859520955352548,0.0007433476970790385,0.0005928743065247068,7.09823192861468,1.095637963357914,0.5599671293283831,0.007456922159734951,0.5195173303935916,0.01498384961265712,-1.2556405158339863,0.032909915551109066,0.024275177558759648,0.013737117445017278,0.9757248224412404,0.013737117445017275,30.146868829258125,2.6939196939454924,1.0,0.0,1.0,-62.97271267454962,11.616346149029546,0.678720995675993,0.06098547339465867,61.2,9.94786409235671,0.7188390238603706,0.04831342104688812,61.2,9.94786409235671,61.2,9.94786409235671,62.97271267454962,-76.80600199312866,12.62554050669073,11.616346149029546
transfer_x0.8,LinUCB,mild_left_weak,5,33.072488002677325,1.2291937781484301,0.0007267474262432214,0.0005282268972079256,8.22638026509476,1.3112643763778964,0.5192201352055973,0.0110670672684287,0.4833667613534681,0.016933231366005386,-1.4024576417595438,0.05001369428407327,0.04287508942971128,0.02821285651537686,0.9571249105702888,0.028212856515376864,28.26155439267177,3.167892426682318,1.0,0.0,1.0,-39.98834937456809,6.741037349701481,0.5823650512121243,0.02965219850250234,46.8,2.7129319932501073,0.6312303464234804,0.03508812733224216,46.8,2.7129319932501073,46.8,2.7129319932501073,39.98834937456809,-65.57567203459911,3.4643546727476555,6.741037349701481
transfer_x0.8,LinUCB,severe_left_weak,5,34.96466484671082,2.2466527922433492,0.0008182680877228922,0.0007397990264418906,9.308319721409186,0.4407388972045256,0.46483914625528466,0.014293422762989755,0.4706395702368322,0.03310502655265257,-1.4767254099121643,0.08596609827595487,0.033813818210210914,0.027537476234819107,0.9661861817897892,0.027537476234819086,27.223769181649242,3.3507052130807646,1.0,0.0,1.0,-42.779406739856086,7.667241691276053,0.6533088445652305,0.0760598927490865,49.6,6.1838499334961226,0.6709187278283922,0.05338703998101644,49.6,6.1838499334961226,49.6,6.1838499334961226,42.779406739856086,-72.75743296879936,5.3347527656180596,7.667241691276053
transfer_x0.8,Thompson,balanced,5,26.33563076702733,3.124174506978172,0.003123447966507166,0.0025459749709484457,8.400075407380506,0.5734263210756073,0.5255232417691957,0.03318748712151096,0.5402289521683211,0.021748411131614465,-1.2385886986285786,0.06824030583579484,0.07252321143768511,0.044256101174310405,0.9274767885623149,0.044256101174310426,26.889718203119834,3.454224728720357,1.0,0.0,1.0,-53.78957455502227,17.580174812211823,0.6494443876590743,0.0907602136291156,59.6,12.435433245367852,0.6985742307273004,0.08113580379358044,59.6,12.435433245367852,59.6,12.435433245367852,53.78957455502227,-73.15111751561518,12.337876534686469,17.580174812211823
transfer_x0.8,Thompson,mild_left_weak,5,33.33231027666883,3.6470608182091597,0.006621919599758422,0.001408794357158242,8.33243793735309,1.327126964363016,0.5143152165042588,0.0174939935304658,0.496045694411772,0.012299452653287407,-1.390224338205933,0.07273370430006382,0.11626043286584584,0.023506620902388062,0.8837395671341541,0.023506620902388076,26.002123429780944,3.740428940923716,1.0,0.0,1.0,-42.60273976318032,12.945235050819726,0.588687073776253,0.10006933848180201,48.4,10.36532681587995,0.636020479420767,0.09555550761077335,48.4,10.36532681587995,48.4,10.36532681587995,42.60273976318032,-66.87237738148772,12.854939288585463,12.945235050819726
transfer_x0.8,Thompson,severe_left_weak,5,31.573217800353973,1.08555976675299,0.0035706472696605484,0.0012890943435185447,8.978611360039242,0.9723194387690619,0.4397148911177374,0.033949466409209206,0.49672442564693553,0.003900624098101848,-1.3855592717598735,0.02651662348274012,0.08488238306075117,0.016636070687635052,0.9151176169392488,0.016636070687635087,27.9541669115029,2.598601295823323,1.0,0.0,1.0,-47.35454593985125,11.265376178579634,0.7097808866490649,0.06880555246979378,54.6,9.891410415102591,0.7262446622021803,0.049644579704929546,54.6,9.891410415102591,54.6,9.891410415102591,47.35454593985125,-75.61543916960866,13.533399349641444,11.265376178579634
transfer_x0.9,PianoMPC,balanced,5,37.051686572285185,1.541052396891821,0.003014238702474041,0.0034029990889401433,8.028668263854065,1.2665114158309563,0.5210031909267206,0.02948710625624413,0.6178802173994762,0.01859108099868002,-1.219609371316078,0.06786949068706763,0.08779162014456132,0.059722867959888695,0.9122083798554387,0.05972286795988871,23.06234018895665,2.378746709590679,1.0,0.0,1.0,-15.525736712814075,5.981741049029292,0.40663773583309054,0.07237804588350717,27.6,3.878143885933063,0.5018157835780832,0.057775276240688185,27.6,3.878143885933063,27.6,3.878143885933063,15.525736712814075,-33.552700098340054,4.422067701171836,5.981741049029292
transfer_x0.9,PianoMPC,mild_left_weak,5,40.64592045569329,2.1732221243341847,0.002335945998446037,0.0013038555038504872,8.670195647586416,1.1633644570341197,0.5146027874902879,0.011360931288167935,0.5935904074070538,0.026154462814768267,-1.3248984982728431,0.08846113240950876,0.0961829836829837,0.04386524235434217,0.9038170163170165,0.04386524235434216,22.05341997074319,3.3534918482430776,1.0,0.0,1.0,-26.42334241164234,7.556288593507149,0.4428513431906831,0.07134113421550221,30.4,5.571355310873647,0.49691805193946725,0.030004236328090416,30.4,5.571355310873647,30.4,5.571355310873647,26.42334241164234,-39.81937202071724,5.160493221026666,7.556288593507149
transfer_x0.9,PianoMPC,severe_left_weak,5,40.11311165472729,1.5536722271165861,0.004268056194125189,0.003923472917807542,8.241135421649208,1.1576218876726394,0.49013753256705,0.012952700790293205,0.5674825075081283,0.02021250595603309,-1.3462458271486968,0.07579962609124039,0.10397299762817003,0.041820600132028846,0.89602700237183,0.04182060013202882,25.01318024438212,3.805680786430457,1.0,0.0,1.0,-28.039460591093075,8.416845533623015,0.49726075480128984,0.04206286324124979,29.2,3.370459909270543,0.5423777332204242,0.03406189265194435,29.2,3.370459909270543,29.2,3.370459909270543,28.039460591093075,-39.18734466113104,3.8627494116596117,8.416845533623015
transfer_x0.9,BayesianMAB,balanced,5,27.724223633994676,3.00527362868362,0.002033809523809526,0.0023968036160053195,7.58691147697966,0.7836287166395521,0.4794171463757917,0.05119024482688917,0.5515611601893897,0.04244887537434622,-1.2068595057745561,0.07800118762915681,0.04741496598639456,0.05057016757243294,0.9525850340136053,0.05057016757243294,27.755824869408134,2.1442765233820293,1.0,0.0,1.0,-33.99024594150683,10.198316470903459,0.5826018950733806,0.08973921236154382,43.2,10.533755265810953,0.6800292996261678,0.057153988888945226,43.2,10.533755265810953,43.2,10.533755265810953,33.99024594150683,-51.63947785529687,10.599574653502307,10.198316470903459
transfer_x0.9,BayesianMAB,mild_left_weak,5,29.207390880865443,4.027936096992493,0.0020458095238095287,0.0013697607053871407,9.036727684113293,0.7230901905110162,0.37709696598639464,0.0571976363410388,0.5062945077569404,0.03247287621902279,-1.3336825079619046,0.08513820468775632,0.044911564625850345,0.026856205485092682,0.9550884353741497,0.02685620548509267,25.813594789302478,4.707054190637174,1.0,0.0,1.0,-37.8698455045739,10.67361133546691,0.5661184599954537,0.11121276154596162,40.8,8.37615663654877,0.6409692546299907,0.09306000477734451,40.8,8.37615663654877,40.8,8.37615663654877,37.8698455045739,-53.763171564216485,8.312895963461814,10.67361133546691
transfer_x0.9,BayesianMAB,severe_left_weak,5,31.390711354663893,3.502171300803496,0.0031256918246946167,0.0027768734979845538,9.065066906455128,1.9286971761458842,0.3570203799177662,0.0538783750460575,0.5081331191982397,0.016117896530303422,-1.35988549879031,0.09356910597433316,0.07148363553224468,0.042602827838770306,0.9285163644677553,0.0426028278387703,22.96441278976272,3.6394030438425014,1.0,0.0,1.0,-28.774034482710476,4.847839866032634,0.6097738740291738,0.08187103050287146,40.6,7.418894796396563,0.659469550215368,0.060501365602781264,40.6,7.418894796396563,40.6,7.418894796396563,28.774034482710476,-54.9019804537718,9.189856894232884,4.847839866032634
transfer_x0.9,CCB-DF,balanced,5,33.62283066356462,3.778300075053721,0.003388874691200282,0.003863299524375098,7.515558123291752,0.8608829759534642,0.5225573095025131,0.04216803226179158,0.4716827003399409,0.0357902398227583,-1.4067014329135448,0.09038706740483689,0.06760477894198826,0.06524954153265222,0.9323952210580118,0.06524954153265222,26.90407286758785,1.5051636817813814,1.0,0.0,1.0,-37.42711879541307,7.466371649164498,0.5351908188891482,0.06645010626299212,40.8,5.2687759489277965,0.6327382704784835,0.05810433761735411,40.8,5.2687759489277965,40.8,5.2687759489277965,37.42711879541307,-56.97360967182048,4.699362673536567,7.466371649164498
transfer_x0.9,CCB-DF,mild_left_weak,5,30.20834356660952,2.2667717043611075,0.0037692920003050447,0.0018881688348816375,8.39531548510068,0.604056448487197,0.46835219263326466,0.029534433637739194,0.4996530345521899,0.022557378818856395,-1.3495399827190748,0.05508461727120021,0.06489498970487302,0.01718511500958292,0.9351050102951269,0.01718511500958292,24.919092923599628,3.448973285566338,1.0,0.0,1.0,-43.212148584689864,11.481693186675566,0.685625570301891,0.059290235814982294,52.8,6.910861017268399,0.7025140362932095,0.036443573132449655,52.8,6.910861017268399,52.8,6.910861017268399,43.212148584689864,-70.90785406812788,6.720368833346595,11.481693186675566
transfer_x0.9,CCB-DF,severe_left_weak,5,31.957152540998596,2.0299661438583763,0.0036621514068742892,0.0021524364935939823,8.860781622043588,0.5970356317320634,0.4451764795724508,0.02440913325612608,0.49829526829750537,0.020257109551362687,-1.3879242220228183,0.0661273562724044,0.0797981178378358,0.029043522956390268,0.9202018821621643,0.02904352295639029,26.401542766120343,3.090637111615588,1.0,0.0,1.0,-47.24516660557074,9.691666164944467,0.7650983042335525,0.03970524978342953,56.6,5.9531504264548865,0.7561651399515825,0.025795324155234996,56.6,5.9531504264548865,56.6,5.9531504264548865,47.24516660557074,-78.22827103750254,5.5909379728643795,9.691666164944467
transfer_x0.9,LinUCB,balanced,5,26.162421193490054,4.086349134430087,0.0006113262450188159,0.000370504163508012,7.9480404567990135,0.9224960908238024,0.5638363982594032,0.012231582225951118,0.5503979453855823,0.030177482452382266,-1.2086456180032972,0.10663007572677329,0.03218102113976672,0.01881807880533337,0.9678189788602332,0.01881807880533338,29.151421830739576,2.8845546441263132,1.0,0.0,1.0,-54.820165094868685,13.420747126643702,0.6699473529149665,0.05306819204281406,58.2,8.541662601625049,0.6990928733541338,0.023565932262586426,58.2,8.541662601625049,58.2,8.541662601625049,54.820165094868685,-69.47260340602334,4.770879117540894,13.420747126643702
transfer_x0.9,LinUCB,mild_left_weak,5,30.871340795739883,3.320514597735129,0.0009529989298216978,0.0006149047932917162,8.497154830690514,0.7855093490884808,0.5041292859273646,0.014906748051343715,0.5103912101389009,0.028117041598533298,-1.3426628246034396,0.10082627391670218,0.023523205567717732,0.00816252115649144,0.9764767944322823,0.008162521156491437,28.95696637367586,2.521186082140568,1.0,0.0,1.0,-50.70219863656052,10.108007688456015,0.6886118578197846,0.04895196632383655,51.8,6.8527366796047255,0.7221474048934484,0.04271745670186017,51.8,6.8527366796047255,51.8,6.8527366796047255,50.70219863656052,-68.8832642793772,3.60377561702085,10.108007688456015
transfer_x0.9,LinUCB,severe_left_weak,5,30.061681002140762,3.6576956718077986,0.0016271144877889189,0.0010567648905311844,7.766558225861287,0.37802076501786414,0.4678272000211532,0.012346584222915093,0.5063415382433009,0.03020154238420336,-1.320342345497678,0.07959048424267423,0.05749761536819302,0.01461059447998656,0.9425023846318071,0.014610594479986545,27.85132767354,3.0033963498069287,1.0,0.0,1.0,-53.37350131065955,9.897282796473466,0.7829960821621983,0.07068393992192495,56.6,8.357032966310472,0.7734781962901833,0.048988485568848744,56.6,8.357032966310472,56.6,8.357032966310472,53.37350131065955,-74.15089607318978,7.060430296337366,9.897282796473466
transfer_x0.9,Thompson,balanced,5,25.9974418456825,2.7389677168993876,0.0048268337510442814,0.0028607474241465355,7.663703425356164,0.4946669096440538,0.5352842940685045,0.019409697086601774,0.5606977336262093,0.03318669843338997,-1.1797683596713742,0.06631466680792326,0.0898078529657477,0.02999244861313565,0.9101921470342523,0.029992448613135644,30.281478537576497,1.8608026785126355,1.0,0.0,1.0,-40.26846052259617,15.297312254203138,0.6638397110247981,0.07159561426044471,51.4,10.384603988597735,0.7178661994616652,0.03813190544232498,51.4,10.384603988597735,51.4,10.384603988597735,40.26846052259617,-60.12066287843667,9.929976336657687,15.297312254203138
transfer_x0.9,Thompson,mild_left_weak,5,28.88173804700375,3.78699510538121,0.0035097511638886095,0.001580515599883292,7.98553540071067,1.1110212294838986,0.5020352620276884,0.02230375091857687,0.5309155303833529,0.030321836107256802,-1.2695289972206774,0.09415828865236713,0.10074852557321001,0.0129034501685638,0.8992514744267901,0.012903450168563795,25.994374965024843,5.262030268288108,1.0,0.0,1.0,-43.9762937752678,7.83589740840474,0.6541965229712466,0.07971668093778203,48.2,8.399999999999999,0.7007512559756058,0.05189550528162795,48.2,8.399999999999999,48.2,8.399999999999999,43.9762937752678,-60.59773633129267,7.546138566239502,7.83589740840474
transfer_x0.9,Thompson,severe_left_weak,5,30.68523533360355,4.718348391562491,0.004778238304093563,0.0030974365363233983,9.547291377818956,0.9974643865436709,0.43563768762183236,0.021826214526248725,0.5101519147163772,0.03563902108766117,-1.3641607967771978,0.11029695803898099,0.07387670565302143,0.02383773361973906,0.9261232943469786,0.02383773361973908,27.234372596788784,6.325664081410579,1.0,0.0,1.0,-34.83815182731744,12.535045390229136,0.6703721337342129,0.13277340840619534,43.6,11.038115781237304,0.6998903821544549,0.08438483341274791,43.6,11.038115781237304,43.6,11.038115781237304,34.83815182731744,-58.291403805041476,10.592307244410193,12.535045390229136
transfer_x1.1,PianoMPC,balanced,5,37.79679026617931,0.6669928944120159,0.0026457368718238545,0.0019228652755518966,7.935771357226829,1.2691598434038516,0.4969159043854698,0.020047258208301378,0.6406062762500235,0.020387630835687544,-1.180665145286073,0.04468452279707321,0.08114059853190289,0.031810909197233964,0.9188594014680971,0.031810909197233964,23.12041417207383,2.9364006223902575,1.0,0.0,1.0,-19.92048061458239,6.434202219278957,0.38390904709144813,0.020744466216503946,22.0,0.8944271909999159,0.48967652860777794,0.040045200851830505,22.0,0.8944271909999159,22.0,0.8944271909999159,19.92048061458239,-25.98665318560735,1.6729540164385521,6.434202219278957
transfer_x1.1,PianoMPC,mild_left_weak,5,40.66185485487963,2.2933998525999044,0.002703496503496543,0.0016751345028740321,7.669122204823178,0.914421006211699,0.49837062937062954,0.016360541814858114,0.6181389576859507,0.019726093813195227,-1.2488969098287832,0.052186547846139866,0.09580419580419582,0.05832352297060991,0.9041958041958041,0.05832352297060993,20.7139899403597,5.992986600339774,1.0,0.0,1.0,-21.638850255318594,6.211749735566574,0.4360936292764103,0.02550901290644219,23.4,1.7435595774162693,0.5215873018479662,0.036896649513178253,23.4,1.7435595774162693,23.4,1.7435595774162693,21.638850255318594,-29.213161426227874,2.3210275825069746,6.211749735566574
transfer_x1.1,PianoMPC,severe_left_weak,5,41.08883092981951,3.8159053452793725,0.001790526315789489,0.0009771207795393996,8.836747650319584,1.2265281441983389,0.4644946365914787,0.009583926329363083,0.5964270183483266,0.028479961756674253,-1.3168420020042109,0.06154568798165694,0.09581453634085213,0.034444662265373384,0.9041854636591479,0.03444466226537337,23.425516052212963,5.702516194418177,1.0,0.0,1.0,-24.752195070528778,6.061514596487951,0.4380075499061281,0.06231721172863508,21.8,3.1874754901018454,0.5311384630783595,0.021462374916781532,21.8,3.1874754901018454,21.8,3.1874754901018454,24.752195070528778,-28.54841018397655,2.971579902524279,6.061514596487951
transfer_x1.1,BayesianMAB,balanced,5,30.289329924875183,3.07695582632825,0.0019441269841269776,0.0022669935294092575,7.127873837807743,0.7322289568531098,0.424115409035409,0.07947695422042035,0.5614521170349132,0.02768117686130503,-1.2002646725208497,0.07131357392571347,0.0446031746031746,0.044485242045976786,0.9553968253968254,0.04448524204597678,26.66445720783606,5.723608952040802,1.0,0.0,1.0,-27.597133587908804,11.282805554478138,0.5088529187520139,0.09523991246699011,30.6,6.406246951218787,0.6396484634350654,0.06548370667118307,30.6,6.406246951218787,30.6,6.406246951218787,27.597133587908804,-36.63078069307148,7.704176565203149,11.282805554478138
transfer_x1.1,BayesianMAB,mild_left_weak,5,30.859900624156392,6.039418688238667,0.004096746655911809,0.003120543451892875,7.733124393000385,0.5884834993379319,0.44434704900181476,0.1297024857694399,0.5151901560636103,0.04764978976535227,-1.2963008187841085,0.15620577683651868,0.07249445452712241,0.057516404458932,0.9275055454728776,0.05751640445893201,26.510374510068168,4.432636837364737,1.0,0.0,1.0,-30.11436514320159,10.784879207671352,0.5354162472000319,0.10022414624103076,29.2,4.578209256903839,0.6530962468454699,0.06833560342420052,29.2,4.578209256903839,29.2,4.578209256903839,30.11436514320159,-37.28474790258783,3.2988536652195712,10.784879207671352
transfer_x1.1,BayesianMAB,severe_left_weak,5,30.498517301512926,1.4894370187559685,0.0040185038519691876,0.00288069116603196,8.726457134361265,1.0413948297633633,0.37080371471713547,0.07869759528486696,0.5202689645238276,0.026445053319211168,-1.318668016725733,0.07672705875843476,0.07371082849519021,0.04465049274062499,0.9262891715048098,0.04465049274062499,27.75369492876664,1.9798410330599931,1.0,0.0,1.0,-32.40882548507666,10.321597845765147,0.6441089592277857,0.07623878716161384,38.2,8.518215775618742,0.673197233028031,0.04116979455971368,38.2,8.518215775618742,38.2,8.518215775618742,32.40882548507666,-50.26637054906109,11.265707098064224,10.321597845765147
transfer_x1.1,CCB-DF,balanced,5,26.37555753206875,6.383970412245396,0.004847979594964284,0.0031518246064433887,7.660381238076761,1.1623896792695578,0.5337009759757315,0.04278759368340254,0.5317441610186142,0.04334846631371841,-1.2283517384575844,0.15109316473052076,0.085866917359824,0.04714469343040429,0.9141330826401759,0.04714469343040429,29.530527904981547,2.9500657481657715,1.0,0.0,1.0,-40.840817891939146,13.624188455219029,0.6587149720334923,0.11868634729791669,46.0,11.489125293076057,0.6996212059135012,0.06758648644896433,46.0,11.489125293076057,46.0,11.489125293076057,40.840817891939146,-54.85916720631866,8.276468888442874,13.624188455219029
transfer_x1.1,CCB-DF,mild_left_weak,5,27.19610227999944,4.078804655438362,0.003019617788773705,0.0014053615391313888,8.338518160612448,0.9442254392182718,0.49075108435871095,0.023185690852858067,0.531300097409421,0.027834710350950673,-1.2578258164407832,0.09574964706674391,0.09276220158047369,0.02737016459874999,0.9072377984195263,0.027370164598749986,30.204640697301166,4.190338748033087,1.0,0.0,1.0,-41.54588392442336,7.511111288883591,0.7125139360697758,0.07002532590852811,45.6,7.418894796396563,0.7208823003863634,0.04328286219411702,45.6,7.418894796396563,45.6,7.418894796396563,41.54588392442336,-56.73749823083517,5.866656641609467,7.511111288883591
transfer_x1.1,CCB-DF,severe_left_weak,5,27.43364752699002,3.854728130506844,0.003055140819964353,0.001686157340884915,9.79402811336934,0.867434940697235,0.43270262032085577,0.01861696572380001,0.5272446033813433,0.03168587462206646,-1.3089332092207233,0.1129686609474479,0.06616399286987523,0.04335287722928034,0.9338360071301249,0.04335287722928033,31.00293721519352,1.6370702525353347,1.0,0.0,1.0,-54.41478366894366,9.120191425142485,0.8105256538117217,0.09010182452100285,51.4,11.217842929904126,0.7813593269412656,0.05224842675000927,51.4,11.217842929904126,51.4,11.217842929904126,54.41478366894366,-66.0179004300563,9.346782149142523,9.120191425142485
transfer_x1.1,LinUCB,balanced,5,30.011545440126024,4.233938579608889,0.0008349930529240881,0.0009761326240712501,7.601484425121813,0.616929563989491,0.5509963323048053,0.02475500970530334,0.52640431175525,0.035016439415774925,-1.2729146918066825,0.09312804315306339,0.02799545282303903,0.028297773913096347,0.9720045471769609,0.028297773913096326,27.443641853621322,3.9455777253998705,1.0,0.0,1.0,-35.68115018861298,6.431431020112084,0.5813591841364991,0.08600167358832013,36.0,7.64198926981712,0.6646416804536676,0.04193028743575017,36.0,7.64198926981712,36.0,7.64198926981712,35.68115018861298,-45.23476297063804,6.764843185996052,6.431431020112084
transfer_x1.1,LinUCB,mild_left_weak,5,26.17637587741074,3.608719947760164,0.0005233351155444158,0.0005256704133374499,8.074110304916484,0.79748105024074,0.5027658016344644,0.01320526557755777,0.5481252748859524,0.025273256616692857,-1.211695017096996,0.0772449321506006,0.03013811455671921,0.023076026975983994,0.9698618854432809,0.023076026975984,28.83797034049892,1.8086363805785968,1.0,0.0,1.0,-42.04542419826087,6.602778879255773,0.739057556718573,0.05013947840538981,47.8,7.19444229944198,0.7372438652737262,0.023070538532965777,47.8,7.19444229944198,47.8,7.19444229944198,42.04542419826087,-57.389330932083155,5.45236819953588,6.602778879255773
transfer_x1.1,LinUCB,severe_left_weak,5,36.889706811433776,6.774177570796775,0.0005905115337671086,0.0009862339671070398,9.346696252068671,0.9805932786442163,0.47466319490178516,0.009774518703604419,0.47757562106822443,0.030663832086505607,-1.484579837781158,0.13052099124134228,0.046954549845016375,0.04197755461916313,0.9530454501549837,0.04197755461916314,24.983685944394274,6.269401206897726,1.0,0.0,1.0,-29.75284608732514,12.150454704592825,0.6412612341619053,0.1291724717692365,36.2,10.107423014794621,0.6812661798254656,0.0869754596860517,36.2,10.107423014794621,36.2,10.107423014794621,29.75284608732514,-52.504263858188345,8.955165097201121,12.150454704592825
transfer_x1.1,Thompson,balanced,5,31.085040205034666,4.947281667834912,0.005787188552188553,0.0019205328120408132,7.676299261099826,1.013701999018327,0.5216209090909091,0.029742876112712743,0.5161425173145135,0.03977449779743143,-1.2957768547588924,0.10760543967845315,0.10521885521885521,0.03305841807039347,0.8947811447811448,0.033058418070393454,26.56509152214238,3.8917152283070187,1.0,0.0,1.0,-30.846795320639956,7.610145156964551,0.47483255672388863,0.1326808112869598,28.4,8.452218643646177,0.6013980702014008,0.10362484370467191,28.4,8.452218643646177,28.4,8.452218643646177,30.846795320639956,-35.95107995571517,7.033314720197899,7.610145156964551
transfer_x1.1,Thompson,mild_left_weak,5,26.51503849496233,3.6913484388606346,0.004442305575615121,0.0023097020931430855,9.385770047945474,0.715507912543382,0.4880307855631852,0.035969010417277375,0.5568759170355035,0.023712112671722275,-1.2358483870634704,0.08515028940771492,0.08627496873705616,0.032124054735640825,0.9137250312629439,0.03212405473564084,31.08928112181082,2.70065235189456,1.0,0.0,1.0,-35.677789157117765,8.20294847677462,0.7257371526879917,0.0684704867966811,44.6,9.891410415102591,0.75693353820525,0.039248495763635496,44.6,9.891410415102591,44.6,9.891410415102591,35.677789157117765,-54.35085626516154,8.55266521593872,8.20294847677462
transfer_x1.1,Thompson,severe_left_weak,5,32.604757560608796,4.141232710130312,0.0056988751663170295,0.004995864370785793,10.116651897320711,1.354894177162118,0.4408235443688932,0.03333144259941187,0.51752935252071,0.023811726362347,-1.3871681720412035,0.11493441793828,0.08469175911036377,0.06486143113925741,0.9153082408896361,0.06486143113925744,25.396467470898536,5.2542905143295755,1.0,0.0,1.0,-30.40242713556295,8.754788050753557,0.6532333908017757,0.1230229933485884,34.4,8.16333265278342,0.68935379240846,0.0815137215082102,34.4,8.16333265278342,34.4,8.16333265278342,30.40242713556295,-46.99614437307797,8.99392795202732,8.754788050753557
transfer_x1.2,PianoMPC,balanced,5,40.62132234770837,0.5397931565014897,0.000813903743315526,0.0004750204500038744,8.52059576843578,0.7006801275490918,0.47434306298276907,0.02668089647635612,0.6414270120395748,0.013907639516422267,-1.2228901871144404,0.010863482640980752,0.059239453357100416,0.03325353760169735,0.9407605466428995,0.033253537601697365,22.613344612257436,2.0476080565242722,1.0,0.0,1.0,-15.478448534520847,5.98967087610963,0.3458977946584757,0.03901176419498245,19.0,2.5298221281347035,0.4636264039814807,0.02133082232286143,19.0,2.5298221281347035,19.0,2.5298221281347035,15.478448534520847,-23.216009112616536,2.943482723055231,5.98967087610963
transfer_x1.2,PianoMPC,mild_left_weak,5,39.03100606039407,3.0706119162229166,0.003389206050569539,0.0016462630871227134,8.341369810123222,1.0608556554863293,0.4992497960170244,0.023632602920219188,0.6406248279207409,0.025922177244538123,-1.2075157854234162,0.03816718435075377,0.1134994594206165,0.044362742652795904,0.8865005405793834,0.0443627426527959,21.55462775488212,3.5160525188661516,1.0,0.0,1.0,-22.13811248297299,7.643645888038979,0.4452003407333668,0.08048216979386379,22.6,4.963869458396343,0.5272779984921198,0.03685374360772459,22.6,4.963869458396343,22.6,4.963869458396343,22.13811248297299,-27.177346342088583,5.608397443745574,7.643645888038979
transfer_x1.2,PianoMPC,severe_left_weak,5,40.103311397851606,4.071442931697521,0.0027779047619047757,0.00218807382962739,8.71941830697872,1.2584984738199387,0.4620093333333335,0.019456408073205946,0.6247813729245045,0.019504957866668764,-1.2621176307798467,0.07526822951028506,0.07114285714285713,0.04553894946490693,0.9288571428571428,0.04553894946490692,20.9548835192804,4.699675829554196,1.0,0.0,1.0,-23.52370701503126,9.82803184388983,0.5125446373287292,0.06285447176949632,24.6,4.079215610874228,0.553151884609658,0.019346656042091074,24.6,4.079215610874228,24.6,4.079215610874228,23.52370701503126,-30.84246225377866,4.163628453620458,9.82803184388983
transfer_x1.2,BayesianMAB,balanced,5,28.24538932585736,2.571202719271513,0.004777891935822976,0.002385951051657585,8.439776550332434,1.372752199445436,0.4294947326636982,0.10703063586052657,0.5362585449721772,0.033950484091277704,-1.2481214319117533,0.07292995615576352,0.1105143701695426,0.06791795624534575,0.8894856298304573,0.06791795624534576,28.740940897708004,2.2293009476385364,1.0,0.0,1.0,-26.338555894733997,12.780864970556834,0.5089461463943661,0.06982306493970344,29.2,5.74108003776293,0.6291760415525951,0.06082823000417302,29.2,5.74108003776293,29.2,5.74108003776293,26.338555894733997,-36.640390668371225,8.295754492093732,12.780864970556834
transfer_x1.2,BayesianMAB,mild_left_weak,5,33.386381069678755,6.173651637934082,0.001939221832933802,0.00167981639888384,8.697763057852455,1.6975257015003533,0.4060774563367667,0.08396448294668028,0.5613957662893352,0.043790755462090915,-1.268551908904612,0.08843591393933846,0.049621980453623454,0.041217636481528354,0.9503780195463765,0.041217636481528354,24.85771878656837,3.1572043773651113,1.0,0.0,1.0,-26.177969090671173,6.202874211826973,0.48722252904394525,0.13621068935980174,24.4,8.064738061462382,0.6314375049697013,0.09480466883122407,24.4,8.064738061462382,24.4,8.064738061462382,26.177969090671173,-31.029395915962237,10.478675340008651,6.202874211826973
transfer_x1.2,BayesianMAB,severe_left_weak,5,30.564903578530835,6.929345329697004,0.004210482654600302,0.0029174777371221055,9.668921761384464,1.2257260809654151,0.4048478016591252,0.07940089624280838,0.555367094163946,0.016349557039806967,-1.283105170169725,0.09804183832802618,0.09095274007038713,0.05519844800816936,0.9090472599296128,0.05519844800816936,27.896499153541136,2.906474069304734,1.0,0.0,1.0,-33.65003167577897,10.22281276505047,0.6263296958976232,0.1490215604032078,32.0,10.13903348450926,0.6773386208391206,0.09944609724399586,32.0,10.13903348450926,32.0,10.13903348450926,33.65003167577897,-40.14244922843644,10.36181404964957,10.22281276505047
transfer_x1.2,CCB-DF,balanced,5,27.713179904208108,2.214286550208631,0.0023821130387638996,0.0013407614959951087,7.778397675456986,1.0138098662038377,0.5088648278666306,0.014763025552179471,0.5234197392661042,0.02096883295267709,-1.2545262142121296,0.07467091251094626,0.045359175928435885,0.012610700117842192,0.954640824071564,0.012610700117842204,29.488215163695052,1.2873362148315257,1.0,0.0,1.0,-33.257744999178485,6.131123497317158,0.6144021142042242,0.03973240151685302,35.0,2.898275349237888,0.6779089532503514,0.011124445150508833,35.0,2.898275349237888,35.0,2.898275349237888,33.257744999178485,-43.709641472760175,1.4845281209854888,6.131123497317158
transfer_x1.2,CCB-DF,mild_left_weak,5,29.463081720071663,2.7896392673183996,0.002824443394863744,0.0013135355436309556,8.747571629260445,1.8421689841380784,0.476566991492264,0.01273071956013228,0.5134575758165895,0.027990077098587127,-1.3223734265771512,0.08084753807118628,0.05678317437528646,0.017450174219659075,0.9432168256247137,0.01745017421965908,28.729655414242075,2.8945482518332177,1.0,0.0,1.0,-37.42111923905704,7.936646604282254,0.7029424950968779,0.045666817005805396,40.0,4.732863826479693,0.7252252428294128,0.022066785351197143,40.0,4.732863826479693,40.0,4.732863826479693,37.42111923905704,-52.77015577196407,6.327096991507084,7.936646604282254
transfer_x1.2,CCB-DF,severe_left_weak,5,30.324968343282627,2.815645355508833,0.0023790773624261176,0.0019146565081155364,8.268859353417557,0.997765589482921,0.4207521223066089,0.015253100931225245,0.5179330975424384,0.02448767396547526,-1.3153979208341593,0.09010483892939336,0.06378415346962987,0.02847311612661695,0.93621584653037,0.028473116126616967,26.55074972908999,3.2319253616057373,1.0,0.0,1.0,-47.04657970717327,8.988820173076821,0.7703096831240831,0.06858259965758895,43.6,6.151422599691879,0.7670852319662577,0.04735555417418408,43.6,6.151422599691879,43.6,6.151422599691879,47.04657970717327,-56.83068918548785,4.6701646287837875,8.988820173076821
transfer_x1.2,LinUCB,balanced,5,27.893998587985855,5.641187520267602,0.00039637046307885066,0.0004893382707436416,7.457480923256322,1.1987279561174962,0.5358420615859918,0.01252467876158269,0.5332733368168503,0.031255009018328984,-1.2281921192473577,0.09794591382852576,0.01602002503128911,0.02293336054277118,0.983979974968711,0.02293336054277119,30.285315008928354,2.6393808927196725,1.0,0.0,1.0,-31.124582360028143,2.877930439976175,0.5784006774457078,0.10993049882250462,33.2,8.657944328765346,0.6509442677194401,0.05500910583407269,33.2,8.657944328765346,33.2,8.657944328765346,31.124582360028143,-39.959655616931116,7.373795833950628,2.877930439976175
transfer_x1.2,LinUCB,mild_left_weak,5,26.258119523615626,6.1528956235018795,0.0014674416183489763,0.0012203108893931028,8.18558014621173,1.0506397389422106,0.5136233207867507,0.008084173759063031,0.5599723713533582,0.032863533893695986,-1.1938453804514362,0.1488684379357111,0.04746793947742149,0.03332100497800595,0.9525320605225784,0.033321004978005934,30.181916166966197,3.3654082088254036,1.0,0.0,1.0,-41.650035353326395,9.589275296918741,0.717086053175663,0.09582442192907284,42.2,11.08873302050329,0.7290590596124752,0.04633641297667062,42.2,11.08873302050329,42.2,11.08873302050329,41.650035353326395,-48.735675466780286,6.740468688765542,9.589275296918741
transfer_x1.2,LinUCB,severe_left_weak,5,26.844930753891997,4.7960918336367895,0.0002446088303504388,0.00018503583766786932,8.941190135652462,1.0051156895314202,0.4615665827758623,0.008157776972352655,0.5450675098121248,0.05125724562094021,-1.247633305747156,0.11591919025131324,0.020001336280182788,0.011260065901540835,0.9799986637198173,0.011260065901540835,29.945466352903292,1.8261784861864752,1.0,0.0,1.0,-50.21712065782881,11.543076163728553,0.7879908793961186,0.10652446828050086,48.8,14.510685717773644,0.7681103459011343,0.05433799343965793,48.8,14.510685717773644,48.8,14.510685717773644,50.21712065782881,-59.25476994811004,12.274709219060895,11.543076163728553
transfer_x1.2,Thompson,balanced,5,28.547334000928043,6.069502179202795,0.003985863930382984,0.0022139801604658276,7.752790396820595,0.6988077988187748,0.5338766168737493,0.022526279524533527,0.5602793919845435,0.03092362179547263,-1.2022396190195463,0.11701332225662744,0.08693028991577087,0.0366177763285338,0.9130697100842292,0.036617776328533816,28.12874366160795,4.127212262816056,1.0,0.0,1.0,-27.158705372365556,5.942356254848381,0.6095752614842863,0.07880827989604694,32.6,5.4258639865002145,0.698445228997146,0.052302135541814634,32.6,5.4258639865002145,32.6,5.4258639865002145,27.158705372365556,-38.595589662987486,3.0547268430968426,5.942356254848381
transfer_x1.2,Thompson,mild_left_weak,5,28.778943759356743,4.5698455995304865,0.003815669713831475,0.002843400395522605,7.715118239362829,1.6088250929925538,0.46584027470565187,0.009604976755786549,0.5564099960022728,0.023028122503810144,-1.209129836729749,0.09917341574155801,0.07097964332619064,0.03339777403055547,0.9290203566738093,0.0333977740305555,31.40607388162831,1.8459797408093188,1.0,0.0,1.0,-31.908296535691797,10.16966775346269,0.6309347967047236,0.12850537405859794,33.4,10.209799214480176,0.6967185103913243,0.07908792537033137,33.4,10.209799214480176,33.4,10.209799214480176,31.908296535691797,-39.667897156870374,10.201869150283397,10.16966775346269
transfer_x1.2,Thompson,severe_left_weak,5,32.940212120622974,5.057438560713375,0.003367443064182197,0.0024266767252092243,8.922669031368015,1.7555869663463237,0.427894347826087,0.0165405779444886,0.5069398041520481,0.03150151419463225,-1.3683426079112082,0.12024762291194874,0.05690993788819876,0.03516969339960184,0.9430900621118014,0.03516969339960183,27.48020679912522,4.114106600135987,1.0,0.0,1.0,-30.668728312696583,13.91428344581265,0.602760482112511,0.12849912969331378,29.0,7.694153624668538,0.6824988665770466,0.08281931139300042,29.0,7.694153624668538,29.0,7.694153624668538,30.668728312696583,-39.02193660841563,7.7054983515546,13.91428344581265
transfer_x1.4,PianoMPC,balanced,5,40.53087197140372,6.053114350747827,0.0006102564102564198,0.0007527115131039615,7.032356993270946,0.7346496941207825,0.41341474358974367,0.05129523867299386,0.6864942091373335,0.025388869060843797,-1.086035912822825,0.10598062187863769,0.023717948717948717,0.031114515639773327,0.9762820512820513,0.031114515639773306,18.94392788829282,3.4726090671985577,1.0,0.0,1.0,-11.109471535383246,7.91374163423545,0.3041566236013403,0.08480384418176051,15.0,4.857983120596447,0.4579712587565886,0.03502842453654216,15.0,4.857983120596447,15.0,4.857983120596447,11.109471535383246,-15.949555136552267,3.977189510189509,7.91374163423545
transfer_x1.4,PianoMPC,mild_left_weak,5,40.40950584625285,3.06264894719134,0.0016008771929824704,0.0016363211596502872,9.012296779642993,1.3221302488871602,0.45310907268170436,0.03655231110406984,0.6595505743164717,0.01070683353020053,-1.1976671316076282,0.06020583431628902,0.03969298245614035,0.033891335959564034,0.9603070175438596,0.03389133595956404,22.58289086045894,3.365435597441958,1.0,0.0,1.0,-16.194741793373993,8.593769033904731,0.40041076990453484,0.09433980058684721,18.4,7.172168430816444,0.5056763308259791,0.027744520701911506,18.4,7.172168430816444,18.4,7.172168430816444,16.194741793373993,-21.779610899340614,7.7927379970357284,8.593769033904731
transfer_x1.4,PianoMPC,severe_left_weak,5,39.59786064409194,3.144678105486955,0.0026728818998716488,0.00206731439444262,9.854071932259995,1.6924588977614465,0.46611823919554995,0.021306943014364914,0.6333105281127585,0.03375552494184159,-1.2638751153756815,0.08725872759256219,0.10658322635857935,0.029137742245279083,0.8934167736414207,0.029137742245279097,20.874600797740854,2.5333489521495753,1.0,0.0,1.0,-14.937520728457395,6.247693072871997,0.5038520158097832,0.118829654036637,22.2,9.579144011862438,0.5788631253553904,0.06302472137472377,22.2,9.579144011862438,22.2,9.579144011862438,14.937520728457395,-27.345728724283447,9.393945909884135,6.247693072871997
transfer_x1.4,BayesianMAB,balanced,5,32.12649807266474,4.255514460382954,0.0013648164528969504,0.001362928560582274,6.549561685217581,0.8810558636722823,0.4635708370190182,0.04116461457901268,0.5731922980415213,0.057128447625980815,-1.1636033370355032,0.13994759495314976,0.03657673595754091,0.030473081448183153,0.9634232640424593,0.030473081448183142,30.045002220855167,3.0180290912206997,1.0,0.0,1.0,-23.766958199662533,2.881405474366212,0.4368096252432149,0.08235238868594306,18.8,4.874423042781576,0.6337784710230611,0.03708769618912822,18.8,4.874423042781576,18.8,4.874423042781576,23.766958199662533,-21.82686596040525,5.8234521070917715,2.881405474366212
transfer_x1.4,BayesianMAB,mild_left_weak,5,30.902441841718826,4.61184655101146,0.0006164835164835155,0.0009407671705680897,9.59083177636045,1.248033764642713,0.3542272145246058,0.06438433478803635,0.5242380690520484,0.05442318258617145,-1.3237336638160377,0.14033665052537259,0.029120879120879118,0.04175824175824176,0.9708791208791208,0.04175824175824174,25.97056559744909,5.150280022417938,1.0,0.0,1.0,-22.00011395250949,11.139662941349997,0.48303043280286745,0.11337809538189202,24.2,5.6000000000000005,0.6221859240182803,0.06060814392817117,24.2,5.6000000000000005,24.2,5.6000000000000005,22.00011395250949,-31.349610690464367,5.453407878643796,11.139662941349997
transfer_x1.4,BayesianMAB,severe_left_weak,5,27.869501013495288,4.5330100063313585,0.0016335382813643668,0.0011385921599613982,9.001788922464362,1.1141805776825855,0.35631869418825934,0.09672195151851327,0.5566966735368559,0.04550833204266768,-1.212833901157936,0.13037318183556845,0.04565432672849553,0.028418002587182998,0.9543456732715045,0.028418002587182987,27.86812695567887,3.6442466841618733,1.0,0.0,1.0,-25.54812091419214,8.003409107716585,0.5713910042722135,0.09053664285550993,22.2,3.1874754901018454,0.6702949762303889,0.09522244601946435,22.2,3.1874754901018454,22.2,3.1874754901018454,25.54812091419214,-27.005238466844123,5.2669762372413125,8.003409107716585
transfer_x1.4,CCB-DF,balanced,5,23.457050595787052,1.8667578829702554,0.004966907339321145,0.0023531095085275746,8.909918611870383,1.290445671041874,0.5360617970907627,0.016467854991576072,0.5557015704834257,0.00616082756948116,-1.181479662097297,0.04784924210467542,0.0817669810773259,0.03336951435169949,0.9182330189226742,0.0333695143516995,29.258105856955535,3.3515991828387914,1.0,0.0,1.0,-33.49375245994113,2.679990773008071,0.6823400265087468,0.043198302617644575,35.0,3.3466401061363023,0.7066556957259975,0.02070707648165622,35.0,3.3466401061363023,35.0,3.3466401061363023,33.49375245994113,-41.28250529383258,3.5688331023529725,2.679990773008071
transfer_x1.4,CCB-DF,mild_left_weak,5,26.21052638531802,1.8242946608410944,0.0028392734980970382,0.0012247040632840727,9.13583127602335,0.9122786310862034,0.47944049718167375,0.01029601770913575,0.5338657739321802,0.007739717944085598,-1.256354972816115,0.04547695061868264,0.0743219154983861,0.028137774486047,0.9256780845016138,0.028137774486047012,31.09715090891719,4.200680155046829,1.0,0.0,1.0,-39.19810864543071,6.2328207147157295,0.7101219588495447,0.022260235168587435,34.8,1.8330302779823358,0.7182106206122834,0.024389853014048987,34.8,1.8330302779823358,34.8,1.8330302779823358,39.19810864543071,-43.64789785987932,1.1575876953381903,6.2328207147157295
transfer_x1.4,CCB-DF,severe_left_weak,5,28.995098473043363,3.616398853869373,0.0028143988908694855,0.001615735740920966,8.716407301030703,0.78600775695904,0.4270059615765499,0.02298670014285404,0.5023512322968001,0.026708563543332887,-1.3271004099242256,0.05830136139413353,0.06865715983363042,0.037893685977745485,0.9313428401663696,0.037893685977745506,27.2997539858369,3.083964789525156,1.0,0.0,1.0,-34.354824764725414,7.656120770407213,0.7215195587603308,0.05415979402463827,32.6,3.0066592756745814,0.7372629394725138,0.033150784377372566,32.6,3.0066592756745814,32.6,3.0066592756745814,34.354824764725414,-43.09778860499297,2.4396555095059447,7.656120770407213
transfer_x1.4,LinUCB,balanced,5,29.42407951653272,6.096151500422114,0.0004825161887141549,0.00045431610488453554,8.660727327734131,0.8574490416855355,0.5335788388997754,0.022583098964795646,0.5432579902221677,0.04561445702974878,-1.2601404126650853,0.1312610877524327,0.024613697879192792,0.020217342902637853,0.9753863021208072,0.020217342902637832,29.85246642440244,2.076692393467196,1.0,0.0,1.0,-26.888729054101127,7.4182889259960065,0.5687886245150241,0.12582649818604494,29.2,9.88736567544662,0.6553643902828049,0.06644254903007692,29.2,9.88736567544662,29.2,9.88736567544662,26.888729054101127,-35.60537643837414,8.370091096634187,7.4182889259960065
transfer_x1.4,LinUCB,mild_left_weak,5,29.376146351558475,1.914977647263098,0.0004913186813186825,0.000496885165576105,9.567070968861714,1.8784921234621328,0.4990774204290334,0.010116629487359452,0.5229728156094675,0.036581699064461466,-1.31911596201823,0.07156014669580175,0.0215018315018315,0.017631037782021672,0.9784981684981686,0.017631037782021665,27.102280575757277,5.672133105210201,1.0,0.0,1.0,-28.813691352702087,9.638864094759153,0.6432026472570593,0.04547399468039964,29.6,2.4166091947189146,0.7010332331538098,0.01036377042047596,29.6,2.4166091947189146,29.6,2.4166091947189146,28.813691352702087,-38.9249412915131,2.306131892291109,9.638864094759153
transfer_x1.4,LinUCB,severe_left_weak,5,32.39032108603334,6.354893721953407,0.00043767961649735215,0.0002941593138275902,9.473484565491315,0.6583091314118329,0.47117292685420764,0.014523183039212751,0.5162109672335399,0.041828713052643136,-1.365766807291934,0.14591637389639112,0.05719097541757641,0.034281740815282444,0.9428090245824237,0.03428174081528245,29.77725623196245,3.1323179709741265,1.0,0.0,1.0,-32.87741876556838,13.96401043064075,0.6994804633538385,0.15130228257262401,32.2,10.759182125050213,0.7393443698428511,0.090947017756512,32.2,10.759182125050213,32.2,10.759182125050213,32.87741876556838,-42.45264014517249,9.837065183298638,13.96401043064075
transfer_x1.4,Thompson,balanced,5,28.36114797664889,7.70862070497681,0.005740042962125496,0.007455305482526897,7.652093279850431,0.9400685650858327,0.5041595715093273,0.03468724620232522,0.5801595100414387,0.036946725917626724,-1.147482852699564,0.12476929019689979,0.0881865460712267,0.0577763481959661,0.9118134539287734,0.05777634819596606,28.266360399474934,3.598627042075832,1.0,0.0,1.0,-27.595349529834543,13.15292194206373,0.5262397038051316,0.17962742394075115,29.0,17.216271373325874,0.6428350617740551,0.09492254450749049,29.0,17.216271373325874,29.0,17.216271373325874,27.595349529834543,-31.81587938539102,15.24822033012944,13.15292194206373
transfer_x1.4,Thompson,mild_left_weak,5,24.844286024841473,7.825770072032573,0.0037949943520412073,0.001936265568022081,7.465630699591124,0.35649417458035476,0.49291917331759405,0.03082406350025813,0.5790962784341549,0.024234134126604023,-1.1154434159814515,0.12463255599757478,0.08338375144666339,0.023302311118087983,0.9166162485533367,0.02330231111808801,29.52637210173362,3.239193169898866,1.0,0.0,1.0,-29.12755979906758,14.162898370812776,0.6986125821645086,0.18309000545344034,35.2,11.685888926393234,0.7305598534645774,0.10458846504490951,35.2,11.685888926393234,35.2,11.685888926393234,29.12755979906758,-38.18041886918826,11.769873983425262,14.162898370812776
transfer_x1.4,Thompson,severe_left_weak,5,29.604029165943974,5.8602217123580695,0.0024670108703646514,0.0015140178681045864,9.074595139643097,1.2138634895855176,0.4523521562113218,0.016368448793933992,0.5486734984700247,0.04715132934136458,-1.2665181783447568,0.10716176939243613,0.06213943191680273,0.039744650497174,0.9378605680831974,0.039744650497174,28.448955012381486,3.1493329805622254,1.0,0.0,1.0,-29.758569778949653,7.392573475010883,0.6898936738294614,0.12347135252213125,30.6,7.761443164772903,0.7260884620166123,0.062167485138747265,30.6,7.761443164772903,30.6,7.761443164772903,29.758569778949653,-38.02451336672189,7.111010033331165,7.392573475010883
obs_x2_transfer_x0.8,PianoMPC,balanced,5,38.22316816801491,2.587894412262258,0.0032977211153626604,0.002783773061544306,14.593596425644913,0.95751002140798,0.5286360125566262,0.02241339211299242,0.6205015821476604,0.009960024705808243,-1.4173088010727635,0.04389007171793077,0.08340700180322821,0.053330458087635514,0.9165929981967718,0.053330458087635514,23.052516467463757,4.449141084974625,1.0,0.0,1.0,-18.643231993949044,9.487136029922489,0.43398948560378797,0.08075916584084676,34.8,9.410632284814874,0.5002961839154462,0.06217652307638154,34.8,9.410632284814874,34.8,9.410632284814874,18.643231993949044,-49.126495495010204,12.456996297903823,9.487136029922489
obs_x2_transfer_x0.8,PianoMPC,mild_left_weak,5,39.33294636081601,3.477720341546561,0.0023799030679465837,0.0006346982718400235,12.737632187345369,1.0625005355189152,0.5164263598720125,0.013476321773210244,0.6278740507898832,0.025286204975120213,-1.3780496132682656,0.05107799572231832,0.07628223226049313,0.020042009604981884,0.9237177677395069,0.020042009604981897,19.454368390906744,5.9881197791019165,1.0,0.0,1.0,-26.78744563792718,9.711561201630646,0.5521066677745171,0.045212785328037804,49.6,12.273548794053006,0.553826183306342,0.0285458344941745,49.6,12.273548794053006,49.6,12.273548794053006,26.78744563792718,-67.9801494471881,15.352811353716566,9.711561201630646
obs_x2_transfer_x0.8,PianoMPC,severe_left_weak,5,37.4227260837661,1.4533544760117563,0.003315517018972196,0.003834784603292739,13.63020960995845,0.9945396863631792,0.4705416486356023,0.030982259921741383,0.5971262220500442,0.026148986606176945,-1.42478990243738,0.0652074446729096,0.08731838113897915,0.06468875260862435,0.9126816188610208,0.06468875260862436,22.649389231791197,5.879728327981064,1.0,0.0,1.0,-28.502380077138582,7.092002915917928,0.5963032659166727,0.0354196105157864,46.4,3.5552777669262356,0.5719085380910097,0.024199525065990674,46.4,3.5552777669262356,46.4,3.5552777669262356,28.502380077138582,-66.13640731754329,6.281655500844271,7.092002915917928
obs_x2_transfer_x0.8,BayesianMAB,balanced,5,25.30726170128642,2.755103765571889,0.004906709401709405,0.0032493140008583326,13.409131203455676,1.4282622333686867,0.5269982600732601,0.04790302460750513,0.5622830058717945,0.019033388021901715,-1.325485709490366,0.07524786420285219,0.09192918192918192,0.0455345456280835,0.908070818070818,0.04553454562808353,28.08188274907375,4.4790000818397475,1.0,0.0,1.0,-34.49305541050245,9.546965023836435,0.6926861398353414,0.044884725271822884,59.2,4.707440918375928,0.7317258217979895,0.03955132423487678,59.2,4.707440918375928,59.2,4.707440918375928,34.49305541050245,-78.53348802700695,8.162378531749413,9.546965023836435
obs_x2_transfer_x0.8,BayesianMAB,mild_left_weak,5,30.241360108490188,3.355913557088186,0.007755751684457581,0.005107144186070579,14.275906361573902,1.551246781307658,0.4685558528276177,0.058807679370581074,0.54673721845747,0.023772225413704225,-1.4328724430523094,0.06512472759410547,0.09799924294041942,0.05285155957645846,0.9020007570595805,0.052851559576458436,25.321093535658587,5.074437940842748,1.0,0.0,1.0,-34.81514454506221,13.55001168115782,0.6082467448913411,0.1136904161043738,48.6,12.531560158256434,0.6240804165178235,0.09123813596101708,48.6,12.531560158256434,48.6,12.531560158256434,34.81514454506221,-69.19491136276464,16.665171168280146,13.55001168115782
obs_x2_transfer_x0.8,BayesianMAB,severe_left_weak,5,32.145297164148204,4.477800656815935,0.002755052783473833,0.0015058257633826242,14.670037116601268,1.7373278209634944,0.393279308498519,0.023809282561361583,0.5291392394154416,0.04336411039650321,-1.494979628270109,0.12297288563684335,0.05625161388319283,0.02896850318700077,0.943748386116807,0.028968503187000796,25.981493122113353,2.4359172811335106,1.0,0.0,1.0,-33.13695393139518,10.105135276687351,0.7020159610635551,0.08131958392873755,53.4,9.520504188329523,0.7095849238747288,0.051784170639414116,53.4,9.520504188329523,53.4,9.520504188329523,33.13695393139518,-78.89063204766089,10.031784237451085,10.105135276687351
obs_x2_transfer_x0.8,CCB-DF,balanced,5,29.48957668458243,4.557434190737722,0.005185235880949074,0.004879496207010976,13.300686079934612,0.5733512884718591,0.5297291847366191,0.05132237094017682,0.51671411527393,0.04544618598621184,-1.4501380092176746,0.11880367897152694,0.09196796367196988,0.07072877134611204,0.9080320363280302,0.07072877134611202,31.725262315775826,2.073763131844259,1.0,0.0,1.0,-48.38649635014127,11.113031358977386,0.6258922000190033,0.08778604112747748,63.0,19.483326204732087,0.6565603334118183,0.05617119783312607,63.0,19.483326204732087,63.0,19.483326204732087,48.38649635014127,-89.40929161506543,19.89109002924572,11.113031358977386
obs_x2_transfer_x0.8,CCB-DF,mild_left_weak,5,30.75973963261841,4.880579120246594,0.004247066737313797,0.003408731044571585,13.811437624407878,1.3621453818611724,0.46190027464750594,0.02772678247451693,0.5071220196957036,0.04107839953162773,-1.4953444148791317,0.14345864428620073,0.07952019280460655,0.049486220749861004,0.9204798071953935,0.049486220749861004,26.281871389091492,8.009527002981178,1.0,0.0,1.0,-39.836054184541815,13.056367812585504,0.7039047123205684,0.08274154957525694,67.6,12.515590277729615,0.7072554534334549,0.0488541711181651,67.6,12.515590277729615,67.6,12.515590277729615,39.836054184541815,-99.80942348392236,14.278252014107142,13.056367812585504
obs_x2_transfer_x0.8,CCB-DF,severe_left_weak,5,31.704609569741432,2.12948007031943,0.003617836464610656,0.002445767107375489,12.919894030625974,0.46397910125567016,0.4145666446456769,0.021057944561896583,0.49714474069903725,0.020794420042288327,-1.4988438973280578,0.059363448229747255,0.08146702759605987,0.033483772497161814,0.9185329724039402,0.03348377249716179,26.598666307983912,6.69429669395026,1.0,0.0,1.0,-52.417708511610215,8.38003850868026,0.8109263920515348,0.03573854446355142,73.2,8.328265125462805,0.7843697219103298,0.02753100919522417,73.2,8.328265125462805,73.2,8.328265125462805,52.417708511610215,-109.39260561018685,10.269384831675007,8.38003850868026
obs_x2_transfer_x0.8,LinUCB,balanced,5,25.147352173941684,4.895124348489415,0.001477079128796548,0.0010299229434591313,13.375256775798949,1.3959841575015115,0.535187414891928,0.009551322373137938,0.5547230397040511,0.04188535636799042,-1.3397289131754837,0.10389474076931605,0.03672851733576556,0.031001971208724038,0.9632714826642343,0.03100197120872403,30.135610520022528,2.0735851204705753,1.0,0.0,1.0,-49.0738192945119,19.11642556873882,0.713692005506032,0.07092444813365016,77.6,26.280030441382674,0.7322080393702934,0.044232154452849934,77.6,26.280030441382674,77.6,26.280030441382674,49.0738192945119,-101.46521102733102,26.713877738044463,19.11642556873882
obs_x2_transfer_x0.8,LinUCB,mild_left_weak,5,28.85743603766901,3.0567316283172685,0.0010370849541166147,0.0007148576901064924,13.577961139931421,1.9600820667257257,0.4798626701246788,0.008572947926915573,0.5285829269980422,0.027071307874895926,-1.4298663162250151,0.08469513978524747,0.04275429283703337,0.02637690584466075,0.9572457071629665,0.026376905844660736,25.216808012191898,5.030944115691853,1.0,0.0,1.0,-49.13362648959868,10.804372646383369,0.7320830966765743,0.07033570325953035,69.4,14.402777509911065,0.7169696709397471,0.051810315057714704,69.4,14.402777509911065,69.4,14.402777509911065,49.13362648959868,-98.96731187207783,20.26846919777656,10.804372646383369
obs_x2_transfer_x0.8,LinUCB,severe_left_weak,5,29.478539416651746,3.4594495479580605,0.0015552013717483196,0.0011370116763775165,13.223328409515318,0.5935333259128784,0.44169158473162584,0.021908157261723807,0.5451283697026637,0.025963700223318256,-1.4050748918797427,0.08247578061130266,0.0571802168328515,0.03060805976605977,0.9428197831671487,0.030608059766059775,28.935783834595135,3.6219920290077505,1.0,0.0,1.0,-55.76691093304938,14.351506610670956,0.8608101765235132,0.04719610285212649,76.0,11.679041056525147,0.8139709626235991,0.027038444283741917,76.0,11.679041056525147,76.0,11.679041056525147,55.76691093304938,-106.04810081023467,12.595750677759694,14.351506610670956
obs_x2_transfer_x0.8,Thompson,balanced,5,28.6788846653769,4.304670704333886,0.0037422871425539074,0.0021717909720268096,12.058052902087258,0.3139749978051111,0.5161407728227535,0.03590073516907376,0.5472526495425842,0.04014990863279381,-1.3551364521581406,0.10671806291408162,0.07673773503428993,0.04448250350670126,0.9232622649657098,0.04448250350670124,20.2017074539919,8.452076178182006,1.0,0.0,1.0,-34.01647231522899,12.037346567395804,0.6148029388588402,0.13051766005016202,58.6,21.350409832132026,0.646719746717943,0.10162283939515686,58.6,21.350409832132026,58.6,21.350409832132026,34.01647231522899,-77.25864221218808,22.0313796326395,12.037346567395804
obs_x2_transfer_x0.8,Thompson,mild_left_weak,5,29.453024337155675,4.920708054925261,0.005107480132688922,0.0050822193674516895,13.164824800161446,1.045004575483371,0.48403915098229977,0.02957462979416816,0.5244819765069025,0.015354400697708655,-1.4318363468784097,0.07730367278729629,0.08131909109329463,0.0611258816412738,0.9186809089067054,0.06112588164127382,30.54405945227897,2.2845561920465145,1.0,0.0,1.0,-35.6443793718474,6.197396216061489,0.7039050799757121,0.043356595466277396,59.2,10.979981785048645,0.7329942188740577,0.02881317103869899,59.2,10.979981785048645,59.2,10.979981785048645,35.6443793718474,-84.78137255502016,16.70454451257155,6.197396216061489
obs_x2_transfer_x0.8,Thompson,severe_left_weak,5,26.749040767764306,6.677212496215249,0.005398351360695875,0.002387979875135436,14.736553766331715,1.7861444972664926,0.4438523047233933,0.0071121670339820975,0.5509556681765575,0.0573513170702533,-1.3989788114957222,0.14644070184675997,0.08479144567178462,0.02411184312045298,0.9152085543282155,0.024111843120452975,30.96110024238525,2.964750981986866,1.0,0.0,1.0,-54.1433037801858,10.913721972010752,0.806073969733737,0.13123492078964685,75.0,25.54212207315594,0.7685931147119754,0.08163199407849875,75.0,25.54212207315594,75.0,25.54212207315594,54.1433037801858,-102.08989145417999,28.10539415060726,10.913721972010752
obs_x2_transfer_x1.2,PianoMPC,balanced,5,40.48535473284907,4.036164185790064,0.002328241335044954,0.002483656655446025,12.751161026396671,0.8630105438909825,0.4795872470811176,0.034094374959984436,0.6475041584544762,0.022263889951780823,-1.3408295140684028,0.03857184113730532,0.06264747233938503,0.057005101449168906,0.937352527660615,0.05700510144916892,19.362482368893833,2.6382382856685256,1.0,0.0,1.0,-12.251900129273611,10.343670460703164,0.39756612142011816,0.0888799441362404,25.0,8.921883209278185,0.48122902570781945,0.033771869595227814,25.0,8.921883209278185,25.0,8.921883209278185,12.251900129273611,-33.189470805906964,10.777818595616793,10.343670460703164
obs_x2_transfer_x1.2,PianoMPC,mild_left_weak,5,40.74067059640595,4.584336800696251,0.0011395894428152579,0.001749216690979169,13.38963050043391,1.3783730858399943,0.4573572969526968,0.03155776729800757,0.6216537370292947,0.03014928656178271,-1.4022775437981179,0.10597776031454188,0.028445747800586507,0.038433208036142814,0.9715542521994134,0.03843320803614282,21.082605922642312,3.929700628390524,1.0,0.0,1.0,-15.315393723030065,4.480414310458652,0.42884136734167216,0.053988241241612965,23.2,4.069397989875161,0.5064956770535316,0.018747609200093867,23.2,4.069397989875161,23.2,4.069397989875161,15.315393723030065,-32.184094488544794,3.5325837466851238,4.480414310458652
obs_x2_transfer_x1.2,PianoMPC,severe_left_weak,5,39.103612818720265,2.6026054705699324,0.002713482837528613,0.0022373125446014165,12.846736003752614,1.957285644104619,0.43459945395723204,0.01001722499546056,0.6098275385230254,0.029290801398145393,-1.3858970133150295,0.06319075501442317,0.054443935926773455,0.04521295895414741,0.9455560640732266,0.045212958954147404,24.869081615429998,6.16643421568249,1.0,0.0,1.0,-22.573954351415995,4.910746180255267,0.5079629764945246,0.04582612616957333,24.2,3.249615361854384,0.5511920866029314,0.023639412030131212,24.2,3.249615361854384,24.2,3.249615361854384,22.573954351415995,-33.33664472644104,3.0719331420477287,4.910746180255267
obs_x2_transfer_x1.2,BayesianMAB,balanced,5,28.424462487377646,3.7807295847512714,0.005881314009661831,0.005154354119692165,14.493281264350822,1.3378461342813317,0.5186061256038648,0.04696600792260025,0.5855520796019104,0.0332141106431202,-1.354884872033456,0.07193073433223797,0.10369910282953762,0.07260668282382134,0.8963008971704625,0.0726066828238213,26.854059163846166,4.103266593530854,1.0,0.0,1.0,-27.57974709672654,6.8116409779756895,0.68236414201688,0.038922452797552784,43.6,5.0039984012787215,0.7339230235404554,0.052308035932604365,43.6,5.0039984012787215,43.6,5.0039984012787215,27.57974709672654,-58.841205606019045,5.370982818021252,6.8116409779756895
obs_x2_transfer_x1.2,BayesianMAB,mild_left_weak,5,30.26392205271099,5.4795358070483795,0.004825105794096146,0.005235106363317774,14.157596884407065,2.0556369165705486,0.44960799097834314,0.08190057218634643,0.565779804261141,0.04691911830107608,-1.3802920450567577,0.12760570554598336,0.08519741314293974,0.07998997298055274,0.9148025868570603,0.07998997298055276,26.289610719395785,6.079913704571149,1.0,0.0,1.0,-21.073271602309774,11.431492244696368,0.5653135730756362,0.16479983532364756,28.2,9.765244492586962,0.6791563185320826,0.11715891233550751,28.2,9.765244492586962,28.2,9.765244492586962,21.073271602309774,-37.85245299778303,10.216773138541244,11.431492244696368
obs_x2_transfer_x1.2,BayesianMAB,severe_left_weak,5,32.37680239791452,5.794393606320949,0.003531068376068377,0.003501883596133764,14.413452763384871,1.9333161235985918,0.41913732905982914,0.026922206576930577,0.5640492980649998,0.022452630965153368,-1.422637023349567,0.11721175916907035,0.06445512820512819,0.03335927245181069,0.9355448717948718,0.0333592724518107,28.72406827373218,3.023387811326881,1.0,0.0,1.0,-24.920198809070904,2.7687998915481105,0.6896632219268992,0.04275914490702393,32.6,4.5431266766402185,0.7404482178501772,0.03733635202693898,32.6,4.5431266766402185,32.6,4.5431266766402185,24.920198809070904,-46.26641312920277,6.4116771092936204,2.7687998915481105
obs_x2_transfer_x1.2,CCB-DF,balanced,5,22.898187941751473,3.6135095712002525,0.004116577391288475,0.0020483538268299363,13.665992520170553,0.783629936016186,0.5305799885417825,0.01714592786635578,0.5673817117693657,0.01626680305367173,-1.2925288343664365,0.06790396323251673,0.08180876084147665,0.016970994470708878,0.9181912391585234,0.01697099447070884,33.14653724461579,1.18239296469874,1.0,0.0,1.0,-40.258306113072265,5.513082323303469,0.7273656810422153,0.04427679591200197,49.0,8.12403840463596,0.7309113398602447,0.02362138794674269,49.0,8.12403840463596,49.0,8.12403840463596,40.258306113072265,-62.85034244016322,7.921306827862105,5.513082323303469
obs_x2_transfer_x1.2,CCB-DF,mild_left_weak,5,28.910373420392478,6.904894016348547,0.008927692307692319,0.011989234339846257,13.816410696456106,0.5310832376111027,0.48936563349693785,0.07090397899153546,0.5301892496181458,0.05426384980945914,-1.4299703170580496,0.16836380163242035,0.10784548784548784,0.10787926677899402,0.8921545121545122,0.10787926677899402,27.60375272593894,6.733968910694004,1.0,0.0,1.0,-35.85065390000649,12.972872552416394,0.6992071849440651,0.1304995944851047,44.0,14.628738838327793,0.7249475408891971,0.07013391030191005,44.0,14.628738838327793,44.0,14.628738838327793,35.85065390000649,-60.96074753090737,15.019701437359343,12.972872552416394
obs_x2_transfer_x1.2,CCB-DF,severe_left_weak,5,26.365168429421793,3.0431878529691874,0.003096808803946762,0.0011756940383934674,15.186025119586565,1.2286129509920112,0.43887205034346427,0.015404529796692745,0.5456551026699736,0.03214726131067077,-1.4131094954929455,0.06487767895596115,0.08000721538813509,0.03384948697246519,0.919992784611865,0.03384948697246521,27.711881187546318,3.8313641852740132,1.0,0.0,1.0,-43.997957887643175,9.189794979550904,0.8373865877165908,0.07808209007371389,53.4,11.909659944767524,0.7832698841659381,0.05459798875329483,53.4,11.909659944767524,53.4,11.909659944767524,43.997957887643175,-74.71713901159758,13.257370911618564,9.189794979550904
obs_x2_transfer_x1.2,LinUCB,balanced,5,29.488602880412714,6.1959462750959915,0.0024065512492622526,0.0013663990790438655,13.567775344835903,2.146797036831765,0.5296295629739312,0.01565337019057186,0.5413798302694417,0.036958660594679386,-1.4083179448008978,0.12635569277434305,0.05668637460264866,0.0366209288189084,0.9433136253973513,0.03662092881890839,25.725532708671647,5.918112756796226,1.0,0.0,1.0,-33.9195562920769,6.835338798632324,0.6304279953422641,0.13068485903277346,39.2,12.319090875547595,0.6751439406959527,0.07161272029314833,39.2,12.319090875547595,39.2,12.319090875547595,33.9195562920769,-54.10696454240772,14.010554049539026,6.835338798632324
obs_x2_transfer_x1.2,LinUCB,mild_left_weak,5,31.524604832220042,5.87745737057034,0.0037407018080798577,0.0035590505145340367,13.249904987719415,1.2111807139855424,0.5161112883353736,0.01860027332262394,0.5206253553592262,0.03747222854078567,-1.4528962070129856,0.1034288516445485,0.08607684339391657,0.047370581073442865,0.9139231566060835,0.04737058107344288,25.732721194415355,7.301297820334419,1.0,0.0,1.0,-20.802221158477757,6.373699537512232,0.6093664566534605,0.15145964542488255,34.2,10.225458424931373,0.6611420232004772,0.09490293183177884,34.2,10.225458424931373,34.2,10.225458424931373,20.802221158477757,-49.077662259261324,13.181738515524783,6.373699537512232
obs_x2_transfer_x1.2,LinUCB,severe_left_weak,5,31.916350830333734,4.1784348532620665,0.0018576669423766192,0.0011028084736468165,13.630156863727303,1.6715925415172075,0.45131633746898264,0.019043526357192662,0.5232615847048373,0.03657371288015294,-1.472602509024339,0.09302587151834225,0.06685690653432588,0.0340411592874756,0.933143093465674,0.0340411592874756,30.4986956965761,2.536166977729286,1.0,0.0,1.0,-40.815265062391205,5.796544419414152,0.7974433040017243,0.08729937814246155,47.2,10.007996802557443,0.7807448483165662,0.04161898487480424,47.2,10.007996802557443,47.2,10.007996802557443,40.815265062391205,-68.72185321827595,11.233932362123712,5.796544419414152
obs_x2_transfer_x1.2,Thompson,balanced,5,22.30877357008345,3.152988417757962,0.0071938431219529695,0.0021952128983083875,14.251095555796434,2.2820322126901815,0.553291538854279,0.024043137298877432,0.6079438795018562,0.026498873774609105,-1.2422842730412085,0.05131735435075687,0.11037647211971173,0.02216040408379763,0.8896235278802882,0.02216040408379762,24.64341596957521,6.131945788639809,1.0,0.0,1.0,-40.916162213296246,7.2063873213555265,0.7566086133159866,0.03920171817199903,55.2,11.565465835840769,0.7543999583644775,0.025759740630770005,55.2,11.565465835840769,55.2,11.565465835840769,40.916162213296246,-68.61022290399681,14.960119892753571,7.2063873213555265
obs_x2_transfer_x1.2,Thompson,mild_left_weak,5,26.669257682825037,2.606153889713271,0.005036440856440861,0.003210188861122248,13.20951143266014,1.5041699418038617,0.4836064121264121,0.023705314973085517,0.5696697288442779,0.02513803933122194,-1.320146030688162,0.0450206429798696,0.08838279838279839,0.043316563909594,0.9116172016172017,0.043316563909594014,30.7362262990084,1.1147345064022358,1.0,0.0,1.0,-36.09199503722301,7.796014658170108,0.7101766892853902,0.0515656247832213,40.6,7.657675887630659,0.7430490519238306,0.028219950607324785,40.6,7.657675887630659,40.6,7.657675887630659,36.09199503722301,-53.53707304800893,9.756778472665458,7.796014658170108
obs_x2_transfer_x1.2,Thompson,severe_left_weak,5,26.17470791756377,3.1821283035978865,0.0032315946843853743,0.0015637020691377397,14.55506604948457,0.9341335609261525,0.4379721853082318,0.013081319104097258,0.5839074335551221,0.0165588930761188,-1.3275861131817421,0.06602468330062398,0.08266888150609081,0.026652581056391324,0.9173311184939091,0.026652581056391306,28.18101636472905,6.241077361605176,1.0,0.0,1.0,-37.41691506331811,10.722267592318016,0.8426207216899891,0.05473024360747439,47.4,11.706408501329518,0.8263604119831948,0.045908745243986325,47.4,11.706408501329518,47.4,11.706408501329518,37.41691506331811,-62.292980921462444,12.517453194866427,10.722267592318016
obs_x3_transfer_x0.8,PianoMPC,balanced,5,35.87441849085461,3.7414882376250285,0.00364571818437938,0.003593622499985029,19.90799075287879,3.53998576563784,0.5380354966016608,0.03357825781073937,0.6744128316911903,0.03557292001014601,-1.4461215728659023,0.0410507698471523,0.07248229378763846,0.053345555472667866,0.9275177062123616,0.05334555547266787,20.544274934727085,3.5108048832966148,1.0,0.0,1.0,-15.931641548459876,13.187975366592642,0.5372798796126096,0.04117103167302878,78.2,28.166646942793882,0.5241661053892116,0.06217242766132884,78.2,28.166646942793882,78.2,28.166646942793882,15.931641548459876,-112.75932088905957,39.51312032848871,13.187975366592642
obs_x3_transfer_x0.8,PianoMPC,mild_left_weak,5,39.498444076807004,4.347198786679841,0.0019109742109742274,0.0010261161052318303,18.699183643782842,1.2802610723083807,0.4596405335405337,0.017688246370050568,0.6387650947705394,0.009045102983901005,-1.517191093890228,0.07254253185255786,0.04621119621119621,0.015986624188178384,0.9537888037888038,0.015986624188178384,18.61745383218205,4.201847034701128,1.0,0.0,1.0,-32.1434241962887,6.085638230654278,0.5601670716246615,0.017198120952232974,60.8,16.998823488700623,0.5330857544093842,0.01429442029772136,60.8,16.998823488700623,60.8,16.998823488700623,32.1434241962887,-92.7071410116505,27.64401955040301,6.085638230654278
obs_x3_transfer_x0.8,PianoMPC,severe_left_weak,5,36.13104788820493,2.178720461363229,0.0009923535020593393,0.00041735443790632295,19.163924774702746,1.9909383008223043,0.4273781160184261,0.02169950549514316,0.6101811992359863,0.014228313399709674,-1.5254362774278918,0.05781008131060875,0.040300345325086674,0.007305693590317288,0.9596996546749134,0.0073056935903173135,28.11290232893456,5.308501193259039,1.0,0.0,1.0,-28.014545084034154,11.92497166074708,0.6038862337180013,0.07506593598237256,50.6,16.0822883943797,0.5877081415361476,0.051305672122641664,50.6,16.0822883943797,50.6,16.0822883943797,28.014545084034154,-77.3259385196503,24.94100833130788,11.92497166074708
obs_x3_transfer_x0.8,BayesianMAB,balanced,5,27.650658903448267,4.994909204434335,0.0055773424945535135,0.0038637095076567464,19.070662862357178,0.36669124504933825,0.4994805881986693,0.05433052459359864,0.5988114902789257,0.04771511583186782,-1.4411400131536862,0.11329009105066021,0.07832637161927002,0.04592300110297448,0.9216736283807301,0.04592300110297449,26.252987142619286,5.983623735820941,1.0,0.0,1.0,-42.75737175813154,20.160080025585973,0.6851749300161234,0.1053344009808975,88.8,41.368587116313265,0.694488412493128,0.07683562744997904,88.8,41.368587116313265,88.8,41.368587116313265,42.75737175813154,-123.31501768865549,46.39695510161643,20.160080025585973
obs_x3_transfer_x0.8,BayesianMAB,mild_left_weak,5,30.15077680341516,5.400154121892523,0.0073441498407629344,0.0032564148999198873,19.33299731814934,1.6725109263613418,0.48461248507100674,0.023435722079106165,0.5821629600861659,0.03508155168388019,-1.5133301554691063,0.07803313977231588,0.09842669969844389,0.0307270777511198,0.9015733003015562,0.0307270777511198,28.651406514978504,1.7693789213270454,1.0,0.0,1.0,-31.220613621696124,16.21799923854333,0.7301868451069373,0.0686386464155818,76.0,23.073794659743335,0.7120976612658506,0.03335539561460827,76.0,23.073794659743335,76.0,23.073794659743335,31.220613621696124,-113.31265132637706,28.506469091951217,16.21799923854333
obs_x3_transfer_x0.8,BayesianMAB,severe_left_weak,5,28.575272210442968,6.027924298080692,0.004823884170823097,0.004649479577434224,19.879155768541285,1.9639572623129484,0.39334896173700407,0.0885677184682661,0.5649082604373332,0.08022261681920705,-1.522982050620083,0.15027264520712025,0.07969460103905127,0.06533109084413363,0.9203053989609489,0.0653310908441336,24.594003100758833,4.504309402335888,1.0,0.0,1.0,-54.43552192548765,17.477739158586807,0.7443942543295965,0.17105128007367834,91.0,46.05648705665685,0.742841225022195,0.11603641488695035,91.0,46.05648705665685,91.0,46.05648705665685,54.43552192548765,-132.51199157016188,58.07309149767813,17.477739158586807
obs_x3_transfer_x0.8,CCB-DF,balanced,5,33.21286297771268,1.516276913464028,0.006256295839934289,0.004348978893762704,21.5264930648843,1.8446934643777262,0.5226070867459818,0.0417582632566018,0.5143172377943899,0.019977824116943595,-1.695646334874771,0.023795406007087575,0.10064749716115981,0.039517186966004876,0.89935250283884,0.03951718696600487,23.79935676474574,8.242911220993697,1.0,0.0,1.0,-40.820962067617344,6.407763064343413,0.6882859786522338,0.04238817669057506,68.6,9.15641851380768,0.7109381359052251,0.04350060918459651,68.6,9.15641851380768,68.6,9.15641851380768,40.820962067617344,-116.52187460214523,16.879539651886688,6.407763064343413
obs_x3_transfer_x0.8,CCB-DF,mild_left_weak,5,31.82551585011013,5.972100916257771,0.005758932751266729,0.0030906411302772455,20.69239144416735,2.3370427222849823,0.4388175713886232,0.037060236068264765,0.5308207244633694,0.03485896095491348,-1.634968957756643,0.12614759438598522,0.07663141391498081,0.024642542253596977,0.9233685860850193,0.024642542253596987,28.729650838203355,7.51618800908,1.0,0.0,1.0,-65.12492419795943,17.561959031315265,0.7907033475332771,0.05498149567051588,89.6,20.75186738585229,0.7895354782998844,0.03610319972749625,89.6,20.75186738585229,89.6,20.75186738585229,65.12492419795943,-144.27741951924568,22.22824668542627,17.561959031315265
obs_x3_transfer_x0.8,CCB-DF,severe_left_weak,5,25.255861696664155,4.263756570574918,0.004200191719029597,0.0024372024397318216,20.496707363132735,1.8932872015024487,0.3975348783921943,0.03143308620021078,0.5755883954059641,0.037798717023762245,-1.4895683789320204,0.08855116342051392,0.06023231983147227,0.026015460410648974,0.9397676801685279,0.026015460410648963,27.47120078314643,4.60006259164207,1.0,0.0,1.0,-65.3270177282182,15.059175583317613,0.8717895812555525,0.02348487993750996,114.8,29.417001886664114,0.7939000432010186,0.01955618892256831,114.8,29.417001886664114,114.8,29.417001886664114,65.3270177282182,-168.90110714681333,35.23846604569951,15.059175583317613
obs_x3_transfer_x0.8,LinUCB,balanced,5,30.30717537850581,3.191669034688054,0.002471111692015009,0.0016401659287247137,19.894447624741606,2.7009624092098425,0.487765484817424,0.02931480569274543,0.5224623707534588,0.028316819997381715,-1.6097749429164996,0.0899491497903619,0.05857047033085694,0.011542860549515916,0.941429529669143,0.01154286054951593,22.817280653034356,4.491309106473471,1.0,0.0,1.0,-43.746538680748294,9.084954153806345,0.6745694106126646,0.09268368486322556,63.6,16.823792675850473,0.7048800363134277,0.07087832638375596,63.6,16.823792675850473,63.6,16.823792675850473,43.746538680748294,-101.44112825478382,24.000609313275586,9.084954153806345
obs_x3_transfer_x0.8,LinUCB,mild_left_weak,5,27.576137660038132,4.156953742849257,0.005745431698343504,0.004856669511863334,18.586400018469256,1.922640276934566,0.4879484982011899,0.016013164628399197,0.5472927011389535,0.05613454466362291,-1.5108513391379785,0.10255417919459923,0.09400423016861373,0.031589670327968146,0.9059957698313863,0.03158967032796814,28.99392382858108,4.456694867839845,1.0,0.0,1.0,-56.48681847132694,24.55872024682856,0.7804431241604458,0.07211965551484235,89.8,32.67047596837242,0.7690337654541599,0.04636508604774954,89.8,32.67047596837242,89.8,32.67047596837242,56.48681847132694,-132.4439532294218,38.20953156520453,24.55872024682856
obs_x3_transfer_x0.8,LinUCB,severe_left_weak,5,32.54517146551557,4.565181531150557,0.004824171692997026,0.0016915556178120127,21.188241455486246,1.6875978857702056,0.4283301611840654,0.019995910600453217,0.5133029812644503,0.05574988752613299,-1.676041342076808,0.13175595260507883,0.079592614688242,0.020945941369420046,0.9204073853117581,0.02094594136942006,23.63148085171672,6.7070740394115775,1.0,0.0,1.0,-50.868559670902506,15.995555529224744,0.794920938589762,0.10125977811252031,84.2,23.506594819326764,0.7678748898447691,0.05926753880816826,84.2,23.506594819326764,84.2,23.506594819326764,50.868559670902506,-138.06818235732567,27.52690560703591,15.995555529224744
obs_x3_transfer_x0.8,Thompson,balanced,5,29.513494212652954,6.448779070104103,0.0028941623127830022,0.002583425094867805,19.87657965810221,1.4114401506926997,0.5004759505979333,0.010661804258745721,0.5836795951161432,0.04415404311866764,-1.5131561265335363,0.12489588970440176,0.05285005224660396,0.02160190857679061,0.947149947753396,0.021601908576790636,30.78081537774286,2.5379393784874487,1.0,0.0,1.0,-39.14925600768873,12.748395986186225,0.7122313840056977,0.07663296919119364,81.2,27.758962516635957,0.7376225452141754,0.037889325706985895,81.2,27.758962516635957,81.2,27.758962516635957,39.14925600768873,-119.42561796683985,32.123362945161816,12.748395986186225
obs_x3_transfer_x0.8,Thompson,mild_left_weak,5,26.867852197969558,5.007913985446117,0.006263885864790699,0.0021231539920533653,18.43366946424884,1.5833870982861713,0.48894217518278615,0.00998825414717125,0.5780604804620946,0.03644604074135597,-1.4566538035469156,0.1150432734871658,0.10584539915569358,0.014364248395410211,0.8941546008443064,0.0143642483954102,31.359011892585357,1.7250409009437584,1.0,0.0,1.0,-48.20473014362121,18.0879355166517,0.7702039163006766,0.05921148006361791,91.4,40.834299308302086,0.7509509053280421,0.05273863585572586,91.4,40.834299308302086,91.4,40.834299308302086,48.20473014362121,-128.7151001428935,43.122464996265016,18.0879355166517
obs_x3_transfer_x0.8,Thompson,severe_left_weak,5,27.494370064761615,5.016491815765373,0.002872348898072898,0.002023214021142568,20.52811244951365,1.1631024656411308,0.4073187628273745,0.05269785614723148,0.5857541507248707,0.024109726554956936,-1.4937518109719639,0.07560127256601203,0.05534625456486057,0.04008408415817558,0.9446537454351395,0.04008408415817558,31.7825053253441,0.9654504458200059,1.0,0.0,1.0,-64.44428167079151,23.69061159580474,0.8666844064039225,0.033390155386669534,100.6,37.54783615602902,0.806203231187391,0.025843384115728608,100.6,37.54783615602902,100.6,37.54783615602902,64.44428167079151,-147.63907963977232,46.32715288392699,23.69061159580474
obs_x3_transfer_x1.2,PianoMPC,balanced,5,31.437982762721003,5.373713103125979,0.0008634615384615553,0.0013332125191813345,19.746121448683745,1.3367415888962588,0.4995842801355736,0.020289839282913547,0.7007185285006925,0.03318868562448011,-1.3346535437454645,0.08840692491265038,0.02596153846153846,0.031832587225474704,0.9740384615384615,0.031832587225474704,19.879829128992974,6.9919913074317845,1.0,0.0,1.0,-13.347988172334667,9.79984138625513,0.5354076439052372,0.08538919752090707,52.4,27.550680572356104,0.5320599118244054,0.06479983314369775,52.4,27.550680572356104,52.4,27.550680572356104,13.347988172334667,-67.90059198086581,30.60959009217769,9.79984138625513
obs_x3_transfer_x1.2,PianoMPC,mild_left_weak,5,34.218284671841495,3.6239311059729578,0.003718984126984165,0.0038953781188530144,19.347365859091934,1.5642797827283006,0.47954659829059854,0.04094458840933612,0.6888038291508213,0.03213682025734249,-1.3782483268964203,0.05093367571547144,0.07163858363858364,0.05391535393750142,0.9283614163614164,0.05391535393750143,27.7117931459136,5.9754439672494355,1.0,0.0,1.0,-18.757767990332084,7.685063629496301,0.5634117610371324,0.07378923381912005,37.0,15.006665185843255,0.5621649493878149,0.05802589810357249,37.0,15.006665185843255,37.0,15.006665185843255,18.757767990332084,-50.637617037379684,19.31686903630261,7.685063629496301
obs_x3_transfer_x1.2,PianoMPC,severe_left_weak,5,36.38788676879886,5.349070578003227,0.0020782633053221407,0.00159417242916236,19.772409971302604,1.3227539142211484,0.4321849898203186,0.013880808426603991,0.6763194283995728,0.05231718320983337,-1.4391558236322637,0.1237687666634684,0.05058522921363667,0.03060597292338331,0.9494147707863633,0.0306059729233833,19.754746799301962,7.477236383948176,1.0,0.0,1.0,-20.94523174300044,17.481505080706473,0.6419160148777907,0.08657992531200141,51.2,25.4589866255513,0.5930425129215265,0.07486526135508344,51.2,25.4589866255513,51.2,25.4589866255513,20.94523174300044,-71.272138076655,29.900217974399457,17.481505080706473
obs_x3_transfer_x1.2,BayesianMAB,balanced,5,21.48313520262345,4.590304458530851,0.004270519765720558,0.0017071684820522454,19.355690528978233,1.8994219065562497,0.4959413712088049,0.03318897789204295,0.6505227010405285,0.014985972550541632,-1.2868225768907697,0.07129009112139781,0.0789340660859829,0.02993144736212396,0.9210659339140171,0.029931447362123956,26.3717056317779,6.050089685207275,1.0,0.0,1.0,-26.205209731798924,8.091858911113635,0.7630141275312013,0.04151234937339171,69.6,27.702707448911923,0.7590709605506446,0.0336415205441347,69.6,27.702707448911923,69.6,27.702707448911923,26.205209731798924,-88.05927486071431,31.52605428168239,8.091858911113635
obs_x3_transfer_x1.2,BayesianMAB,mild_left_weak,5,26.12250572568679,7.448284515732715,0.002301711797184858,0.001658676705934372,18.56315745992321,1.4864463550122533,0.41891115545259455,0.059810612341766045,0.6047202408139593,0.0772601933653121,-1.3920382473232027,0.1801356227982721,0.05262565777535837,0.031803169787693715,0.9473743422246417,0.031803169787693715,25.386171099787063,5.509563962629714,1.0,0.0,1.0,-40.282400924995,17.423357912151832,0.7304781863695675,0.09837734013598014,77.0,53.546241698180836,0.742551327166035,0.016816602003534933,77.0,53.546241698180836,77.0,53.546241698180836,40.282400924995,-98.12118845028117,55.43647491879356,17.423357912151832
obs_x3_transfer_x1.2,BayesianMAB,severe_left_weak,5,32.13273470367001,8.557514582638305,0.0015860170374456066,0.0010613565271692697,20.558468719597666,1.0740617048637087,0.38775469465755175,0.028793280257753982,0.5788606300420243,0.04217165219573223,-1.5504033926352132,0.1887327648732331,0.040849977992835136,0.02207297470280339,0.9591500220071648,0.022072974702803394,24.76244078308163,8.197177773429614,1.0,0.0,1.0,-24.46027316595263,3.316019348304122,0.7524991827494825,0.11354336888045267,46.6,17.269626515938324,0.7256654237316145,0.05516281361613272,46.6,17.269626515938324,46.6,17.269626515938324,24.46027316595263,-70.18252782570354,20.724377285440475,3.316019348304122
obs_x3_transfer_x1.2,CCB-DF,balanced,5,27.036507300467996,7.411171067645877,0.003234663036155977,0.0028914110209686903,20.663102119982575,1.9392315519497463,0.4873067314913377,0.029221080517211805,0.583780142254343,0.04985143025187345,-1.4923230912552417,0.16938520463571408,0.05974429068768865,0.03132858418445434,0.9402557093123114,0.03132858418445433,30.743101150807263,4.521682216107242,1.0,0.0,1.0,-34.95404533043275,16.010469619980398,0.7035727204136968,0.07805210259629611,66.4,23.337523433303716,0.7048759726846576,0.03219475540749859,66.4,23.337523433303716,66.4,23.337523433303716,34.95404533043275,-95.47163791855651,24.25272588989653,16.010469619980398
obs_x3_transfer_x1.2,CCB-DF,mild_left_weak,5,27.063800116258513,7.920107074327311,0.005105572568886425,0.002389872088390346,18.681280914866882,1.7635346893207107,0.46084504483223593,0.031309884999679655,0.5530552627153139,0.08657073614531913,-1.4948101906990119,0.2403866248890968,0.07803586016448094,0.03019954027546898,0.9219641398355192,0.03019954027546899,28.475754338342558,4.239323578762738,1.0,0.0,1.0,-35.255011074087896,15.958913142999421,0.7076477863624844,0.16763508470370903,63.0,31.45155004129367,0.6973079848405384,0.0995424702249905,63.0,31.45155004129367,63.0,31.45155004129367,35.255011074087896,-87.38502461882368,35.93025685351417,15.958913142999421
obs_x3_transfer_x1.2,CCB-DF,severe_left_weak,5,26.32913957484981,1.4426581353673147,0.0034390315708134993,0.005265955433314834,18.78412519912001,1.818178459922845,0.39047391943260235,0.05292620827879011,0.5600344569853284,0.042743433864336135,-1.4767962687034568,0.11449177787356515,0.06223287081978067,0.058151703619845285,0.9377671291802192,0.05815170361984529,25.429128662458954,5.954657216230747,1.0,0.0,1.0,-32.22804307174637,12.839453441654777,0.834589892006375,0.07250415328590562,60.6,19.550959055759897,0.7803899249100927,0.027402017401697266,60.6,19.550959055759897,60.6,19.550959055759897,32.22804307174637,-87.35481450467688,22.55558516547279,12.839453441654777
obs_x3_transfer_x1.2,LinUCB,balanced,5,21.7979975299776,2.187130336233197,0.005645985247629084,0.0028919585521110613,17.286808722801293,1.5851177776444036,0.5324909392342818,0.01787131048719905,0.6104260789815418,0.025631246720433185,-1.3102388528219437,0.04744220628448666,0.08963821566561293,0.02971637016967095,0.9103617843343871,0.02971637016967093,30.834020692789977,4.941424810675719,1.0,0.0,1.0,-40.962743812524806,11.36879808663767,0.7746405183287248,0.0248908645357298,80.2,25.388186229031803,0.7353220300039969,0.027110721937008076,80.2,25.388186229031803,80.2,25.388186229031803,40.962743812524806,-104.2392369053031,29.517638861604194,11.36879808663767
obs_x3_transfer_x1.2,LinUCB,mild_left_weak,5,27.13949849841281,6.972820693132693,0.003072283427401399,0.002123818073954255,19.340633173773334,1.6984677719406227,0.4626640073463421,0.024227682271848884,0.5741981523486017,0.05900199702572235,-1.4821621322715943,0.19516102292549645,0.06457719036239373,0.03405807415002552,0.9354228096376062,0.03405807415002552,28.16258837308963,7.18578824577434,1.0,0.0,1.0,-41.24191000804001,10.036293101771983,0.7789613070137957,0.09197982684031705,62.6,25.896717938765907,0.7466028270998836,0.0298748135738218,62.6,25.896717938765907,62.6,25.896717938765907,41.24191000804001,-88.32513684845983,27.483631756521007,10.036293101771983
obs_x3_transfer_x1.2,LinUCB,severe_left_weak,5,26.595727311731924,4.407164901719585,0.0033314933261235245,0.0013444778158988578,20.264433460802955,1.7527580636277411,0.40616177058130126,0.01745285949206923,0.5783605381518073,0.0572317932717625,-1.4914964790925724,0.153784141459929,0.05557826331577871,0.009612559455674777,0.9444217366842214,0.00961255945567478,26.117321085605727,4.855252406325464,1.0,0.0,1.0,-54.58576246752781,29.198225887371148,0.8680672260646694,0.05854791362839438,83.8,45.2831094338717,0.7946679979804436,0.03354912293297869,83.8,45.2831094338717,83.8,45.2831094338717,54.58576246752781,-118.68422781294942,52.6532502077681,29.198225887371148
obs_x3_transfer_x1.2,Thompson,balanced,5,27.06078399410012,4.694706332051466,0.005525287097041422,0.004373265365886235,19.59731847830229,1.9414980314107075,0.5231816825014497,0.031459938089072034,0.6171001859641599,0.011307558126766327,-1.4185616057576218,0.045667997383735816,0.10583395461757565,0.044688908274713945,0.8941660453824243,0.04468890827471397,28.495331423828397,5.7867716234102335,1.0,0.0,1.0,-31.705895020528306,6.3872581651509535,0.7574383084359174,0.045005489069994076,52.4,9.2,0.7632843425216279,0.033885107182401744,52.4,9.2,52.4,9.2,31.705895020528306,-74.05267183429046,11.147015502289534,6.3872581651509535
obs_x3_transfer_x1.2,Thompson,mild_left_weak,5,23.8998517356005,6.33673369190508,0.004726767112737082,0.0034940084909297602,19.454317645606743,1.371692561931492,0.46612406455872024,0.0323506117155622,0.6120800484624929,0.04484734220124885,-1.3767106749238025,0.1648737769418165,0.07487564583935047,0.05071174753761989,0.9251243541606495,0.050711747537619874,25.985917126094403,5.9965868553486725,1.0,0.0,1.0,-30.23640919701079,18.016173955707252,0.7765407897601372,0.11380640344963881,68.6,31.321558071079416,0.7664842401066841,0.06017046764531752,68.6,31.321558071079416,68.6,31.321558071079416,30.23640919701079,-90.60217172215431,36.80135711601989,18.016173955707252
obs_x3_transfer_x1.2,Thompson,severe_left_weak,5,30.205526917133472,4.402622155839266,0.004267027520542586,0.0037899874073544252,19.12062123312535,1.7394299414741479,0.40829787160283654,0.03446073616442628,0.5766350201454737,0.021000739041236772,-1.5022771089120415,0.10590591721366835,0.06416460153906352,0.047212547846627206,0.9358353984609366,0.04721254784662719,30.088782451006445,2.9763411375097886,1.0,0.0,1.0,-33.65789897579732,11.400988154315455,0.7871602319015428,0.07382750457387373,46.4,10.965400129498239,0.7770268622978397,0.04719515078122346,46.4,10.965400129498239,46.4,10.965400129498239,33.65789897579732,-68.91342429293263,12.357662164496347,11.400988154315455
