param_name,scale,agent,metric,value,seed,profile,eta_forget_base,eta_forget_eff,gamma_f_base,gamma_f_eff,kappa_base,kappa_eff
eta_forget,-0.3,linucb,ttm,80.0,1,balanced,0.02,0.013999999999999999,NA,NA,NA,NA
eta_forget,-0.3,linucb,feasible_rate,0.975,1,balanced,0.02,0.013999999999999999,NA,NA,NA,NA
eta_forget,-0.3,linucb,avg_fatigue,0.569375,1,balanced,0.02,0.013999999999999999,NA,NA,NA,NA
eta_forget,-0.3,linucb,learn_slope,0.000925925925925926,1,balanced,0.02,0.013999999999999999,NA,NA,NA,NA
eta_forget,-0.3,linucb,ttm,155.0,98,balanced,0.02,0.013999999999999999,NA,NA,NA,NA
eta_forget,-0.3,linucb,feasible_rate,0.9870967741935484,98,balanced,0.02,0.013999999999999999,NA,NA,NA,NA
eta_forget,-0.3,linucb,avg_fatigue,0.5453970967741932,98,balanced,0.02,0.013999999999999999,NA,NA,NA,NA
eta_forget,-0.3,linucb,learn_slope,0.00024813895781637717,98,balanced,0.02,0.013999999999999999,NA,NA,NA,NA
eta_forget,-0.3,linucb,ttm,465.0,195,balanced,0.02,0.013999999999999999,NA,NA,NA,NA
eta_forget,-0.3,linucb,feasible_rate,0.9591397849462365,195,balanced,0.02,0.013999999999999999,NA,NA,NA,NA
eta_forget,-0.3,linucb,avg_fatigue,0.5679307821256632,195,balanced,0.02,0.013999999999999999,NA,NA,NA,NA
eta_forget,-0.3,linucb,learn_slope,2.7689325764917624e-05,195,balanced,0.02,0.013999999999999999,NA,NA,NA,NA
eta_forget,-0.3,linucb,ttm,345.0,292,balanced,0.02,0.013999999999999999,NA,NA,NA,NA
eta_forget,-0.3,linucb,feasible_rate,0.9826086956521739,292,balanced,0.02,0.013999999999999999,NA,NA,NA,NA
eta_forget,-0.3,linucb,avg_fatigue,0.5627250959402171,292,balanced,0.02,0.013999999999999999,NA,NA,NA,NA
eta_forget,-0.3,linucb,learn_slope,5.026388539834129e-05,292,balanced,0.02,0.013999999999999999,NA,NA,NA,NA
eta_forget,-0.3,linucb,ttm,517.0,389,balanced,0.02,0.013999999999999999,NA,NA,NA,NA
eta_forget,-0.3,linucb,feasible_rate,0.9748549323017408,389,balanced,0.02,0.013999999999999999,NA,NA,NA,NA
eta_forget,-0.3,linucb,avg_fatigue,0.5642409420524742,389,balanced,0.02,0.013999999999999999,NA,NA,NA,NA
eta_forget,-0.3,linucb,learn_slope,2.240427772342666e-05,389,balanced,0.02,0.013999999999999999,NA,NA,NA,NA
eta_forget,-0.3,linucb,ttm,600.0,486,balanced,0.02,0.013999999999999999,NA,NA,NA,NA
eta_forget,-0.3,linucb,feasible_rate,0.98,486,balanced,0.02,0.013999999999999999,NA,NA,NA,NA
eta_forget,-0.3,linucb,avg_fatigue,0.5583519906818624,486,balanced,0.02,0.013999999999999999,NA,NA,NA,NA
eta_forget,-0.3,linucb,learn_slope,0.0,486,balanced,0.02,0.013999999999999999,NA,NA,NA,NA
eta_forget,-0.3,linucb,ttm,600.0,583,balanced,0.02,0.013999999999999999,NA,NA,NA,NA
eta_forget,-0.3,linucb,feasible_rate,0.975,583,balanced,0.02,0.013999999999999999,NA,NA,NA,NA
eta_forget,-0.3,linucb,avg_fatigue,0.5548100457927868,583,balanced,0.02,0.013999999999999999,NA,NA,NA,NA
eta_forget,-0.3,linucb,learn_slope,0.0,583,balanced,0.02,0.013999999999999999,NA,NA,NA,NA
eta_forget,-0.3,linucb,ttm,165.0,680,balanced,0.02,0.013999999999999999,NA,NA,NA,NA
eta_forget,-0.3,linucb,feasible_rate,0.9878787878787879,680,balanced,0.02,0.013999999999999999,NA,NA,NA,NA
eta_forget,-0.3,linucb,avg_fatigue,0.5491583333333333,680,balanced,0.02,0.013999999999999999,NA,NA,NA,NA
eta_forget,-0.3,linucb,learn_slope,0.0002190580503833516,680,balanced,0.02,0.013999999999999999,NA,NA,NA,NA
eta_forget,-0.3,linucb,ttm,493.0,777,balanced,0.02,0.013999999999999999,NA,NA,NA,NA
eta_forget,-0.3,linucb,feasible_rate,0.9776876267748479,777,balanced,0.02,0.013999999999999999,NA,NA,NA,NA
eta_forget,-0.3,linucb,avg_fatigue,0.5632886048535118,777,balanced,0.02,0.013999999999999999,NA,NA,NA,NA
eta_forget,-0.3,linucb,learn_slope,2.463640768327434e-05,777,balanced,0.02,0.013999999999999999,NA,NA,NA,NA
eta_forget,-0.3,linucb,ttm,236.0,874,balanced,0.02,0.013999999999999999,NA,NA,NA,NA
eta_forget,-0.3,linucb,feasible_rate,0.9576271186440678,874,balanced,0.02,0.013999999999999999,NA,NA,NA,NA
eta_forget,-0.3,linucb,avg_fatigue,0.5659347317796608,874,balanced,0.02,0.013999999999999999,NA,NA,NA,NA
eta_forget,-0.3,linucb,learn_slope,0.00010727311735679038,874,balanced,0.02,0.013999999999999999,NA,NA,NA,NA
eta_forget,-0.15,linucb,ttm,80.0,1,balanced,0.02,0.017,NA,NA,NA,NA
eta_forget,-0.15,linucb,feasible_rate,0.975,1,balanced,0.02,0.017,NA,NA,NA,NA
eta_forget,-0.15,linucb,avg_fatigue,0.5687749999999999,1,balanced,0.02,0.017,NA,NA,NA,NA
eta_forget,-0.15,linucb,learn_slope,0.000925925925925926,1,balanced,0.02,0.017,NA,NA,NA,NA
eta_forget,-0.15,linucb,ttm,290.0,98,balanced,0.02,0.017,NA,NA,NA,NA
eta_forget,-0.15,linucb,feasible_rate,0.9862068965517241,98,balanced,0.02,0.017,NA,NA,NA,NA
eta_forget,-0.15,linucb,avg_fatigue,0.5507956210387928,98,balanced,0.02,0.017,NA,NA,NA,NA
eta_forget,-0.15,linucb,learn_slope,7.109847138286527e-05,98,balanced,0.02,0.017,NA,NA,NA,NA
eta_forget,-0.15,linucb,ttm,284.0,195,balanced,0.02,0.017,NA,NA,NA,NA
eta_forget,-0.15,linucb,feasible_rate,0.9788732394366197,195,balanced,0.02,0.017,NA,NA,NA,NA
eta_forget,-0.15,linucb,avg_fatigue,0.5610944735387319,195,balanced,0.02,0.017,NA,NA,NA,NA
eta_forget,-0.15,linucb,learn_slope,7.412898443291327e-05,195,balanced,0.02,0.017,NA,NA,NA,NA
eta_forget,-0.15,linucb,ttm,231.0,292,balanced,0.02,0.017,NA,NA,NA,NA
eta_forget,-0.15,linucb,feasible_rate,0.9653679653679653,292,balanced,0.02,0.017,NA,NA,NA,NA
eta_forget,-0.15,linucb,avg_fatigue,0.5585185406926404,292,balanced,0.02,0.017,NA,NA,NA,NA
eta_forget,-0.15,linucb,learn_slope,0.00011195700850873264,292,balanced,0.02,0.017,NA,NA,NA,NA
eta_forget,-0.15,linucb,ttm,339.0,389,balanced,0.02,0.017,NA,NA,NA,NA
eta_forget,-0.15,linucb,feasible_rate,0.976401179941003,389,balanced,0.02,0.017,NA,NA,NA,NA
eta_forget,-0.15,linucb,avg_fatigue,0.5650467649992622,389,balanced,0.02,0.017,NA,NA,NA,NA
eta_forget,-0.15,linucb,learn_slope,5.2056220718375845e-05,389,balanced,0.02,0.017,NA,NA,NA,NA
eta_forget,-0.15,linucb,ttm,266.0,486,balanced,0.02,0.017,NA,NA,NA,NA
eta_forget,-0.15,linucb,feasible_rate,0.9887218045112782,486,balanced,0.02,0.017,NA,NA,NA,NA
eta_forget,-0.15,linucb,avg_fatigue,0.5517651109022557,486,balanced,0.02,0.017,NA,NA,NA,NA
eta_forget,-0.15,linucb,learn_slope,8.448086508405846e-05,486,balanced,0.02,0.017,NA,NA,NA,NA
eta_forget,-0.15,linucb,ttm,600.0,583,balanced,0.02,0.017,NA,NA,NA,NA
eta_forget,-0.15,linucb,feasible_rate,0.975,583,balanced,0.02,0.017,NA,NA,NA,NA
eta_forget,-0.15,linucb,avg_fatigue,0.5625824308735826,583,balanced,0.02,0.017,NA,NA,NA,NA
eta_forget,-0.15,linucb,learn_slope,0.0,583,balanced,0.02,0.017,NA,NA,NA,NA
eta_forget,-0.15,linucb,ttm,59.0,680,balanced,0.02,0.017,NA,NA,NA,NA
eta_forget,-0.15,linucb,feasible_rate,0.9661016949152542,680,balanced,0.02,0.017,NA,NA,NA,NA
eta_forget,-0.15,linucb,avg_fatigue,0.555271186440678,680,balanced,0.02,0.017,NA,NA,NA,NA
eta_forget,-0.15,linucb,learn_slope,0.001694915254237288,680,balanced,0.02,0.017,NA,NA,NA,NA
eta_forget,-0.15,linucb,ttm,600.0,777,balanced,0.02,0.017,NA,NA,NA,NA
eta_forget,-0.15,linucb,feasible_rate,0.9733333333333334,777,balanced,0.02,0.017,NA,NA,NA,NA
eta_forget,-0.15,linucb,avg_fatigue,0.5592250354544208,777,balanced,0.02,0.017,NA,NA,NA,NA
eta_forget,-0.15,linucb,learn_slope,0.0,777,balanced,0.02,0.017,NA,NA,NA,NA
eta_forget,-0.15,linucb,ttm,236.0,874,balanced,0.02,0.017,NA,NA,NA,NA
eta_forget,-0.15,linucb,feasible_rate,0.9661016949152542,874,balanced,0.02,0.017,NA,NA,NA,NA
eta_forget,-0.15,linucb,avg_fatigue,0.5644616317796607,874,balanced,0.02,0.017,NA,NA,NA,NA
eta_forget,-0.15,linucb,learn_slope,0.00010727311735679038,874,balanced,0.02,0.017,NA,NA,NA,NA
eta_forget,0.0,linucb,ttm,206.0,1,balanced,0.02,0.02,NA,NA,NA,NA
eta_forget,0.0,linucb,feasible_rate,0.970873786407767,1,balanced,0.02,0.02,NA,NA,NA,NA
eta_forget,0.0,linucb,avg_fatigue,0.5736449679611645,1,balanced,0.02,0.02,NA,NA,NA,NA
eta_forget,0.0,linucb,learn_slope,0.00014070634585619808,1,balanced,0.02,0.02,NA,NA,NA,NA
eta_forget,0.0,linucb,ttm,173.0,98,balanced,0.02,0.02,NA,NA,NA,NA
eta_forget,0.0,linucb,feasible_rate,0.9884393063583815,98,balanced,0.02,0.02,NA,NA,NA,NA
eta_forget,0.0,linucb,avg_fatigue,0.5447559248554913,98,balanced,0.02,0.02,NA,NA,NA,NA
eta_forget,0.0,linucb,learn_slope,0.00019932230416583617,98,balanced,0.02,0.02,NA,NA,NA,NA
eta_forget,0.0,linucb,ttm,284.0,195,balanced,0.02,0.02,NA,NA,NA,NA
eta_forget,0.0,linucb,feasible_rate,0.9859154929577465,195,balanced,0.02,0.02,NA,NA,NA,NA
eta_forget,0.0,linucb,avg_fatigue,0.5573504109295769,195,balanced,0.02,0.02,NA,NA,NA,NA
eta_forget,0.0,linucb,learn_slope,7.412898443291327e-05,195,balanced,0.02,0.02,NA,NA,NA,NA
eta_forget,0.0,linucb,ttm,485.0,292,balanced,0.02,0.02,NA,NA,NA,NA
eta_forget,0.0,linucb,feasible_rate,0.977319587628866,292,balanced,0.02,0.02,NA,NA,NA,NA
eta_forget,0.0,linucb,avg_fatigue,0.558901398416796,292,balanced,0.02,0.02,NA,NA,NA,NA
eta_forget,0.0,linucb,learn_slope,2.545500827287769e-05,292,balanced,0.02,0.02,NA,NA,NA,NA
eta_forget,0.0,linucb,ttm,266.0,389,balanced,0.02,0.02,NA,NA,NA,NA
eta_forget,0.0,linucb,feasible_rate,0.9661654135338346,389,balanced,0.02,0.02,NA,NA,NA,NA
eta_forget,0.0,linucb,avg_fatigue,0.5609910678571429,389,balanced,0.02,0.02,NA,NA,NA,NA
eta_forget,0.0,linucb,learn_slope,8.448086508405846e-05,389,balanced,0.02,0.02,NA,NA,NA,NA
eta_forget,0.0,linucb,ttm,263.0,486,balanced,0.02,0.02,NA,NA,NA,NA
eta_forget,0.0,linucb,feasible_rate,0.9847908745247148,486,balanced,0.02,0.02,NA,NA,NA,NA
eta_forget,0.0,linucb,avg_fatigue,0.5651214886882128,486,balanced,0.02,0.02,NA,NA,NA,NA
eta_forget,0.0,linucb,learn_slope,8.641548565502937e-05,486,balanced,0.02,0.02,NA,NA,NA,NA
eta_forget,0.0,linucb,ttm,600.0,583,balanced,0.02,0.02,NA,NA,NA,NA
eta_forget,0.0,linucb,feasible_rate,0.9666666666666667,583,balanced,0.02,0.02,NA,NA,NA,NA
eta_forget,0.0,linucb,avg_fatigue,0.56005259841405,583,balanced,0.02,0.02,NA,NA,NA,NA
eta_forget,0.0,linucb,learn_slope,0.0,583,balanced,0.02,0.02,NA,NA,NA,NA
eta_forget,0.0,linucb,ttm,59.0,680,balanced,0.02,0.02,NA,NA,NA,NA
eta_forget,0.0,linucb,feasible_rate,0.9661016949152542,680,balanced,0.02,0.02,NA,NA,NA,NA
eta_forget,0.0,linucb,avg_fatigue,0.555271186440678,680,balanced,0.02,0.02,NA,NA,NA,NA
eta_forget,0.0,linucb,learn_slope,0.001694915254237288,680,balanced,0.02,0.02,NA,NA,NA,NA
eta_forget,0.0,linucb,ttm,600.0,777,balanced,0.02,0.02,NA,NA,NA,NA
eta_forget,0.0,linucb,feasible_rate,0.975,777,balanced,0.02,0.02,NA,NA,NA,NA
eta_forget,0.0,linucb,avg_fatigue,0.5627816385031709,777,balanced,0.02,0.02,NA,NA,NA,NA
eta_forget,0.0,linucb,learn_slope,0.0,777,balanced,0.02,0.02,NA,NA,NA,NA
eta_forget,0.0,linucb,ttm,162.0,874,balanced,0.02,0.02,NA,NA,NA,NA
eta_forget,0.0,linucb,feasible_rate,0.9691358024691358,874,balanced,0.02,0.02,NA,NA,NA,NA
eta_forget,0.0,linucb,avg_fatigue,0.5611044444444443,874,balanced,0.02,0.02,NA,NA,NA,NA
eta_forget,0.0,linucb,learn_slope,0.00022722108611679165,874,balanced,0.02,0.02,NA,NA,NA,NA
eta_forget,0.15,linucb,ttm,76.0,1,balanced,0.02,0.023,NA,NA,NA,NA
eta_forget,0.15,linucb,feasible_rate,1.0,1,balanced,0.02,0.023,NA,NA,NA,NA
eta_forget,0.15,linucb,avg_fatigue,0.5643815789473683,1,balanced,0.02,0.023,NA,NA,NA,NA
eta_forget,0.15,linucb,learn_slope,0.0010252904989747093,1,balanced,0.02,0.023,NA,NA,NA,NA
eta_forget,0.15,linucb,ttm,284.0,98,balanced,0.02,0.023,NA,NA,NA,NA
eta_forget,0.15,linucb,feasible_rate,0.9788732394366197,98,balanced,0.02,0.023,NA,NA,NA,NA
eta_forget,0.15,linucb,avg_fatigue,0.554967372866197,98,balanced,0.02,0.023,NA,NA,NA,NA
eta_forget,0.15,linucb,learn_slope,7.412898443291327e-05,98,balanced,0.02,0.023,NA,NA,NA,NA
eta_forget,0.15,linucb,ttm,482.0,195,balanced,0.02,0.023,NA,NA,NA,NA
eta_forget,0.15,linucb,feasible_rate,0.9626556016597511,195,balanced,0.02,0.023,NA,NA,NA,NA
eta_forget,0.15,linucb,avg_fatigue,0.566049815174408,195,balanced,0.02,0.023,NA,NA,NA,NA
eta_forget,0.15,linucb,learn_slope,2.577253163578259e-05,195,balanced,0.02,0.023,NA,NA,NA,NA
eta_forget,0.15,linucb,ttm,281.0,292,balanced,0.02,0.023,NA,NA,NA,NA
eta_forget,0.15,linucb,feasible_rate,0.9644128113879004,292,balanced,0.02,0.023,NA,NA,NA,NA
eta_forget,0.15,linucb,avg_fatigue,0.5696487343416369,292,balanced,0.02,0.023,NA,NA,NA,NA
eta_forget,0.15,linucb,learn_slope,7.57174225789354e-05,292,balanced,0.02,0.023,NA,NA,NA,NA
eta_forget,0.15,linucb,ttm,600.0,389,balanced,0.02,0.023,NA,NA,NA,NA
eta_forget,0.15,linucb,feasible_rate,0.975,389,balanced,0.02,0.023,NA,NA,NA,NA
eta_forget,0.15,linucb,avg_fatigue,0.5635871169450498,389,balanced,0.02,0.023,NA,NA,NA,NA
eta_forget,0.15,linucb,learn_slope,0.0,389,balanced,0.02,0.023,NA,NA,NA,NA
eta_forget,0.15,linucb,ttm,291.0,486,balanced,0.02,0.023,NA,NA,NA,NA
eta_forget,0.15,linucb,feasible_rate,0.979381443298969,486,balanced,0.02,0.023,NA,NA,NA,NA
eta_forget,0.15,linucb,avg_fatigue,0.5547213902409791,486,balanced,0.02,0.023,NA,NA,NA,NA
eta_forget,0.15,linucb,learn_slope,7.061149555147578e-05,486,balanced,0.02,0.023,NA,NA,NA,NA
eta_forget,0.15,linucb,ttm,230.0,583,balanced,0.02,0.023,NA,NA,NA,NA
eta_forget,0.15,linucb,feasible_rate,0.9652173913043478,583,balanced,0.02,0.023,NA,NA,NA,NA
eta_forget,0.15,linucb,avg_fatigue,0.5580109576086956,583,balanced,0.02,0.023,NA,NA,NA,NA
eta_forget,0.15,linucb,learn_slope,0.00011293054771315641,583,balanced,0.02,0.023,NA,NA,NA,NA
eta_forget,0.15,linucb,ttm,414.0,680,balanced,0.02,0.023,NA,NA,NA,NA
eta_forget,0.15,linucb,feasible_rate,0.9830917874396136,680,balanced,0.02,0.023,NA,NA,NA,NA
eta_forget,0.15,linucb,avg_fatigue,0.553784424515244,680,balanced,0.02,0.023,NA,NA,NA,NA
eta_forget,0.15,linucb,learn_slope,3.492229788720098e-05,680,balanced,0.02,0.023,NA,NA,NA,NA
eta_forget,0.15,linucb,ttm,435.0,777,balanced,0.02,0.023,NA,NA,NA,NA
eta_forget,0.15,linucb,feasible_rate,0.9655172413793104,777,balanced,0.02,0.023,NA,NA,NA,NA
eta_forget,0.15,linucb,avg_fatigue,0.5717522466769748,777,balanced,0.02,0.023,NA,NA,NA,NA
eta_forget,0.15,linucb,learn_slope,3.163555836760518e-05,777,balanced,0.02,0.023,NA,NA,NA,NA
eta_forget,0.15,linucb,ttm,476.0,874,balanced,0.02,0.023,NA,NA,NA,NA
eta_forget,0.15,linucb,feasible_rate,0.9684873949579832,874,balanced,0.02,0.023,NA,NA,NA,NA
eta_forget,0.15,linucb,avg_fatigue,0.5624954522021063,874,balanced,0.02,0.023,NA,NA,NA,NA
eta_forget,0.15,linucb,learn_slope,2.642566460546483e-05,874,balanced,0.02,0.023,NA,NA,NA,NA
eta_forget,0.3,linucb,ttm,600.0,1,balanced,0.02,0.026000000000000002,NA,NA,NA,NA
eta_forget,0.3,linucb,feasible_rate,0.9733333333333334,1,balanced,0.02,0.026000000000000002,NA,NA,NA,NA
eta_forget,0.3,linucb,avg_fatigue,0.5650751292574648,1,balanced,0.02,0.026000000000000002,NA,NA,NA,NA
eta_forget,0.3,linucb,learn_slope,0.0,1,balanced,0.02,0.026000000000000002,NA,NA,NA,NA
eta_forget,0.3,linucb,ttm,155.0,98,balanced,0.02,0.026000000000000002,NA,NA,NA,NA
eta_forget,0.3,linucb,feasible_rate,0.9806451612903225,98,balanced,0.02,0.026000000000000002,NA,NA,NA,NA
eta_forget,0.3,linucb,avg_fatigue,0.5512735483870964,98,balanced,0.02,0.026000000000000002,NA,NA,NA,NA
eta_forget,0.3,linucb,learn_slope,0.00024813895781637717,98,balanced,0.02,0.026000000000000002,NA,NA,NA,NA
eta_forget,0.3,linucb,ttm,465.0,195,balanced,0.02,0.026000000000000002,NA,NA,NA,NA
eta_forget,0.3,linucb,feasible_rate,0.967741935483871,195,balanced,0.02,0.026000000000000002,NA,NA,NA,NA
eta_forget,0.3,linucb,avg_fatigue,0.5589889506091343,195,balanced,0.02,0.026000000000000002,NA,NA,NA,NA
eta_forget,0.3,linucb,learn_slope,2.7689325764917624e-05,195,balanced,0.02,0.026000000000000002,NA,NA,NA,NA
eta_forget,0.3,linucb,ttm,282.0,292,balanced,0.02,0.026000000000000002,NA,NA,NA,NA
eta_forget,0.3,linucb,feasible_rate,0.9645390070921985,292,balanced,0.02,0.026000000000000002,NA,NA,NA,NA
eta_forget,0.3,linucb,avg_fatigue,0.5616902343936171,292,balanced,0.02,0.026000000000000002,NA,NA,NA,NA
eta_forget,0.3,linucb,learn_slope,7.518231711901361e-05,292,balanced,0.02,0.026000000000000002,NA,NA,NA,NA
eta_forget,0.3,linucb,ttm,252.0,389,balanced,0.02,0.026000000000000002,NA,NA,NA,NA
eta_forget,0.3,linucb,feasible_rate,0.9722222222222222,389,balanced,0.02,0.026000000000000002,NA,NA,NA,NA
eta_forget,0.3,linucb,avg_fatigue,0.5569089686507934,389,balanced,0.02,0.026000000000000002,NA,NA,NA,NA
eta_forget,0.3,linucb,learn_slope,9.410878976096367e-05,389,balanced,0.02,0.026000000000000002,NA,NA,NA,NA
eta_forget,0.3,linucb,ttm,319.0,486,balanced,0.02,0.026000000000000002,NA,NA,NA,NA
eta_forget,0.3,linucb,feasible_rate,0.9749216300940439,486,balanced,0.02,0.026000000000000002,NA,NA,NA,NA
eta_forget,0.3,linucb,avg_fatigue,0.564031935760188,486,balanced,0.02,0.026000000000000002,NA,NA,NA,NA
eta_forget,0.3,linucb,learn_slope,5.877742946708464e-05,486,balanced,0.02,0.026000000000000002,NA,NA,NA,NA
eta_forget,0.3,linucb,ttm,343.0,583,balanced,0.02,0.026000000000000002,NA,NA,NA,NA
eta_forget,0.3,linucb,feasible_rate,0.9650145772594753,583,balanced,0.02,0.026000000000000002,NA,NA,NA,NA
eta_forget,0.3,linucb,avg_fatigue,0.5611070757547374,583,balanced,0.02,0.026000000000000002,NA,NA,NA,NA
eta_forget,0.3,linucb,learn_slope,5.085090514611161e-05,583,balanced,0.02,0.026000000000000002,NA,NA,NA,NA
eta_forget,0.3,linucb,ttm,311.0,680,balanced,0.02,0.026000000000000002,NA,NA,NA,NA
eta_forget,0.3,linucb,feasible_rate,0.9839228295819936,680,balanced,0.02,0.026000000000000002,NA,NA,NA,NA
eta_forget,0.3,linucb,avg_fatigue,0.5494426071129421,680,balanced,0.02,0.026000000000000002,NA,NA,NA,NA
eta_forget,0.3,linucb,learn_slope,6.183527083848628e-05,680,balanced,0.02,0.026000000000000002,NA,NA,NA,NA
eta_forget,0.3,linucb,ttm,393.0,777,balanced,0.02,0.026000000000000002,NA,NA,NA,NA
eta_forget,0.3,linucb,feasible_rate,0.9669211195928753,777,balanced,0.02,0.026000000000000002,NA,NA,NA,NA
eta_forget,0.3,linucb,avg_fatigue,0.563258949327037,777,balanced,0.02,0.026000000000000002,NA,NA,NA,NA
eta_forget,0.3,linucb,learn_slope,3.874917657999768e-05,777,balanced,0.02,0.026000000000000002,NA,NA,NA,NA
eta_forget,0.3,linucb,ttm,195.0,874,balanced,0.02,0.026000000000000002,NA,NA,NA,NA
eta_forget,0.3,linucb,feasible_rate,0.9641025641025641,874,balanced,0.02,0.026000000000000002,NA,NA,NA,NA
eta_forget,0.3,linucb,avg_fatigue,0.5652608974358974,874,balanced,0.02,0.026000000000000002,NA,NA,NA,NA
eta_forget,0.3,linucb,learn_slope,0.00015698587127158556,874,balanced,0.02,0.026000000000000002,NA,NA,NA,NA
eta_forget,-0.3,thompson,ttm,135.0,1,balanced,0.02,0.013999999999999999,NA,NA,NA,NA
eta_forget,-0.3,thompson,feasible_rate,0.8666666666666667,1,balanced,0.02,0.013999999999999999,NA,NA,NA,NA
eta_forget,-0.3,thompson,avg_fatigue,0.5896605555555553,1,balanced,0.02,0.013999999999999999,NA,NA,NA,NA
eta_forget,-0.3,thompson,learn_slope,0.000326797385620915,1,balanced,0.02,0.013999999999999999,NA,NA,NA,NA
eta_forget,-0.3,thompson,ttm,145.0,98,balanced,0.02,0.013999999999999999,NA,NA,NA,NA
eta_forget,-0.3,thompson,feasible_rate,0.8896551724137931,98,balanced,0.02,0.013999999999999999,NA,NA,NA,NA
eta_forget,-0.3,thompson,avg_fatigue,0.5470362068965516,98,balanced,0.02,0.013999999999999999,NA,NA,NA,NA
eta_forget,-0.3,thompson,learn_slope,0.0002834199338686821,98,balanced,0.02,0.013999999999999999,NA,NA,NA,NA
eta_forget,-0.3,thompson,ttm,49.0,195,balanced,0.02,0.013999999999999999,NA,NA,NA,NA
eta_forget,-0.3,thompson,feasible_rate,0.8979591836734694,195,balanced,0.02,0.013999999999999999,NA,NA,NA,NA
eta_forget,-0.3,thompson,avg_fatigue,0.5297346938775509,195,balanced,0.02,0.013999999999999999,NA,NA,NA,NA
eta_forget,-0.3,thompson,learn_slope,0.002448979591836734,195,balanced,0.02,0.013999999999999999,NA,NA,NA,NA
eta_forget,-0.3,thompson,ttm,50.0,292,balanced,0.02,0.013999999999999999,NA,NA,NA,NA
eta_forget,-0.3,thompson,feasible_rate,0.9,292,balanced,0.02,0.013999999999999999,NA,NA,NA,NA
eta_forget,-0.3,thompson,avg_fatigue,0.5498399999999999,292,balanced,0.02,0.013999999999999999,NA,NA,NA,NA
eta_forget,-0.3,thompson,learn_slope,0.002352941176470588,292,balanced,0.02,0.013999999999999999,NA,NA,NA,NA
eta_forget,-0.3,thompson,ttm,213.0,389,balanced,0.02,0.013999999999999999,NA,NA,NA,NA
eta_forget,-0.3,thompson,feasible_rate,0.9154929577464789,389,balanced,0.02,0.013999999999999999,NA,NA,NA,NA
eta_forget,-0.3,thompson,avg_fatigue,0.5532701819248822,389,balanced,0.02,0.013999999999999999,NA,NA,NA,NA
eta_forget,-0.3,thompson,learn_slope,0.00013163090693694878,389,balanced,0.02,0.013999999999999999,NA,NA,NA,NA
eta_forget,-0.3,thompson,ttm,208.0,486,balanced,0.02,0.013999999999999999,NA,NA,NA,NA
eta_forget,-0.3,thompson,feasible_rate,0.8894230769230769,486,balanced,0.02,0.013999999999999999,NA,NA,NA,NA
eta_forget,-0.3,thompson,avg_fatigue,0.5708589788461538,486,balanced,0.02,0.013999999999999999,NA,NA,NA,NA
eta_forget,-0.3,thompson,learn_slope,0.00013801987486198014,486,balanced,0.02,0.013999999999999999,NA,NA,NA,NA
eta_forget,-0.3,thompson,ttm,251.0,583,balanced,0.02,0.013999999999999999,NA,NA,NA,NA
eta_forget,-0.3,thompson,feasible_rate,0.9123505976095617,583,balanced,0.02,0.013999999999999999,NA,NA,NA,NA
eta_forget,-0.3,thompson,avg_fatigue,0.5489566214143424,583,balanced,0.02,0.013999999999999999,NA,NA,NA,NA
eta_forget,-0.3,thompson,learn_slope,9.485866059571239e-05,583,balanced,0.02,0.013999999999999999,NA,NA,NA,NA
eta_forget,-0.3,thompson,ttm,59.0,680,balanced,0.02,0.013999999999999999,NA,NA,NA,NA
eta_forget,-0.3,thompson,feasible_rate,0.9152542372881356,680,balanced,0.02,0.013999999999999999,NA,NA,NA,NA
eta_forget,-0.3,thompson,avg_fatigue,0.5478983050847457,680,balanced,0.02,0.013999999999999999,NA,NA,NA,NA
eta_forget,-0.3,thompson,learn_slope,0.001694915254237288,680,balanced,0.02,0.013999999999999999,NA,NA,NA,NA
eta_forget,-0.3,thompson,ttm,219.0,777,balanced,0.02,0.013999999999999999,NA,NA,NA,NA
eta_forget,-0.3,thompson,feasible_rate,0.8767123287671232,777,balanced,0.02,0.013999999999999999,NA,NA,NA,NA
eta_forget,-0.3,thompson,avg_fatigue,0.5671527736301367,777,balanced,0.02,0.013999999999999999,NA,NA,NA,NA
eta_forget,-0.3,thompson,learn_slope,0.00012453300124533003,777,balanced,0.02,0.013999999999999999,NA,NA,NA,NA
eta_forget,-0.3,thompson,ttm,49.0,874,balanced,0.02,0.013999999999999999,NA,NA,NA,NA
eta_forget,-0.3,thompson,feasible_rate,0.8979591836734694,874,balanced,0.02,0.013999999999999999,NA,NA,NA,NA
eta_forget,-0.3,thompson,avg_fatigue,0.5800204081632652,874,balanced,0.02,0.013999999999999999,NA,NA,NA,NA
eta_forget,-0.3,thompson,learn_slope,0.002448979591836734,874,balanced,0.02,0.013999999999999999,NA,NA,NA,NA
eta_forget,-0.15,thompson,ttm,65.0,1,balanced,0.02,0.017,NA,NA,NA,NA
eta_forget,-0.15,thompson,feasible_rate,0.9384615384615385,1,balanced,0.02,0.017,NA,NA,NA,NA
eta_forget,-0.15,thompson,avg_fatigue,0.5258307692307689,1,balanced,0.02,0.017,NA,NA,NA,NA
eta_forget,-0.15,thompson,learn_slope,0.0013986013986013986,1,balanced,0.02,0.017,NA,NA,NA,NA
eta_forget,-0.15,thompson,ttm,46.0,98,balanced,0.02,0.017,NA,NA,NA,NA
eta_forget,-0.15,thompson,feasible_rate,0.9130434782608696,98,balanced,0.02,0.017,NA,NA,NA,NA
eta_forget,-0.15,thompson,avg_fatigue,0.5051304347826087,98,balanced,0.02,0.017,NA,NA,NA,NA
eta_forget,-0.15,thompson,learn_slope,0.0027752081406105457,98,balanced,0.02,0.017,NA,NA,NA,NA
eta_forget,-0.15,thompson,ttm,71.0,195,balanced,0.02,0.017,NA,NA,NA,NA
eta_forget,-0.15,thompson,feasible_rate,0.8873239436619719,195,balanced,0.02,0.017,NA,NA,NA,NA
eta_forget,-0.15,thompson,avg_fatigue,0.5751408450704224,195,balanced,0.02,0.017,NA,NA,NA,NA
eta_forget,-0.15,thompson,learn_slope,0.0011737089201877935,195,balanced,0.02,0.017,NA,NA,NA,NA
eta_forget,-0.15,thompson,ttm,199.0,292,balanced,0.02,0.017,NA,NA,NA,NA
eta_forget,-0.15,thompson,feasible_rate,0.9095477386934674,292,balanced,0.02,0.017,NA,NA,NA,NA
eta_forget,-0.15,thompson,avg_fatigue,0.5555651005025123,292,balanced,0.02,0.017,NA,NA,NA,NA
eta_forget,-0.15,thompson,learn_slope,0.00015075376884422112,292,balanced,0.02,0.017,NA,NA,NA,NA
eta_forget,-0.15,thompson,ttm,101.0,389,balanced,0.02,0.017,NA,NA,NA,NA
eta_forget,-0.15,thompson,feasible_rate,0.9207920792079208,389,balanced,0.02,0.017,NA,NA,NA,NA
eta_forget,-0.15,thompson,avg_fatigue,0.5245049504950493,389,balanced,0.02,0.017,NA,NA,NA,NA
eta_forget,-0.15,thompson,learn_slope,0.0005824111822947001,389,balanced,0.02,0.017,NA,NA,NA,NA
eta_forget,-0.15,thompson,ttm,40.0,486,balanced,0.02,0.017,NA,NA,NA,NA
eta_forget,-0.15,thompson,feasible_rate,0.95,486,balanced,0.02,0.017,NA,NA,NA,NA
eta_forget,-0.15,thompson,avg_fatigue,0.4991249999999998,486,balanced,0.02,0.017,NA,NA,NA,NA
eta_forget,-0.15,thompson,learn_slope,0.003658536585365854,486,balanced,0.02,0.017,NA,NA,NA,NA
eta_forget,-0.15,thompson,ttm,56.0,583,balanced,0.02,0.017,NA,NA,NA,NA
eta_forget,-0.15,thompson,feasible_rate,0.9642857142857143,583,balanced,0.02,0.017,NA,NA,NA,NA
eta_forget,-0.15,thompson,avg_fatigue,0.5203035714285714,583,balanced,0.02,0.017,NA,NA,NA,NA
eta_forget,-0.15,thompson,learn_slope,0.0018796992481203004,583,balanced,0.02,0.017,NA,NA,NA,NA
eta_forget,-0.15,thompson,ttm,92.0,680,balanced,0.02,0.017,NA,NA,NA,NA
eta_forget,-0.15,thompson,feasible_rate,0.8478260869565217,680,balanced,0.02,0.017,NA,NA,NA,NA
eta_forget,-0.15,thompson,avg_fatigue,0.5585652173913043,680,balanced,0.02,0.017,NA,NA,NA,NA
eta_forget,-0.15,thompson,learn_slope,0.0007012622720897616,680,balanced,0.02,0.017,NA,NA,NA,NA
eta_forget,-0.15,thompson,ttm,130.0,777,balanced,0.02,0.017,NA,NA,NA,NA
eta_forget,-0.15,thompson,feasible_rate,0.9,777,balanced,0.02,0.017,NA,NA,NA,NA
eta_forget,-0.15,thompson,avg_fatigue,0.5559919230769231,777,balanced,0.02,0.017,NA,NA,NA,NA
eta_forget,-0.15,thompson,learn_slope,0.00035231943628890195,777,balanced,0.02,0.017,NA,NA,NA,NA
eta_forget,-0.15,thompson,ttm,113.0,874,balanced,0.02,0.017,NA,NA,NA,NA
eta_forget,-0.15,thompson,feasible_rate,0.9292035398230089,874,balanced,0.02,0.017,NA,NA,NA,NA
eta_forget,-0.15,thompson,avg_fatigue,0.5376283185840706,874,balanced,0.02,0.017,NA,NA,NA,NA
eta_forget,-0.15,thompson,learn_slope,0.0004657661853749418,874,balanced,0.02,0.017,NA,NA,NA,NA
eta_forget,0.0,thompson,ttm,93.0,1,balanced,0.02,0.02,NA,NA,NA,NA
eta_forget,0.0,thompson,feasible_rate,0.946236559139785,1,balanced,0.02,0.02,NA,NA,NA,NA
eta_forget,0.0,thompson,avg_fatigue,0.5299354838709678,1,balanced,0.02,0.02,NA,NA,NA,NA
eta_forget,0.0,thompson,learn_slope,0.0006863417982155113,1,balanced,0.02,0.02,NA,NA,NA,NA
eta_forget,0.0,thompson,ttm,257.0,98,balanced,0.02,0.02,NA,NA,NA,NA
eta_forget,0.0,thompson,feasible_rate,0.8910505836575875,98,balanced,0.02,0.02,NA,NA,NA,NA
eta_forget,0.0,thompson,avg_fatigue,0.5626572341439686,98,balanced,0.02,0.02,NA,NA,NA,NA
eta_forget,0.0,thompson,learn_slope,9.04895484571532e-05,98,balanced,0.02,0.02,NA,NA,NA,NA
eta_forget,0.0,thompson,ttm,245.0,195,balanced,0.02,0.02,NA,NA,NA,NA
eta_forget,0.0,thompson,feasible_rate,0.9102040816326531,195,balanced,0.02,0.02,NA,NA,NA,NA
eta_forget,0.0,thompson,avg_fatigue,0.5501303760204084,195,balanced,0.02,0.02,NA,NA,NA,NA
eta_forget,0.0,thompson,learn_slope,9.955201592832254e-05,195,balanced,0.02,0.02,NA,NA,NA,NA
eta_forget,0.0,thompson,ttm,346.0,292,balanced,0.02,0.02,NA,NA,NA,NA
eta_forget,0.0,thompson,feasible_rate,0.8901734104046243,292,balanced,0.02,0.02,NA,NA,NA,NA
eta_forget,0.0,thompson,avg_fatigue,0.5661424402615606,292,balanced,0.02,0.02,NA,NA,NA,NA
eta_forget,0.0,thompson,learn_slope,4.997418000699638e-05,292,balanced,0.02,0.02,NA,NA,NA,NA
eta_forget,0.0,thompson,ttm,149.0,389,balanced,0.02,0.02,NA,NA,NA,NA
eta_forget,0.0,thompson,feasible_rate,0.8926174496644296,389,balanced,0.02,0.02,NA,NA,NA,NA
eta_forget,0.0,thompson,avg_fatigue,0.572317718120805,389,balanced,0.02,0.02,NA,NA,NA,NA
eta_forget,0.0,thompson,learn_slope,0.00026845637583892615,389,balanced,0.02,0.02,NA,NA,NA,NA
eta_forget,0.0,thompson,ttm,134.0,486,balanced,0.02,0.02,NA,NA,NA,NA
eta_forget,0.0,thompson,feasible_rate,0.8805970149253731,486,balanced,0.02,0.02,NA,NA,NA,NA
eta_forget,0.0,thompson,avg_fatigue,0.566713134328358,486,balanced,0.02,0.02,NA,NA,NA,NA
eta_forget,0.0,thompson,learn_slope,0.0003316749585406301,486,balanced,0.02,0.02,NA,NA,NA,NA
eta_forget,0.0,thompson,ttm,72.0,583,balanced,0.02,0.02,NA,NA,NA,NA
eta_forget,0.0,thompson,feasible_rate,0.9027777777777778,583,balanced,0.02,0.02,NA,NA,NA,NA
eta_forget,0.0,thompson,avg_fatigue,0.5559583333333332,583,balanced,0.02,0.02,NA,NA,NA,NA
eta_forget,0.0,thompson,learn_slope,0.001141552511415525,583,balanced,0.02,0.02,NA,NA,NA,NA
eta_forget,0.0,thompson,ttm,95.0,680,balanced,0.02,0.02,NA,NA,NA,NA
eta_forget,0.0,thompson,feasible_rate,0.9157894736842105,680,balanced,0.02,0.02,NA,NA,NA,NA
eta_forget,0.0,thompson,avg_fatigue,0.5641578947368419,680,balanced,0.02,0.02,NA,NA,NA,NA
eta_forget,0.0,thompson,learn_slope,0.0006578947368421052,680,balanced,0.02,0.02,NA,NA,NA,NA
eta_forget,0.0,thompson,ttm,141.0,777,balanced,0.02,0.02,NA,NA,NA,NA
eta_forget,0.0,thompson,feasible_rate,0.9361702127659575,777,balanced,0.02,0.02,NA,NA,NA,NA
eta_forget,0.0,thompson,avg_fatigue,0.5255294680851063,777,balanced,0.02,0.02,NA,NA,NA,NA
eta_forget,0.0,thompson,learn_slope,0.00029967036260113877,777,balanced,0.02,0.02,NA,NA,NA,NA
eta_forget,0.0,thompson,ttm,67.0,874,balanced,0.02,0.02,NA,NA,NA,NA
eta_forget,0.0,thompson,feasible_rate,0.9253731343283582,874,balanced,0.02,0.02,NA,NA,NA,NA
eta_forget,0.0,thompson,avg_fatigue,0.5394328358208955,874,balanced,0.02,0.02,NA,NA,NA,NA
eta_forget,0.0,thompson,learn_slope,0.0013169446883230904,874,balanced,0.02,0.02,NA,NA,NA,NA
eta_forget,0.15,thompson,ttm,100.0,1,balanced,0.02,0.023,NA,NA,NA,NA
eta_forget,0.15,thompson,feasible_rate,0.92,1,balanced,0.02,0.023,NA,NA,NA,NA
eta_forget,0.15,thompson,avg_fatigue,0.5471299999999999,1,balanced,0.02,0.023,NA,NA,NA,NA
eta_forget,0.15,thompson,learn_slope,0.000594059405940594,1,balanced,0.02,0.023,NA,NA,NA,NA
eta_forget,0.15,thompson,ttm,145.0,98,balanced,0.02,0.023,NA,NA,NA,NA
eta_forget,0.15,thompson,feasible_rate,0.9310344827586207,98,balanced,0.02,0.023,NA,NA,NA,NA
eta_forget,0.15,thompson,avg_fatigue,0.545013793103448,98,balanced,0.02,0.023,NA,NA,NA,NA
eta_forget,0.15,thompson,learn_slope,0.0002834199338686821,98,balanced,0.02,0.023,NA,NA,NA,NA
eta_forget,0.15,thompson,ttm,288.0,195,balanced,0.02,0.023,NA,NA,NA,NA
eta_forget,0.15,thompson,feasible_rate,0.8958333333333334,195,balanced,0.02,0.023,NA,NA,NA,NA
eta_forget,0.15,thompson,avg_fatigue,0.5598969731909721,195,balanced,0.02,0.023,NA,NA,NA,NA
eta_forget,0.15,thompson,learn_slope,7.20876585928489e-05,195,balanced,0.02,0.023,NA,NA,NA,NA
eta_forget,0.15,thompson,ttm,53.0,292,balanced,0.02,0.023,NA,NA,NA,NA
eta_forget,0.15,thompson,feasible_rate,0.8867924528301887,292,balanced,0.02,0.023,NA,NA,NA,NA
eta_forget,0.15,thompson,avg_fatigue,0.5572641509433962,292,balanced,0.02,0.023,NA,NA,NA,NA
eta_forget,0.15,thompson,learn_slope,0.0020964360587002098,292,balanced,0.02,0.023,NA,NA,NA,NA
eta_forget,0.15,thompson,ttm,69.0,389,balanced,0.02,0.023,NA,NA,NA,NA
eta_forget,0.15,thompson,feasible_rate,0.9130434782608696,389,balanced,0.02,0.023,NA,NA,NA,NA
eta_forget,0.15,thompson,avg_fatigue,0.5338550724637682,389,balanced,0.02,0.023,NA,NA,NA,NA
eta_forget,0.15,thompson,learn_slope,0.0012422360248447205,389,balanced,0.02,0.023,NA,NA,NA,NA
eta_forget,0.15,thompson,ttm,126.0,486,balanced,0.02,0.023,NA,NA,NA,NA
eta_forget,0.15,thompson,feasible_rate,0.9365079365079365,486,balanced,0.02,0.023,NA,NA,NA,NA
eta_forget,0.15,thompson,avg_fatigue,0.5564484920634917,486,balanced,0.02,0.023,NA,NA,NA,NA
eta_forget,0.15,thompson,learn_slope,0.0003749531308586427,486,balanced,0.02,0.023,NA,NA,NA,NA
eta_forget,0.15,thompson,ttm,110.0,583,balanced,0.02,0.023,NA,NA,NA,NA
eta_forget,0.15,thompson,feasible_rate,0.8818181818181818,583,balanced,0.02,0.023,NA,NA,NA,NA
eta_forget,0.15,thompson,avg_fatigue,0.5641545454545451,583,balanced,0.02,0.023,NA,NA,NA,NA
eta_forget,0.15,thompson,learn_slope,0.0004914004914004914,583,balanced,0.02,0.023,NA,NA,NA,NA
eta_forget,0.15,thompson,ttm,75.0,680,balanced,0.02,0.023,NA,NA,NA,NA
eta_forget,0.15,thompson,feasible_rate,0.9866666666666667,680,balanced,0.02,0.023,NA,NA,NA,NA
eta_forget,0.15,thompson,avg_fatigue,0.4949999999999999,680,balanced,0.02,0.023,NA,NA,NA,NA
eta_forget,0.15,thompson,learn_slope,0.0010526315789473684,680,balanced,0.02,0.023,NA,NA,NA,NA
eta_forget,0.15,thompson,ttm,92.0,777,balanced,0.02,0.023,NA,NA,NA,NA
eta_forget,0.15,thompson,feasible_rate,0.8695652173913043,777,balanced,0.02,0.023,NA,NA,NA,NA
eta_forget,0.15,thompson,avg_fatigue,0.5650000000000002,777,balanced,0.02,0.023,NA,NA,NA,NA
eta_forget,0.15,thompson,learn_slope,0.0007012622720897616,777,balanced,0.02,0.023,NA,NA,NA,NA
eta_forget,0.15,thompson,ttm,44.0,874,balanced,0.02,0.023,NA,NA,NA,NA
eta_forget,0.15,thompson,feasible_rate,0.8863636363636364,874,balanced,0.02,0.023,NA,NA,NA,NA
eta_forget,0.15,thompson,avg_fatigue,0.5430454545454544,874,balanced,0.02,0.023,NA,NA,NA,NA
eta_forget,0.15,thompson,learn_slope,0.0030303030303030303,874,balanced,0.02,0.023,NA,NA,NA,NA
eta_forget,0.3,thompson,ttm,247.0,1,balanced,0.02,0.026000000000000002,NA,NA,NA,NA
eta_forget,0.3,thompson,feasible_rate,0.902834008097166,1,balanced,0.02,0.026000000000000002,NA,NA,NA,NA
eta_forget,0.3,thompson,avg_fatigue,0.5604490919028339,1,balanced,0.02,0.026000000000000002,NA,NA,NA,NA
eta_forget,0.3,thompson,learn_slope,9.794958861172785e-05,1,balanced,0.02,0.026000000000000002,NA,NA,NA,NA
eta_forget,0.3,thompson,ttm,280.0,98,balanced,0.02,0.026000000000000002,NA,NA,NA,NA
eta_forget,0.3,thompson,feasible_rate,0.9035714285714286,98,balanced,0.02,0.026000000000000002,NA,NA,NA,NA
eta_forget,0.3,thompson,avg_fatigue,0.5618337499999996,98,balanced,0.02,0.026000000000000002,NA,NA,NA,NA
eta_forget,0.3,thompson,learn_slope,7.62582613116421e-05,98,balanced,0.02,0.026000000000000002,NA,NA,NA,NA
eta_forget,0.3,thompson,ttm,124.0,195,balanced,0.02,0.026000000000000002,NA,NA,NA,NA
eta_forget,0.3,thompson,feasible_rate,0.9193548387096774,195,balanced,0.02,0.026000000000000002,NA,NA,NA,NA
eta_forget,0.3,thompson,avg_fatigue,0.5419367741935484,195,balanced,0.02,0.026000000000000002,NA,NA,NA,NA
eta_forget,0.3,thompson,learn_slope,0.00038709677419354843,195,balanced,0.02,0.026000000000000002,NA,NA,NA,NA
eta_forget,0.3,thompson,ttm,120.0,292,balanced,0.02,0.026000000000000002,NA,NA,NA,NA
eta_forget,0.3,thompson,feasible_rate,0.8666666666666667,292,balanced,0.02,0.026000000000000002,NA,NA,NA,NA
eta_forget,0.3,thompson,avg_fatigue,0.5694750000000002,292,balanced,0.02,0.026000000000000002,NA,NA,NA,NA
eta_forget,0.3,thompson,learn_slope,0.0004132231404958678,292,balanced,0.02,0.026000000000000002,NA,NA,NA,NA
eta_forget,0.3,thompson,ttm,69.0,389,balanced,0.02,0.026000000000000002,NA,NA,NA,NA
eta_forget,0.3,thompson,feasible_rate,0.9420289855072463,389,balanced,0.02,0.026000000000000002,NA,NA,NA,NA
eta_forget,0.3,thompson,avg_fatigue,0.5232028985507245,389,balanced,0.02,0.026000000000000002,NA,NA,NA,NA
eta_forget,0.3,thompson,learn_slope,0.0012422360248447205,389,balanced,0.02,0.026000000000000002,NA,NA,NA,NA
eta_forget,0.3,thompson,ttm,166.0,486,balanced,0.02,0.026000000000000002,NA,NA,NA,NA
eta_forget,0.3,thompson,feasible_rate,0.9216867469879518,486,balanced,0.02,0.026000000000000002,NA,NA,NA,NA
eta_forget,0.3,thompson,avg_fatigue,0.5646948192771081,486,balanced,0.02,0.026000000000000002,NA,NA,NA,NA
eta_forget,0.3,thompson,learn_slope,0.00021643460067816175,486,balanced,0.02,0.026000000000000002,NA,NA,NA,NA
eta_forget,0.3,thompson,ttm,72.0,583,balanced,0.02,0.026000000000000002,NA,NA,NA,NA
eta_forget,0.3,thompson,feasible_rate,0.9722222222222222,583,balanced,0.02,0.026000000000000002,NA,NA,NA,NA
eta_forget,0.3,thompson,avg_fatigue,0.5074166666666665,583,balanced,0.02,0.026000000000000002,NA,NA,NA,NA
eta_forget,0.3,thompson,learn_slope,0.001141552511415525,583,balanced,0.02,0.026000000000000002,NA,NA,NA,NA
eta_forget,0.3,thompson,ttm,49.0,680,balanced,0.02,0.026000000000000002,NA,NA,NA,NA
eta_forget,0.3,thompson,feasible_rate,0.9591836734693877,680,balanced,0.02,0.026000000000000002,NA,NA,NA,NA
eta_forget,0.3,thompson,avg_fatigue,0.5144285714285712,680,balanced,0.02,0.026000000000000002,NA,NA,NA,NA
eta_forget,0.3,thompson,learn_slope,0.002448979591836734,680,balanced,0.02,0.026000000000000002,NA,NA,NA,NA
eta_forget,0.3,thompson,ttm,141.0,777,balanced,0.02,0.026000000000000002,NA,NA,NA,NA
eta_forget,0.3,thompson,feasible_rate,0.8652482269503546,777,balanced,0.02,0.026000000000000002,NA,NA,NA,NA
eta_forget,0.3,thompson,avg_fatigue,0.5815477659574466,777,balanced,0.02,0.026000000000000002,NA,NA,NA,NA
eta_forget,0.3,thompson,learn_slope,0.00029967036260113877,777,balanced,0.02,0.026000000000000002,NA,NA,NA,NA
eta_forget,0.3,thompson,ttm,92.0,874,balanced,0.02,0.026000000000000002,NA,NA,NA,NA
eta_forget,0.3,thompson,feasible_rate,0.8260869565217391,874,balanced,0.02,0.026000000000000002,NA,NA,NA,NA
eta_forget,0.3,thompson,avg_fatigue,0.5828369565217388,874,balanced,0.02,0.026000000000000002,NA,NA,NA,NA
eta_forget,0.3,thompson,learn_slope,0.0007012622720897616,874,balanced,0.02,0.026000000000000002,NA,NA,NA,NA
eta_forget,-0.3,pianoMPC,ttm,29.0,1,balanced,0.02,0.013999999999999999,NA,NA,NA,NA
eta_forget,-0.3,pianoMPC,feasible_rate,0.896551724137931,1,balanced,0.02,0.013999999999999999,NA,NA,NA,NA
eta_forget,-0.3,pianoMPC,avg_fatigue,0.53648275862069,1,balanced,0.02,0.013999999999999999,NA,NA,NA,NA
eta_forget,-0.3,pianoMPC,learn_slope,0.006896551724137931,1,balanced,0.02,0.013999999999999999,NA,NA,NA,NA
eta_forget,-0.3,pianoMPC,ttm,56.0,98,balanced,0.02,0.013999999999999999,NA,NA,NA,NA
eta_forget,-0.3,pianoMPC,feasible_rate,0.9285714285714286,98,balanced,0.02,0.013999999999999999,NA,NA,NA,NA
eta_forget,-0.3,pianoMPC,avg_fatigue,0.5720714285714295,98,balanced,0.02,0.013999999999999999,NA,NA,NA,NA
eta_forget,-0.3,pianoMPC,learn_slope,0.0018796992481203004,98,balanced,0.02,0.013999999999999999,NA,NA,NA,NA
eta_forget,-0.3,pianoMPC,ttm,28.0,195,balanced,0.02,0.013999999999999999,NA,NA,NA,NA
eta_forget,-0.3,pianoMPC,feasible_rate,0.8571428571428572,195,balanced,0.02,0.013999999999999999,NA,NA,NA,NA
eta_forget,-0.3,pianoMPC,avg_fatigue,0.5347857142857145,195,balanced,0.02,0.013999999999999999,NA,NA,NA,NA
eta_forget,-0.3,pianoMPC,learn_slope,0.007389162561576354,195,balanced,0.02,0.013999999999999999,NA,NA,NA,NA
eta_forget,-0.3,pianoMPC,ttm,57.0,292,balanced,0.02,0.013999999999999999,NA,NA,NA,NA
eta_forget,-0.3,pianoMPC,feasible_rate,0.8421052631578947,292,balanced,0.02,0.013999999999999999,NA,NA,NA,NA
eta_forget,-0.3,pianoMPC,avg_fatigue,0.5921403508771936,292,balanced,0.02,0.013999999999999999,NA,NA,NA,NA
eta_forget,-0.3,pianoMPC,learn_slope,0.0018148820326678765,292,balanced,0.02,0.013999999999999999,NA,NA,NA,NA
eta_forget,-0.3,pianoMPC,ttm,41.0,389,balanced,0.02,0.013999999999999999,NA,NA,NA,NA
eta_forget,-0.3,pianoMPC,feasible_rate,0.8536585365853658,389,balanced,0.02,0.013999999999999999,NA,NA,NA,NA
eta_forget,-0.3,pianoMPC,avg_fatigue,0.5744878048780494,389,balanced,0.02,0.013999999999999999,NA,NA,NA,NA
eta_forget,-0.3,pianoMPC,learn_slope,0.003484320557491289,389,balanced,0.02,0.013999999999999999,NA,NA,NA,NA
eta_forget,-0.3,pianoMPC,ttm,40.0,486,balanced,0.02,0.013999999999999999,NA,NA,NA,NA
eta_forget,-0.3,pianoMPC,feasible_rate,0.85,486,balanced,0.02,0.013999999999999999,NA,NA,NA,NA
eta_forget,-0.3,pianoMPC,avg_fatigue,0.5795500000000006,486,balanced,0.02,0.013999999999999999,NA,NA,NA,NA
eta_forget,-0.3,pianoMPC,learn_slope,0.003658536585365854,486,balanced,0.02,0.013999999999999999,NA,NA,NA,NA
eta_forget,-0.3,pianoMPC,ttm,29.0,583,balanced,0.02,0.013999999999999999,NA,NA,NA,NA
eta_forget,-0.3,pianoMPC,feasible_rate,0.896551724137931,583,balanced,0.02,0.013999999999999999,NA,NA,NA,NA
eta_forget,-0.3,pianoMPC,avg_fatigue,0.5331724137931038,583,balanced,0.02,0.013999999999999999,NA,NA,NA,NA
eta_forget,-0.3,pianoMPC,learn_slope,0.006896551724137931,583,balanced,0.02,0.013999999999999999,NA,NA,NA,NA
eta_forget,-0.3,pianoMPC,ttm,50.0,680,balanced,0.02,0.013999999999999999,NA,NA,NA,NA
eta_forget,-0.3,pianoMPC,feasible_rate,0.94,680,balanced,0.02,0.013999999999999999,NA,NA,NA,NA
eta_forget,-0.3,pianoMPC,avg_fatigue,0.5557200000000007,680,balanced,0.02,0.013999999999999999,NA,NA,NA,NA
eta_forget,-0.3,pianoMPC,learn_slope,0.002352941176470588,680,balanced,0.02,0.013999999999999999,NA,NA,NA,NA
eta_forget,-0.3,pianoMPC,ttm,62.0,777,balanced,0.02,0.013999999999999999,NA,NA,NA,NA
eta_forget,-0.3,pianoMPC,feasible_rate,0.9032258064516129,777,balanced,0.02,0.013999999999999999,NA,NA,NA,NA
eta_forget,-0.3,pianoMPC,avg_fatigue,0.5724838709677429,777,balanced,0.02,0.013999999999999999,NA,NA,NA,NA
eta_forget,-0.3,pianoMPC,learn_slope,0.0015360983102918587,777,balanced,0.02,0.013999999999999999,NA,NA,NA,NA
eta_forget,-0.3,pianoMPC,ttm,29.0,874,balanced,0.02,0.013999999999999999,NA,NA,NA,NA
eta_forget,-0.3,pianoMPC,feasible_rate,0.8620689655172413,874,balanced,0.02,0.013999999999999999,NA,NA,NA,NA
eta_forget,-0.3,pianoMPC,avg_fatigue,0.5436551724137935,874,balanced,0.02,0.013999999999999999,NA,NA,NA,NA
eta_forget,-0.3,pianoMPC,learn_slope,0.006896551724137931,874,balanced,0.02,0.013999999999999999,NA,NA,NA,NA
eta_forget,-0.15,pianoMPC,ttm,29.0,1,balanced,0.02,0.017,NA,NA,NA,NA
eta_forget,-0.15,pianoMPC,feasible_rate,0.896551724137931,1,balanced,0.02,0.017,NA,NA,NA,NA
eta_forget,-0.15,pianoMPC,avg_fatigue,0.53648275862069,1,balanced,0.02,0.017,NA,NA,NA,NA
eta_forget,-0.15,pianoMPC,learn_slope,0.006896551724137931,1,balanced,0.02,0.017,NA,NA,NA,NA
eta_forget,-0.15,pianoMPC,ttm,56.0,98,balanced,0.02,0.017,NA,NA,NA,NA
eta_forget,-0.15,pianoMPC,feasible_rate,0.9285714285714286,98,balanced,0.02,0.017,NA,NA,NA,NA
eta_forget,-0.15,pianoMPC,avg_fatigue,0.5720714285714295,98,balanced,0.02,0.017,NA,NA,NA,NA
eta_forget,-0.15,pianoMPC,learn_slope,0.0018796992481203004,98,balanced,0.02,0.017,NA,NA,NA,NA
eta_forget,-0.15,pianoMPC,ttm,35.0,195,balanced,0.02,0.017,NA,NA,NA,NA
eta_forget,-0.15,pianoMPC,feasible_rate,0.8285714285714285,195,balanced,0.02,0.017,NA,NA,NA,NA
eta_forget,-0.15,pianoMPC,avg_fatigue,0.5624000000000005,195,balanced,0.02,0.017,NA,NA,NA,NA
eta_forget,-0.15,pianoMPC,learn_slope,0.004761904761904761,195,balanced,0.02,0.017,NA,NA,NA,NA
eta_forget,-0.15,pianoMPC,ttm,57.0,292,balanced,0.02,0.017,NA,NA,NA,NA
eta_forget,-0.15,pianoMPC,feasible_rate,0.8421052631578947,292,balanced,0.02,0.017,NA,NA,NA,NA
eta_forget,-0.15,pianoMPC,avg_fatigue,0.5921403508771936,292,balanced,0.02,0.017,NA,NA,NA,NA
eta_forget,-0.15,pianoMPC,learn_slope,0.0018148820326678765,292,balanced,0.02,0.017,NA,NA,NA,NA
eta_forget,-0.15,pianoMPC,ttm,41.0,389,balanced,0.02,0.017,NA,NA,NA,NA
eta_forget,-0.15,pianoMPC,feasible_rate,0.8536585365853658,389,balanced,0.02,0.017,NA,NA,NA,NA
eta_forget,-0.15,pianoMPC,avg_fatigue,0.5744878048780494,389,balanced,0.02,0.017,NA,NA,NA,NA
eta_forget,-0.15,pianoMPC,learn_slope,0.003484320557491289,389,balanced,0.02,0.017,NA,NA,NA,NA
eta_forget,-0.15,pianoMPC,ttm,40.0,486,balanced,0.02,0.017,NA,NA,NA,NA
eta_forget,-0.15,pianoMPC,feasible_rate,0.85,486,balanced,0.02,0.017,NA,NA,NA,NA
eta_forget,-0.15,pianoMPC,avg_fatigue,0.5795500000000006,486,balanced,0.02,0.017,NA,NA,NA,NA
eta_forget,-0.15,pianoMPC,learn_slope,0.003658536585365854,486,balanced,0.02,0.017,NA,NA,NA,NA
eta_forget,-0.15,pianoMPC,ttm,29.0,583,balanced,0.02,0.017,NA,NA,NA,NA
eta_forget,-0.15,pianoMPC,feasible_rate,0.896551724137931,583,balanced,0.02,0.017,NA,NA,NA,NA
eta_forget,-0.15,pianoMPC,avg_fatigue,0.5331724137931038,583,balanced,0.02,0.017,NA,NA,NA,NA
eta_forget,-0.15,pianoMPC,learn_slope,0.006896551724137931,583,balanced,0.02,0.017,NA,NA,NA,NA
eta_forget,-0.15,pianoMPC,ttm,50.0,680,balanced,0.02,0.017,NA,NA,NA,NA
eta_forget,-0.15,pianoMPC,feasible_rate,0.94,680,balanced,0.02,0.017,NA,NA,NA,NA
eta_forget,-0.15,pianoMPC,avg_fatigue,0.5557200000000007,680,balanced,0.02,0.017,NA,NA,NA,NA
eta_forget,-0.15,pianoMPC,learn_slope,0.002352941176470588,680,balanced,0.02,0.017,NA,NA,NA,NA
eta_forget,-0.15,pianoMPC,ttm,62.0,777,balanced,0.02,0.017,NA,NA,NA,NA
eta_forget,-0.15,pianoMPC,feasible_rate,0.9032258064516129,777,balanced,0.02,0.017,NA,NA,NA,NA
eta_forget,-0.15,pianoMPC,avg_fatigue,0.5724838709677429,777,balanced,0.02,0.017,NA,NA,NA,NA
eta_forget,-0.15,pianoMPC,learn_slope,0.0015360983102918587,777,balanced,0.02,0.017,NA,NA,NA,NA
eta_forget,-0.15,pianoMPC,ttm,29.0,874,balanced,0.02,0.017,NA,NA,NA,NA
eta_forget,-0.15,pianoMPC,feasible_rate,0.8620689655172413,874,balanced,0.02,0.017,NA,NA,NA,NA
eta_forget,-0.15,pianoMPC,avg_fatigue,0.5436551724137935,874,balanced,0.02,0.017,NA,NA,NA,NA
eta_forget,-0.15,pianoMPC,learn_slope,0.006896551724137931,874,balanced,0.02,0.017,NA,NA,NA,NA
eta_forget,0.0,pianoMPC,ttm,29.0,1,balanced,0.02,0.02,NA,NA,NA,NA
eta_forget,0.0,pianoMPC,feasible_rate,0.896551724137931,1,balanced,0.02,0.02,NA,NA,NA,NA
eta_forget,0.0,pianoMPC,avg_fatigue,0.53648275862069,1,balanced,0.02,0.02,NA,NA,NA,NA
eta_forget,0.0,pianoMPC,learn_slope,0.006896551724137931,1,balanced,0.02,0.02,NA,NA,NA,NA
eta_forget,0.0,pianoMPC,ttm,56.0,98,balanced,0.02,0.02,NA,NA,NA,NA
eta_forget,0.0,pianoMPC,feasible_rate,0.9285714285714286,98,balanced,0.02,0.02,NA,NA,NA,NA
eta_forget,0.0,pianoMPC,avg_fatigue,0.5720714285714295,98,balanced,0.02,0.02,NA,NA,NA,NA
eta_forget,0.0,pianoMPC,learn_slope,0.0018796992481203004,98,balanced,0.02,0.02,NA,NA,NA,NA
eta_forget,0.0,pianoMPC,ttm,35.0,195,balanced,0.02,0.02,NA,NA,NA,NA
eta_forget,0.0,pianoMPC,feasible_rate,0.8285714285714285,195,balanced,0.02,0.02,NA,NA,NA,NA
eta_forget,0.0,pianoMPC,avg_fatigue,0.5624000000000005,195,balanced,0.02,0.02,NA,NA,NA,NA
eta_forget,0.0,pianoMPC,learn_slope,0.004761904761904761,195,balanced,0.02,0.02,NA,NA,NA,NA
eta_forget,0.0,pianoMPC,ttm,57.0,292,balanced,0.02,0.02,NA,NA,NA,NA
eta_forget,0.0,pianoMPC,feasible_rate,0.8421052631578947,292,balanced,0.02,0.02,NA,NA,NA,NA
eta_forget,0.0,pianoMPC,avg_fatigue,0.5921403508771936,292,balanced,0.02,0.02,NA,NA,NA,NA
eta_forget,0.0,pianoMPC,learn_slope,0.0018148820326678765,292,balanced,0.02,0.02,NA,NA,NA,NA
eta_forget,0.0,pianoMPC,ttm,41.0,389,balanced,0.02,0.02,NA,NA,NA,NA
eta_forget,0.0,pianoMPC,feasible_rate,0.8536585365853658,389,balanced,0.02,0.02,NA,NA,NA,NA
eta_forget,0.0,pianoMPC,avg_fatigue,0.5744878048780494,389,balanced,0.02,0.02,NA,NA,NA,NA
eta_forget,0.0,pianoMPC,learn_slope,0.003484320557491289,389,balanced,0.02,0.02,NA,NA,NA,NA
eta_forget,0.0,pianoMPC,ttm,40.0,486,balanced,0.02,0.02,NA,NA,NA,NA
eta_forget,0.0,pianoMPC,feasible_rate,0.85,486,balanced,0.02,0.02,NA,NA,NA,NA
eta_forget,0.0,pianoMPC,avg_fatigue,0.5795500000000006,486,balanced,0.02,0.02,NA,NA,NA,NA
eta_forget,0.0,pianoMPC,learn_slope,0.003658536585365854,486,balanced,0.02,0.02,NA,NA,NA,NA
eta_forget,0.0,pianoMPC,ttm,29.0,583,balanced,0.02,0.02,NA,NA,NA,NA
eta_forget,0.0,pianoMPC,feasible_rate,0.896551724137931,583,balanced,0.02,0.02,NA,NA,NA,NA
eta_forget,0.0,pianoMPC,avg_fatigue,0.5331724137931038,583,balanced,0.02,0.02,NA,NA,NA,NA
eta_forget,0.0,pianoMPC,learn_slope,0.006896551724137931,583,balanced,0.02,0.02,NA,NA,NA,NA
eta_forget,0.0,pianoMPC,ttm,50.0,680,balanced,0.02,0.02,NA,NA,NA,NA
eta_forget,0.0,pianoMPC,feasible_rate,0.94,680,balanced,0.02,0.02,NA,NA,NA,NA
eta_forget,0.0,pianoMPC,avg_fatigue,0.5557200000000007,680,balanced,0.02,0.02,NA,NA,NA,NA
eta_forget,0.0,pianoMPC,learn_slope,0.002352941176470588,680,balanced,0.02,0.02,NA,NA,NA,NA
eta_forget,0.0,pianoMPC,ttm,62.0,777,balanced,0.02,0.02,NA,NA,NA,NA
eta_forget,0.0,pianoMPC,feasible_rate,0.9032258064516129,777,balanced,0.02,0.02,NA,NA,NA,NA
eta_forget,0.0,pianoMPC,avg_fatigue,0.5724838709677429,777,balanced,0.02,0.02,NA,NA,NA,NA
eta_forget,0.0,pianoMPC,learn_slope,0.0015360983102918587,777,balanced,0.02,0.02,NA,NA,NA,NA
eta_forget,0.0,pianoMPC,ttm,29.0,874,balanced,0.02,0.02,NA,NA,NA,NA
eta_forget,0.0,pianoMPC,feasible_rate,0.8620689655172413,874,balanced,0.02,0.02,NA,NA,NA,NA
eta_forget,0.0,pianoMPC,avg_fatigue,0.5436551724137935,874,balanced,0.02,0.02,NA,NA,NA,NA
eta_forget,0.0,pianoMPC,learn_slope,0.006896551724137931,874,balanced,0.02,0.02,NA,NA,NA,NA
eta_forget,0.15,pianoMPC,ttm,29.0,1,balanced,0.02,0.023,NA,NA,NA,NA
eta_forget,0.15,pianoMPC,feasible_rate,0.896551724137931,1,balanced,0.02,0.023,NA,NA,NA,NA
eta_forget,0.15,pianoMPC,avg_fatigue,0.53648275862069,1,balanced,0.02,0.023,NA,NA,NA,NA
eta_forget,0.15,pianoMPC,learn_slope,0.006896551724137931,1,balanced,0.02,0.023,NA,NA,NA,NA
eta_forget,0.15,pianoMPC,ttm,56.0,98,balanced,0.02,0.023,NA,NA,NA,NA
eta_forget,0.15,pianoMPC,feasible_rate,0.9285714285714286,98,balanced,0.02,0.023,NA,NA,NA,NA
eta_forget,0.15,pianoMPC,avg_fatigue,0.5720714285714295,98,balanced,0.02,0.023,NA,NA,NA,NA
eta_forget,0.15,pianoMPC,learn_slope,0.0018796992481203004,98,balanced,0.02,0.023,NA,NA,NA,NA
eta_forget,0.15,pianoMPC,ttm,35.0,195,balanced,0.02,0.023,NA,NA,NA,NA
eta_forget,0.15,pianoMPC,feasible_rate,0.8285714285714285,195,balanced,0.02,0.023,NA,NA,NA,NA
eta_forget,0.15,pianoMPC,avg_fatigue,0.5624000000000005,195,balanced,0.02,0.023,NA,NA,NA,NA
eta_forget,0.15,pianoMPC,learn_slope,0.004761904761904761,195,balanced,0.02,0.023,NA,NA,NA,NA
eta_forget,0.15,pianoMPC,ttm,57.0,292,balanced,0.02,0.023,NA,NA,NA,NA
eta_forget,0.15,pianoMPC,feasible_rate,0.8421052631578947,292,balanced,0.02,0.023,NA,NA,NA,NA
eta_forget,0.15,pianoMPC,avg_fatigue,0.5921403508771936,292,balanced,0.02,0.023,NA,NA,NA,NA
eta_forget,0.15,pianoMPC,learn_slope,0.0018148820326678765,292,balanced,0.02,0.023,NA,NA,NA,NA
eta_forget,0.15,pianoMPC,ttm,50.0,389,balanced,0.02,0.023,NA,NA,NA,NA
eta_forget,0.15,pianoMPC,feasible_rate,0.88,389,balanced,0.02,0.023,NA,NA,NA,NA
eta_forget,0.15,pianoMPC,avg_fatigue,0.5793200000000008,389,balanced,0.02,0.023,NA,NA,NA,NA
eta_forget,0.15,pianoMPC,learn_slope,0.002352941176470588,389,balanced,0.02,0.023,NA,NA,NA,NA
eta_forget,0.15,pianoMPC,ttm,40.0,486,balanced,0.02,0.023,NA,NA,NA,NA
eta_forget,0.15,pianoMPC,feasible_rate,0.85,486,balanced,0.02,0.023,NA,NA,NA,NA
eta_forget,0.15,pianoMPC,avg_fatigue,0.5795500000000006,486,balanced,0.02,0.023,NA,NA,NA,NA
eta_forget,0.15,pianoMPC,learn_slope,0.003658536585365854,486,balanced,0.02,0.023,NA,NA,NA,NA
eta_forget,0.15,pianoMPC,ttm,29.0,583,balanced,0.02,0.023,NA,NA,NA,NA
eta_forget,0.15,pianoMPC,feasible_rate,0.896551724137931,583,balanced,0.02,0.023,NA,NA,NA,NA
eta_forget,0.15,pianoMPC,avg_fatigue,0.5331724137931038,583,balanced,0.02,0.023,NA,NA,NA,NA
eta_forget,0.15,pianoMPC,learn_slope,0.006896551724137931,583,balanced,0.02,0.023,NA,NA,NA,NA
eta_forget,0.15,pianoMPC,ttm,50.0,680,balanced,0.02,0.023,NA,NA,NA,NA
eta_forget,0.15,pianoMPC,feasible_rate,0.94,680,balanced,0.02,0.023,NA,NA,NA,NA
eta_forget,0.15,pianoMPC,avg_fatigue,0.5557200000000007,680,balanced,0.02,0.023,NA,NA,NA,NA
eta_forget,0.15,pianoMPC,learn_slope,0.002352941176470588,680,balanced,0.02,0.023,NA,NA,NA,NA
eta_forget,0.15,pianoMPC,ttm,62.0,777,balanced,0.02,0.023,NA,NA,NA,NA
eta_forget,0.15,pianoMPC,feasible_rate,0.9032258064516129,777,balanced,0.02,0.023,NA,NA,NA,NA
eta_forget,0.15,pianoMPC,avg_fatigue,0.5724838709677429,777,balanced,0.02,0.023,NA,NA,NA,NA
eta_forget,0.15,pianoMPC,learn_slope,0.0015360983102918587,777,balanced,0.02,0.023,NA,NA,NA,NA
eta_forget,0.15,pianoMPC,ttm,51.0,874,balanced,0.02,0.023,NA,NA,NA,NA
eta_forget,0.15,pianoMPC,feasible_rate,0.8431372549019608,874,balanced,0.02,0.023,NA,NA,NA,NA
eta_forget,0.15,pianoMPC,avg_fatigue,0.5956078431372557,874,balanced,0.02,0.023,NA,NA,NA,NA
eta_forget,0.15,pianoMPC,learn_slope,0.002262443438914027,874,balanced,0.02,0.023,NA,NA,NA,NA
eta_forget,0.3,pianoMPC,ttm,41.0,1,balanced,0.02,0.026000000000000002,NA,NA,NA,NA
eta_forget,0.3,pianoMPC,feasible_rate,0.8536585365853658,1,balanced,0.02,0.026000000000000002,NA,NA,NA,NA
eta_forget,0.3,pianoMPC,avg_fatigue,0.5725365853658543,1,balanced,0.02,0.026000000000000002,NA,NA,NA,NA
eta_forget,0.3,pianoMPC,learn_slope,0.003484320557491289,1,balanced,0.02,0.026000000000000002,NA,NA,NA,NA
eta_forget,0.3,pianoMPC,ttm,56.0,98,balanced,0.02,0.026000000000000002,NA,NA,NA,NA
eta_forget,0.3,pianoMPC,feasible_rate,0.9285714285714286,98,balanced,0.02,0.026000000000000002,NA,NA,NA,NA
eta_forget,0.3,pianoMPC,avg_fatigue,0.5720714285714295,98,balanced,0.02,0.026000000000000002,NA,NA,NA,NA
eta_forget,0.3,pianoMPC,learn_slope,0.0018796992481203004,98,balanced,0.02,0.026000000000000002,NA,NA,NA,NA
eta_forget,0.3,pianoMPC,ttm,35.0,195,balanced,0.02,0.026000000000000002,NA,NA,NA,NA
eta_forget,0.3,pianoMPC,feasible_rate,0.8285714285714285,195,balanced,0.02,0.026000000000000002,NA,NA,NA,NA
eta_forget,0.3,pianoMPC,avg_fatigue,0.5624000000000005,195,balanced,0.02,0.026000000000000002,NA,NA,NA,NA
eta_forget,0.3,pianoMPC,learn_slope,0.004761904761904761,195,balanced,0.02,0.026000000000000002,NA,NA,NA,NA
eta_forget,0.3,pianoMPC,ttm,57.0,292,balanced,0.02,0.026000000000000002,NA,NA,NA,NA
eta_forget,0.3,pianoMPC,feasible_rate,0.8421052631578947,292,balanced,0.02,0.026000000000000002,NA,NA,NA,NA
eta_forget,0.3,pianoMPC,avg_fatigue,0.5921403508771936,292,balanced,0.02,0.026000000000000002,NA,NA,NA,NA
eta_forget,0.3,pianoMPC,learn_slope,0.0018148820326678765,292,balanced,0.02,0.026000000000000002,NA,NA,NA,NA
eta_forget,0.3,pianoMPC,ttm,50.0,389,balanced,0.02,0.026000000000000002,NA,NA,NA,NA
eta_forget,0.3,pianoMPC,feasible_rate,0.88,389,balanced,0.02,0.026000000000000002,NA,NA,NA,NA
eta_forget,0.3,pianoMPC,avg_fatigue,0.5793200000000008,389,balanced,0.02,0.026000000000000002,NA,NA,NA,NA
eta_forget,0.3,pianoMPC,learn_slope,0.002352941176470588,389,balanced,0.02,0.026000000000000002,NA,NA,NA,NA
eta_forget,0.3,pianoMPC,ttm,40.0,486,balanced,0.02,0.026000000000000002,NA,NA,NA,NA
eta_forget,0.3,pianoMPC,feasible_rate,0.85,486,balanced,0.02,0.026000000000000002,NA,NA,NA,NA
eta_forget,0.3,pianoMPC,avg_fatigue,0.5795500000000006,486,balanced,0.02,0.026000000000000002,NA,NA,NA,NA
eta_forget,0.3,pianoMPC,learn_slope,0.003658536585365854,486,balanced,0.02,0.026000000000000002,NA,NA,NA,NA
eta_forget,0.3,pianoMPC,ttm,29.0,583,balanced,0.02,0.026000000000000002,NA,NA,NA,NA
eta_forget,0.3,pianoMPC,feasible_rate,0.896551724137931,583,balanced,0.02,0.026000000000000002,NA,NA,NA,NA
eta_forget,0.3,pianoMPC,avg_fatigue,0.5331724137931038,583,balanced,0.02,0.026000000000000002,NA,NA,NA,NA
eta_forget,0.3,pianoMPC,learn_slope,0.006896551724137931,583,balanced,0.02,0.026000000000000002,NA,NA,NA,NA
eta_forget,0.3,pianoMPC,ttm,50.0,680,balanced,0.02,0.026000000000000002,NA,NA,NA,NA
eta_forget,0.3,pianoMPC,feasible_rate,0.94,680,balanced,0.02,0.026000000000000002,NA,NA,NA,NA
eta_forget,0.3,pianoMPC,avg_fatigue,0.5557200000000007,680,balanced,0.02,0.026000000000000002,NA,NA,NA,NA
eta_forget,0.3,pianoMPC,learn_slope,0.002352941176470588,680,balanced,0.02,0.026000000000000002,NA,NA,NA,NA
eta_forget,0.3,pianoMPC,ttm,62.0,777,balanced,0.02,0.026000000000000002,NA,NA,NA,NA
eta_forget,0.3,pianoMPC,feasible_rate,0.9032258064516129,777,balanced,0.02,0.026000000000000002,NA,NA,NA,NA
eta_forget,0.3,pianoMPC,avg_fatigue,0.5724838709677429,777,balanced,0.02,0.026000000000000002,NA,NA,NA,NA
eta_forget,0.3,pianoMPC,learn_slope,0.0015360983102918587,777,balanced,0.02,0.026000000000000002,NA,NA,NA,NA
eta_forget,0.3,pianoMPC,ttm,51.0,874,balanced,0.02,0.026000000000000002,NA,NA,NA,NA
eta_forget,0.3,pianoMPC,feasible_rate,0.8431372549019608,874,balanced,0.02,0.026000000000000002,NA,NA,NA,NA
eta_forget,0.3,pianoMPC,avg_fatigue,0.5956078431372557,874,balanced,0.02,0.026000000000000002,NA,NA,NA,NA
eta_forget,0.3,pianoMPC,learn_slope,0.002262443438914027,874,balanced,0.02,0.026000000000000002,NA,NA,NA,NA
eta_forget,-0.3,dqn,ttm,144.0,1,balanced,0.02,0.013999999999999999,NA,NA,NA,NA
eta_forget,-0.3,dqn,feasible_rate,0.8472222222222222,1,balanced,0.02,0.013999999999999999,NA,NA,NA,NA
eta_forget,-0.3,dqn,avg_fatigue,0.5883977777777774,1,balanced,0.02,0.013999999999999999,NA,NA,NA,NA
eta_forget,-0.3,dqn,learn_slope,0.00028735632183908046,1,balanced,0.02,0.013999999999999999,NA,NA,NA,NA
eta_forget,-0.3,dqn,ttm,600.0,98,balanced,0.02,0.013999999999999999,NA,NA,NA,NA
eta_forget,-0.3,dqn,feasible_rate,0.965,98,balanced,0.02,0.013999999999999999,NA,NA,NA,NA
eta_forget,-0.3,dqn,avg_fatigue,0.5040796485663357,98,balanced,0.02,0.013999999999999999,NA,NA,NA,NA
eta_forget,-0.3,dqn,learn_slope,0.0,98,balanced,0.02,0.013999999999999999,NA,NA,NA,NA
eta_forget,-0.3,dqn,ttm,77.0,195,balanced,0.02,0.013999999999999999,NA,NA,NA,NA
eta_forget,-0.3,dqn,feasible_rate,0.935064935064935,195,balanced,0.02,0.013999999999999999,NA,NA,NA,NA
eta_forget,-0.3,dqn,avg_fatigue,0.5091688311688312,195,balanced,0.02,0.013999999999999999,NA,NA,NA,NA
eta_forget,-0.3,dqn,learn_slope,0.000999000999000999,195,balanced,0.02,0.013999999999999999,NA,NA,NA,NA
eta_forget,-0.3,dqn,ttm,41.0,292,balanced,0.02,0.013999999999999999,NA,NA,NA,NA
eta_forget,-0.3,dqn,feasible_rate,0.926829268292683,292,balanced,0.02,0.013999999999999999,NA,NA,NA,NA
eta_forget,-0.3,dqn,avg_fatigue,0.5289512195121951,292,balanced,0.02,0.013999999999999999,NA,NA,NA,NA
eta_forget,-0.3,dqn,learn_slope,0.003484320557491289,292,balanced,0.02,0.013999999999999999,NA,NA,NA,NA
eta_forget,-0.3,dqn,ttm,71.0,389,balanced,0.02,0.013999999999999999,NA,NA,NA,NA
eta_forget,-0.3,dqn,feasible_rate,0.9295774647887324,389,balanced,0.02,0.013999999999999999,NA,NA,NA,NA
eta_forget,-0.3,dqn,avg_fatigue,0.5156901408450704,389,balanced,0.02,0.013999999999999999,NA,NA,NA,NA
eta_forget,-0.3,dqn,learn_slope,0.0011737089201877935,389,balanced,0.02,0.013999999999999999,NA,NA,NA,NA
eta_forget,-0.3,dqn,ttm,52.0,486,balanced,0.02,0.013999999999999999,NA,NA,NA,NA
eta_forget,-0.3,dqn,feasible_rate,0.9615384615384616,486,balanced,0.02,0.013999999999999999,NA,NA,NA,NA
eta_forget,-0.3,dqn,avg_fatigue,0.4534038461538461,486,balanced,0.02,0.013999999999999999,NA,NA,NA,NA
eta_forget,-0.3,dqn,learn_slope,0.0021770682148040637,486,balanced,0.02,0.013999999999999999,NA,NA,NA,NA
eta_forget,-0.3,dqn,ttm,114.0,583,balanced,0.02,0.013999999999999999,NA,NA,NA,NA
eta_forget,-0.3,dqn,feasible_rate,0.9298245614035088,583,balanced,0.02,0.013999999999999999,NA,NA,NA,NA
eta_forget,-0.3,dqn,avg_fatigue,0.5412456140350875,583,balanced,0.02,0.013999999999999999,NA,NA,NA,NA
eta_forget,-0.3,dqn,learn_slope,0.0004576659038901602,583,balanced,0.02,0.013999999999999999,NA,NA,NA,NA
eta_forget,-0.3,dqn,ttm,87.0,680,balanced,0.02,0.013999999999999999,NA,NA,NA,NA
eta_forget,-0.3,dqn,feasible_rate,0.896551724137931,680,balanced,0.02,0.013999999999999999,NA,NA,NA,NA
eta_forget,-0.3,dqn,avg_fatigue,0.5751724137931036,680,balanced,0.02,0.013999999999999999,NA,NA,NA,NA
eta_forget,-0.3,dqn,learn_slope,0.0007836990595611285,680,balanced,0.02,0.013999999999999999,NA,NA,NA,NA
eta_forget,-0.3,dqn,ttm,405.0,777,balanced,0.02,0.013999999999999999,NA,NA,NA,NA
eta_forget,-0.3,dqn,feasible_rate,0.9530864197530864,777,balanced,0.02,0.013999999999999999,NA,NA,NA,NA
eta_forget,-0.3,dqn,avg_fatigue,0.5290809871826702,777,balanced,0.02,0.013999999999999999,NA,NA,NA,NA
eta_forget,-0.3,dqn,learn_slope,3.6489691662105454e-05,777,balanced,0.02,0.013999999999999999,NA,NA,NA,NA
eta_forget,-0.3,dqn,ttm,600.0,874,balanced,0.02,0.013999999999999999,NA,NA,NA,NA
eta_forget,-0.3,dqn,feasible_rate,0.9216666666666666,874,balanced,0.02,0.013999999999999999,NA,NA,NA,NA
eta_forget,-0.3,dqn,avg_fatigue,0.5347110112364519,874,balanced,0.02,0.013999999999999999,NA,NA,NA,NA
eta_forget,-0.3,dqn,learn_slope,0.0,874,balanced,0.02,0.013999999999999999,NA,NA,NA,NA
eta_forget,-0.15,dqn,ttm,144.0,1,balanced,0.02,0.017,NA,NA,NA,NA
eta_forget,-0.15,dqn,feasible_rate,0.8472222222222222,1,balanced,0.02,0.017,NA,NA,NA,NA
eta_forget,-0.15,dqn,avg_fatigue,0.5883977777777774,1,balanced,0.02,0.017,NA,NA,NA,NA
eta_forget,-0.15,dqn,learn_slope,0.00028735632183908046,1,balanced,0.02,0.017,NA,NA,NA,NA
eta_forget,-0.15,dqn,ttm,600.0,98,balanced,0.02,0.017,NA,NA,NA,NA
eta_forget,-0.15,dqn,feasible_rate,0.965,98,balanced,0.02,0.017,NA,NA,NA,NA
eta_forget,-0.15,dqn,avg_fatigue,0.5040796485663357,98,balanced,0.02,0.017,NA,NA,NA,NA
eta_forget,-0.15,dqn,learn_slope,0.0,98,balanced,0.02,0.017,NA,NA,NA,NA
eta_forget,-0.15,dqn,ttm,77.0,195,balanced,0.02,0.017,NA,NA,NA,NA
eta_forget,-0.15,dqn,feasible_rate,0.935064935064935,195,balanced,0.02,0.017,NA,NA,NA,NA
eta_forget,-0.15,dqn,avg_fatigue,0.5091688311688312,195,balanced,0.02,0.017,NA,NA,NA,NA
eta_forget,-0.15,dqn,learn_slope,0.000999000999000999,195,balanced,0.02,0.017,NA,NA,NA,NA
eta_forget,-0.15,dqn,ttm,41.0,292,balanced,0.02,0.017,NA,NA,NA,NA
eta_forget,-0.15,dqn,feasible_rate,0.926829268292683,292,balanced,0.02,0.017,NA,NA,NA,NA
eta_forget,-0.15,dqn,avg_fatigue,0.5289512195121951,292,balanced,0.02,0.017,NA,NA,NA,NA
eta_forget,-0.15,dqn,learn_slope,0.003484320557491289,292,balanced,0.02,0.017,NA,NA,NA,NA
eta_forget,-0.15,dqn,ttm,59.0,389,balanced,0.02,0.017,NA,NA,NA,NA
eta_forget,-0.15,dqn,feasible_rate,0.9152542372881356,389,balanced,0.02,0.017,NA,NA,NA,NA
eta_forget,-0.15,dqn,avg_fatigue,0.5120677966101694,389,balanced,0.02,0.017,NA,NA,NA,NA
eta_forget,-0.15,dqn,learn_slope,0.001694915254237288,389,balanced,0.02,0.017,NA,NA,NA,NA
eta_forget,-0.15,dqn,ttm,40.0,486,balanced,0.02,0.017,NA,NA,NA,NA
eta_forget,-0.15,dqn,feasible_rate,0.95,486,balanced,0.02,0.017,NA,NA,NA,NA
eta_forget,-0.15,dqn,avg_fatigue,0.4579750000000001,486,balanced,0.02,0.017,NA,NA,NA,NA
eta_forget,-0.15,dqn,learn_slope,0.003658536585365854,486,balanced,0.02,0.017,NA,NA,NA,NA
eta_forget,-0.15,dqn,ttm,114.0,583,balanced,0.02,0.017,NA,NA,NA,NA
eta_forget,-0.15,dqn,feasible_rate,0.9298245614035088,583,balanced,0.02,0.017,NA,NA,NA,NA
eta_forget,-0.15,dqn,avg_fatigue,0.5412456140350875,583,balanced,0.02,0.017,NA,NA,NA,NA
eta_forget,-0.15,dqn,learn_slope,0.0004576659038901602,583,balanced,0.02,0.017,NA,NA,NA,NA
eta_forget,-0.15,dqn,ttm,51.0,680,balanced,0.02,0.017,NA,NA,NA,NA
eta_forget,-0.15,dqn,feasible_rate,0.9215686274509804,680,balanced,0.02,0.017,NA,NA,NA,NA
eta_forget,-0.15,dqn,avg_fatigue,0.5348039215686274,680,balanced,0.02,0.017,NA,NA,NA,NA
eta_forget,-0.15,dqn,learn_slope,0.002262443438914027,680,balanced,0.02,0.017,NA,NA,NA,NA
eta_forget,-0.15,dqn,ttm,361.0,777,balanced,0.02,0.017,NA,NA,NA,NA
eta_forget,-0.15,dqn,feasible_rate,0.9529085872576177,777,balanced,0.02,0.017,NA,NA,NA,NA
eta_forget,-0.15,dqn,avg_fatigue,0.5260014137038402,777,balanced,0.02,0.017,NA,NA,NA,NA
eta_forget,-0.15,dqn,learn_slope,4.591297959933273e-05,777,balanced,0.02,0.017,NA,NA,NA,NA
eta_forget,-0.15,dqn,ttm,600.0,874,balanced,0.02,0.017,NA,NA,NA,NA
eta_forget,-0.15,dqn,feasible_rate,0.9299999999999999,874,balanced,0.02,0.017,NA,NA,NA,NA
eta_forget,-0.15,dqn,avg_fatigue,0.5224987381580287,874,balanced,0.02,0.017,NA,NA,NA,NA
eta_forget,-0.15,dqn,learn_slope,0.0,874,balanced,0.02,0.017,NA,NA,NA,NA
eta_forget,0.0,dqn,ttm,144.0,1,balanced,0.02,0.02,NA,NA,NA,NA
eta_forget,0.0,dqn,feasible_rate,0.8402777777777778,1,balanced,0.02,0.02,NA,NA,NA,NA
eta_forget,0.0,dqn,avg_fatigue,0.600633333333333,1,balanced,0.02,0.02,NA,NA,NA,NA
eta_forget,0.0,dqn,learn_slope,0.00028735632183908046,1,balanced,0.02,0.02,NA,NA,NA,NA
eta_forget,0.0,dqn,ttm,600.0,98,balanced,0.02,0.02,NA,NA,NA,NA
eta_forget,0.0,dqn,feasible_rate,0.965,98,balanced,0.02,0.02,NA,NA,NA,NA
eta_forget,0.0,dqn,avg_fatigue,0.5040796485663357,98,balanced,0.02,0.02,NA,NA,NA,NA
eta_forget,0.0,dqn,learn_slope,0.0,98,balanced,0.02,0.02,NA,NA,NA,NA
eta_forget,0.0,dqn,ttm,77.0,195,balanced,0.02,0.02,NA,NA,NA,NA
eta_forget,0.0,dqn,feasible_rate,0.974025974025974,195,balanced,0.02,0.02,NA,NA,NA,NA
eta_forget,0.0,dqn,avg_fatigue,0.4789480519480519,195,balanced,0.02,0.02,NA,NA,NA,NA
eta_forget,0.0,dqn,learn_slope,0.000999000999000999,195,balanced,0.02,0.02,NA,NA,NA,NA
eta_forget,0.0,dqn,ttm,57.0,292,balanced,0.02,0.02,NA,NA,NA,NA
eta_forget,0.0,dqn,feasible_rate,0.8771929824561404,292,balanced,0.02,0.02,NA,NA,NA,NA
eta_forget,0.0,dqn,avg_fatigue,0.5564385964912281,292,balanced,0.02,0.02,NA,NA,NA,NA
eta_forget,0.0,dqn,learn_slope,0.0018148820326678765,292,balanced,0.02,0.02,NA,NA,NA,NA
eta_forget,0.0,dqn,ttm,80.0,389,balanced,0.02,0.02,NA,NA,NA,NA
eta_forget,0.0,dqn,feasible_rate,0.9,389,balanced,0.02,0.02,NA,NA,NA,NA
eta_forget,0.0,dqn,avg_fatigue,0.5235624999999997,389,balanced,0.02,0.02,NA,NA,NA,NA
eta_forget,0.0,dqn,learn_slope,0.000925925925925926,389,balanced,0.02,0.02,NA,NA,NA,NA
eta_forget,0.0,dqn,ttm,63.0,486,balanced,0.02,0.02,NA,NA,NA,NA
eta_forget,0.0,dqn,feasible_rate,0.9841269841269842,486,balanced,0.02,0.02,NA,NA,NA,NA
eta_forget,0.0,dqn,avg_fatigue,0.45225396825396846,486,balanced,0.02,0.02,NA,NA,NA,NA
eta_forget,0.0,dqn,learn_slope,0.0014880952380952382,486,balanced,0.02,0.02,NA,NA,NA,NA
eta_forget,0.0,dqn,ttm,56.0,583,balanced,0.02,0.02,NA,NA,NA,NA
eta_forget,0.0,dqn,feasible_rate,0.9464285714285714,583,balanced,0.02,0.02,NA,NA,NA,NA
eta_forget,0.0,dqn,avg_fatigue,0.4877857142857144,583,balanced,0.02,0.02,NA,NA,NA,NA
eta_forget,0.0,dqn,learn_slope,0.0018796992481203004,583,balanced,0.02,0.02,NA,NA,NA,NA
eta_forget,0.0,dqn,ttm,51.0,680,balanced,0.02,0.02,NA,NA,NA,NA
eta_forget,0.0,dqn,feasible_rate,0.9215686274509804,680,balanced,0.02,0.02,NA,NA,NA,NA
eta_forget,0.0,dqn,avg_fatigue,0.5372156862745098,680,balanced,0.02,0.02,NA,NA,NA,NA
eta_forget,0.0,dqn,learn_slope,0.002262443438914027,680,balanced,0.02,0.02,NA,NA,NA,NA
eta_forget,0.0,dqn,ttm,376.0,777,balanced,0.02,0.02,NA,NA,NA,NA
eta_forget,0.0,dqn,feasible_rate,0.9521276595744681,777,balanced,0.02,0.02,NA,NA,NA,NA
eta_forget,0.0,dqn,avg_fatigue,0.5236271138436174,777,balanced,0.02,0.02,NA,NA,NA,NA
eta_forget,0.0,dqn,learn_slope,4.2327445115412834e-05,777,balanced,0.02,0.02,NA,NA,NA,NA
eta_forget,0.0,dqn,ttm,600.0,874,balanced,0.02,0.02,NA,NA,NA,NA
eta_forget,0.0,dqn,feasible_rate,0.9233333333333333,874,balanced,0.02,0.02,NA,NA,NA,NA
eta_forget,0.0,dqn,avg_fatigue,0.5391764210861811,874,balanced,0.02,0.02,NA,NA,NA,NA
eta_forget,0.0,dqn,learn_slope,0.0,874,balanced,0.02,0.02,NA,NA,NA,NA
eta_forget,0.15,dqn,ttm,144.0,1,balanced,0.02,0.023,NA,NA,NA,NA
eta_forget,0.15,dqn,feasible_rate,0.8402777777777778,1,balanced,0.02,0.023,NA,NA,NA,NA
eta_forget,0.15,dqn,avg_fatigue,0.600633333333333,1,balanced,0.02,0.023,NA,NA,NA,NA
eta_forget,0.15,dqn,learn_slope,0.00028735632183908046,1,balanced,0.02,0.023,NA,NA,NA,NA
eta_forget,0.15,dqn,ttm,600.0,98,balanced,0.02,0.023,NA,NA,NA,NA
eta_forget,0.15,dqn,feasible_rate,0.965,98,balanced,0.02,0.023,NA,NA,NA,NA
eta_forget,0.15,dqn,avg_fatigue,0.5040796485663357,98,balanced,0.02,0.023,NA,NA,NA,NA
eta_forget,0.15,dqn,learn_slope,0.0,98,balanced,0.02,0.023,NA,NA,NA,NA
eta_forget,0.15,dqn,ttm,68.0,195,balanced,0.02,0.023,NA,NA,NA,NA
eta_forget,0.15,dqn,feasible_rate,0.9264705882352942,195,balanced,0.02,0.023,NA,NA,NA,NA
eta_forget,0.15,dqn,avg_fatigue,0.5288676470588235,195,balanced,0.02,0.023,NA,NA,NA,NA
eta_forget,0.15,dqn,learn_slope,0.0012787723785166241,195,balanced,0.02,0.023,NA,NA,NA,NA
eta_forget,0.15,dqn,ttm,57.0,292,balanced,0.02,0.023,NA,NA,NA,NA
eta_forget,0.15,dqn,feasible_rate,0.8771929824561404,292,balanced,0.02,0.023,NA,NA,NA,NA
eta_forget,0.15,dqn,avg_fatigue,0.5564385964912281,292,balanced,0.02,0.023,NA,NA,NA,NA
eta_forget,0.15,dqn,learn_slope,0.0018148820326678765,292,balanced,0.02,0.023,NA,NA,NA,NA
eta_forget,0.15,dqn,ttm,80.0,389,balanced,0.02,0.023,NA,NA,NA,NA
eta_forget,0.15,dqn,feasible_rate,0.9,389,balanced,0.02,0.023,NA,NA,NA,NA
eta_forget,0.15,dqn,avg_fatigue,0.5235624999999997,389,balanced,0.02,0.023,NA,NA,NA,NA
eta_forget,0.15,dqn,learn_slope,0.000925925925925926,389,balanced,0.02,0.023,NA,NA,NA,NA
eta_forget,0.15,dqn,ttm,165.0,486,balanced,0.02,0.023,NA,NA,NA,NA
eta_forget,0.15,dqn,feasible_rate,0.9636363636363636,486,balanced,0.02,0.023,NA,NA,NA,NA
eta_forget,0.15,dqn,avg_fatigue,0.5014340909090907,486,balanced,0.02,0.023,NA,NA,NA,NA
eta_forget,0.15,dqn,learn_slope,0.0002190580503833516,486,balanced,0.02,0.023,NA,NA,NA,NA
eta_forget,0.15,dqn,ttm,97.0,583,balanced,0.02,0.023,NA,NA,NA,NA
eta_forget,0.15,dqn,feasible_rate,0.8969072164948454,583,balanced,0.02,0.023,NA,NA,NA,NA
eta_forget,0.15,dqn,avg_fatigue,0.5446597938144329,583,balanced,0.02,0.023,NA,NA,NA,NA
eta_forget,0.15,dqn,learn_slope,0.0006311803071744162,583,balanced,0.02,0.023,NA,NA,NA,NA
eta_forget,0.15,dqn,ttm,51.0,680,balanced,0.02,0.023,NA,NA,NA,NA
eta_forget,0.15,dqn,feasible_rate,0.9215686274509804,680,balanced,0.02,0.023,NA,NA,NA,NA
eta_forget,0.15,dqn,avg_fatigue,0.5372156862745098,680,balanced,0.02,0.023,NA,NA,NA,NA
eta_forget,0.15,dqn,learn_slope,0.002262443438914027,680,balanced,0.02,0.023,NA,NA,NA,NA
eta_forget,0.15,dqn,ttm,600.0,777,balanced,0.02,0.023,NA,NA,NA,NA
eta_forget,0.15,dqn,feasible_rate,0.9316666666666666,777,balanced,0.02,0.023,NA,NA,NA,NA
eta_forget,0.15,dqn,avg_fatigue,0.537468276754893,777,balanced,0.02,0.023,NA,NA,NA,NA
eta_forget,0.15,dqn,learn_slope,0.0,777,balanced,0.02,0.023,NA,NA,NA,NA
eta_forget,0.15,dqn,ttm,600.0,874,balanced,0.02,0.023,NA,NA,NA,NA
eta_forget,0.15,dqn,feasible_rate,0.9233333333333333,874,balanced,0.02,0.023,NA,NA,NA,NA
eta_forget,0.15,dqn,avg_fatigue,0.5391764210861811,874,balanced,0.02,0.023,NA,NA,NA,NA
eta_forget,0.15,dqn,learn_slope,0.0,874,balanced,0.02,0.023,NA,NA,NA,NA
eta_forget,0.3,dqn,ttm,144.0,1,balanced,0.02,0.026000000000000002,NA,NA,NA,NA
eta_forget,0.3,dqn,feasible_rate,0.8541666666666666,1,balanced,0.02,0.026000000000000002,NA,NA,NA,NA
eta_forget,0.3,dqn,avg_fatigue,0.5852777777777773,1,balanced,0.02,0.026000000000000002,NA,NA,NA,NA
eta_forget,0.3,dqn,learn_slope,0.00028735632183908046,1,balanced,0.02,0.026000000000000002,NA,NA,NA,NA
eta_forget,0.3,dqn,ttm,600.0,98,balanced,0.02,0.026000000000000002,NA,NA,NA,NA
eta_forget,0.3,dqn,feasible_rate,0.965,98,balanced,0.02,0.026000000000000002,NA,NA,NA,NA
eta_forget,0.3,dqn,avg_fatigue,0.5040796485663357,98,balanced,0.02,0.026000000000000002,NA,NA,NA,NA
eta_forget,0.3,dqn,learn_slope,0.0,98,balanced,0.02,0.026000000000000002,NA,NA,NA,NA
eta_forget,0.3,dqn,ttm,68.0,195,balanced,0.02,0.026000000000000002,NA,NA,NA,NA
eta_forget,0.3,dqn,feasible_rate,0.9264705882352942,195,balanced,0.02,0.026000000000000002,NA,NA,NA,NA
eta_forget,0.3,dqn,avg_fatigue,0.5288676470588235,195,balanced,0.02,0.026000000000000002,NA,NA,NA,NA
eta_forget,0.3,dqn,learn_slope,0.0012787723785166241,195,balanced,0.02,0.026000000000000002,NA,NA,NA,NA
eta_forget,0.3,dqn,ttm,57.0,292,balanced,0.02,0.026000000000000002,NA,NA,NA,NA
eta_forget,0.3,dqn,feasible_rate,0.8771929824561404,292,balanced,0.02,0.026000000000000002,NA,NA,NA,NA
eta_forget,0.3,dqn,avg_fatigue,0.5564385964912281,292,balanced,0.02,0.026000000000000002,NA,NA,NA,NA
eta_forget,0.3,dqn,learn_slope,0.0018148820326678765,292,balanced,0.02,0.026000000000000002,NA,NA,NA,NA
eta_forget,0.3,dqn,ttm,80.0,389,balanced,0.02,0.026000000000000002,NA,NA,NA,NA
eta_forget,0.3,dqn,feasible_rate,0.9,389,balanced,0.02,0.026000000000000002,NA,NA,NA,NA
eta_forget,0.3,dqn,avg_fatigue,0.5235624999999997,389,balanced,0.02,0.026000000000000002,NA,NA,NA,NA
eta_forget,0.3,dqn,learn_slope,0.000925925925925926,389,balanced,0.02,0.026000000000000002,NA,NA,NA,NA
eta_forget,0.3,dqn,ttm,165.0,486,balanced,0.02,0.026000000000000002,NA,NA,NA,NA
eta_forget,0.3,dqn,feasible_rate,0.9636363636363636,486,balanced,0.02,0.026000000000000002,NA,NA,NA,NA
eta_forget,0.3,dqn,avg_fatigue,0.5014340909090907,486,balanced,0.02,0.026000000000000002,NA,NA,NA,NA
eta_forget,0.3,dqn,learn_slope,0.0002190580503833516,486,balanced,0.02,0.026000000000000002,NA,NA,NA,NA
eta_forget,0.3,dqn,ttm,62.0,583,balanced,0.02,0.026000000000000002,NA,NA,NA,NA
eta_forget,0.3,dqn,feasible_rate,0.9032258064516129,583,balanced,0.02,0.026000000000000002,NA,NA,NA,NA
eta_forget,0.3,dqn,avg_fatigue,0.5525967741935485,583,balanced,0.02,0.026000000000000002,NA,NA,NA,NA
eta_forget,0.3,dqn,learn_slope,0.0015360983102918587,583,balanced,0.02,0.026000000000000002,NA,NA,NA,NA
eta_forget,0.3,dqn,ttm,87.0,680,balanced,0.02,0.026000000000000002,NA,NA,NA,NA
eta_forget,0.3,dqn,feasible_rate,0.896551724137931,680,balanced,0.02,0.026000000000000002,NA,NA,NA,NA
eta_forget,0.3,dqn,avg_fatigue,0.5767011494252873,680,balanced,0.02,0.026000000000000002,NA,NA,NA,NA
eta_forget,0.3,dqn,learn_slope,0.0007836990595611285,680,balanced,0.02,0.026000000000000002,NA,NA,NA,NA
eta_forget,0.3,dqn,ttm,436.0,777,balanced,0.02,0.026000000000000002,NA,NA,NA,NA
eta_forget,0.3,dqn,feasible_rate,0.9541284403669725,777,balanced,0.02,0.026000000000000002,NA,NA,NA,NA
eta_forget,0.3,dqn,avg_fatigue,0.5128172864699319,777,balanced,0.02,0.026000000000000002,NA,NA,NA,NA
eta_forget,0.3,dqn,learn_slope,3.149077320345139e-05,777,balanced,0.02,0.026000000000000002,NA,NA,NA,NA
eta_forget,0.3,dqn,ttm,600.0,874,balanced,0.02,0.026000000000000002,NA,NA,NA,NA
eta_forget,0.3,dqn,feasible_rate,0.925,874,balanced,0.02,0.026000000000000002,NA,NA,NA,NA
eta_forget,0.3,dqn,avg_fatigue,0.5403930877528478,874,balanced,0.02,0.026000000000000002,NA,NA,NA,NA
eta_forget,0.3,dqn,learn_slope,0.0,874,balanced,0.02,0.026000000000000002,NA,NA,NA,NA
eta_forget,-0.3,bayesianmab,ttm,32.0,1,balanced,0.02,0.013999999999999999,NA,NA,NA,NA
eta_forget,-0.3,bayesianmab,feasible_rate,1.0,1,balanced,0.02,0.013999999999999999,NA,NA,NA,NA
eta_forget,-0.3,bayesianmab,avg_fatigue,0.14590625000000002,1,balanced,0.02,0.013999999999999999,NA,NA,NA,NA
eta_forget,-0.3,bayesianmab,learn_slope,0.005681818181818182,1,balanced,0.02,0.013999999999999999,NA,NA,NA,NA
eta_forget,-0.3,bayesianmab,ttm,125.0,98,balanced,0.02,0.013999999999999999,NA,NA,NA,NA
eta_forget,-0.3,bayesianmab,feasible_rate,0.92,98,balanced,0.02,0.013999999999999999,NA,NA,NA,NA
eta_forget,-0.3,bayesianmab,avg_fatigue,0.5214629999999998,98,balanced,0.02,0.013999999999999999,NA,NA,NA,NA
eta_forget,-0.3,bayesianmab,learn_slope,0.00038095238095238096,98,balanced,0.02,0.013999999999999999,NA,NA,NA,NA
eta_forget,-0.3,bayesianmab,ttm,71.0,195,balanced,0.02,0.013999999999999999,NA,NA,NA,NA
eta_forget,-0.3,bayesianmab,feasible_rate,0.9295774647887324,195,balanced,0.02,0.013999999999999999,NA,NA,NA,NA
eta_forget,-0.3,bayesianmab,avg_fatigue,0.5417183098591551,195,balanced,0.02,0.013999999999999999,NA,NA,NA,NA
eta_forget,-0.3,bayesianmab,learn_slope,0.0011737089201877935,195,balanced,0.02,0.013999999999999999,NA,NA,NA,NA
eta_forget,-0.3,bayesianmab,ttm,75.0,292,balanced,0.02,0.013999999999999999,NA,NA,NA,NA
eta_forget,-0.3,bayesianmab,feasible_rate,0.9333333333333333,292,balanced,0.02,0.013999999999999999,NA,NA,NA,NA
eta_forget,-0.3,bayesianmab,avg_fatigue,0.5368133333333335,292,balanced,0.02,0.013999999999999999,NA,NA,NA,NA
eta_forget,-0.3,bayesianmab,learn_slope,0.0010526315789473684,292,balanced,0.02,0.013999999999999999,NA,NA,NA,NA
eta_forget,-0.3,bayesianmab,ttm,33.0,389,balanced,0.02,0.013999999999999999,NA,NA,NA,NA
eta_forget,-0.3,bayesianmab,feasible_rate,0.9696969696969697,389,balanced,0.02,0.013999999999999999,NA,NA,NA,NA
eta_forget,-0.3,bayesianmab,avg_fatigue,0.31745454545454554,389,balanced,0.02,0.013999999999999999,NA,NA,NA,NA
eta_forget,-0.3,bayesianmab,learn_slope,0.0053475935828877,389,balanced,0.02,0.013999999999999999,NA,NA,NA,NA
eta_forget,-0.3,bayesianmab,ttm,38.0,486,balanced,0.02,0.013999999999999999,NA,NA,NA,NA
eta_forget,-0.3,bayesianmab,feasible_rate,0.8947368421052632,486,balanced,0.02,0.013999999999999999,NA,NA,NA,NA
eta_forget,-0.3,bayesianmab,avg_fatigue,0.5581578947368419,486,balanced,0.02,0.013999999999999999,NA,NA,NA,NA
eta_forget,-0.3,bayesianmab,learn_slope,0.004048582995951417,486,balanced,0.02,0.013999999999999999,NA,NA,NA,NA
eta_forget,-0.3,bayesianmab,ttm,198.0,583,balanced,0.02,0.013999999999999999,NA,NA,NA,NA
eta_forget,-0.3,bayesianmab,feasible_rate,0.9393939393939394,583,balanced,0.02,0.013999999999999999,NA,NA,NA,NA
eta_forget,-0.3,bayesianmab,avg_fatigue,0.5469662121212125,583,balanced,0.02,0.013999999999999999,NA,NA,NA,NA
eta_forget,-0.3,bayesianmab,learn_slope,0.00015227653418608191,583,balanced,0.02,0.013999999999999999,NA,NA,NA,NA
eta_forget,-0.3,bayesianmab,ttm,45.0,680,balanced,0.02,0.013999999999999999,NA,NA,NA,NA
eta_forget,-0.3,bayesianmab,feasible_rate,0.9111111111111111,680,balanced,0.02,0.013999999999999999,NA,NA,NA,NA
eta_forget,-0.3,bayesianmab,avg_fatigue,0.5345555555555557,680,balanced,0.02,0.013999999999999999,NA,NA,NA,NA
eta_forget,-0.3,bayesianmab,learn_slope,0.002898550724637681,680,balanced,0.02,0.013999999999999999,NA,NA,NA,NA
eta_forget,-0.3,bayesianmab,ttm,62.0,777,balanced,0.02,0.013999999999999999,NA,NA,NA,NA
eta_forget,-0.3,bayesianmab,feasible_rate,0.8387096774193549,777,balanced,0.02,0.013999999999999999,NA,NA,NA,NA
eta_forget,-0.3,bayesianmab,avg_fatigue,0.5717903225806455,777,balanced,0.02,0.013999999999999999,NA,NA,NA,NA
eta_forget,-0.3,bayesianmab,learn_slope,0.0015360983102918587,777,balanced,0.02,0.013999999999999999,NA,NA,NA,NA
eta_forget,-0.3,bayesianmab,ttm,50.0,874,balanced,0.02,0.013999999999999999,NA,NA,NA,NA
eta_forget,-0.3,bayesianmab,feasible_rate,0.88,874,balanced,0.02,0.013999999999999999,NA,NA,NA,NA
eta_forget,-0.3,bayesianmab,avg_fatigue,0.56622,874,balanced,0.02,0.013999999999999999,NA,NA,NA,NA
eta_forget,-0.3,bayesianmab,learn_slope,0.002352941176470588,874,balanced,0.02,0.013999999999999999,NA,NA,NA,NA
eta_forget,-0.15,bayesianmab,ttm,115.0,1,balanced,0.02,0.017,NA,NA,NA,NA
eta_forget,-0.15,bayesianmab,feasible_rate,0.9130434782608696,1,balanced,0.02,0.017,NA,NA,NA,NA
eta_forget,-0.15,bayesianmab,avg_fatigue,0.47531304347826087,1,balanced,0.02,0.017,NA,NA,NA,NA
eta_forget,-0.15,bayesianmab,learn_slope,0.0004497751124437781,1,balanced,0.02,0.017,NA,NA,NA,NA
eta_forget,-0.15,bayesianmab,ttm,44.0,98,balanced,0.02,0.017,NA,NA,NA,NA
eta_forget,-0.15,bayesianmab,feasible_rate,0.9545454545454546,98,balanced,0.02,0.017,NA,NA,NA,NA
eta_forget,-0.15,bayesianmab,avg_fatigue,0.4187045454545455,98,balanced,0.02,0.017,NA,NA,NA,NA
eta_forget,-0.15,bayesianmab,learn_slope,0.0030303030303030303,98,balanced,0.02,0.017,NA,NA,NA,NA
eta_forget,-0.15,bayesianmab,ttm,71.0,195,balanced,0.02,0.017,NA,NA,NA,NA
eta_forget,-0.15,bayesianmab,feasible_rate,0.9154929577464789,195,balanced,0.02,0.017,NA,NA,NA,NA
eta_forget,-0.15,bayesianmab,avg_fatigue,0.5536197183098595,195,balanced,0.02,0.017,NA,NA,NA,NA
eta_forget,-0.15,bayesianmab,learn_slope,0.0011737089201877935,195,balanced,0.02,0.017,NA,NA,NA,NA
eta_forget,-0.15,bayesianmab,ttm,75.0,292,balanced,0.02,0.017,NA,NA,NA,NA
eta_forget,-0.15,bayesianmab,feasible_rate,0.9333333333333333,292,balanced,0.02,0.017,NA,NA,NA,NA
eta_forget,-0.15,bayesianmab,avg_fatigue,0.5368933333333334,292,balanced,0.02,0.017,NA,NA,NA,NA
eta_forget,-0.15,bayesianmab,learn_slope,0.0010526315789473684,292,balanced,0.02,0.017,NA,NA,NA,NA
eta_forget,-0.15,bayesianmab,ttm,33.0,389,balanced,0.02,0.017,NA,NA,NA,NA
eta_forget,-0.15,bayesianmab,feasible_rate,0.9696969696969697,389,balanced,0.02,0.017,NA,NA,NA,NA
eta_forget,-0.15,bayesianmab,avg_fatigue,0.31745454545454554,389,balanced,0.02,0.017,NA,NA,NA,NA
eta_forget,-0.15,bayesianmab,learn_slope,0.0053475935828877,389,balanced,0.02,0.017,NA,NA,NA,NA
eta_forget,-0.15,bayesianmab,ttm,45.0,486,balanced,0.02,0.017,NA,NA,NA,NA
eta_forget,-0.15,bayesianmab,feasible_rate,0.8666666666666667,486,balanced,0.02,0.017,NA,NA,NA,NA
eta_forget,-0.15,bayesianmab,avg_fatigue,0.5739999999999998,486,balanced,0.02,0.017,NA,NA,NA,NA
eta_forget,-0.15,bayesianmab,learn_slope,0.002898550724637681,486,balanced,0.02,0.017,NA,NA,NA,NA
eta_forget,-0.15,bayesianmab,ttm,168.0,583,balanced,0.02,0.017,NA,NA,NA,NA
eta_forget,-0.15,bayesianmab,feasible_rate,0.9285714285714286,583,balanced,0.02,0.017,NA,NA,NA,NA
eta_forget,-0.15,bayesianmab,avg_fatigue,0.5533738095238099,583,balanced,0.02,0.017,NA,NA,NA,NA
eta_forget,-0.15,bayesianmab,learn_slope,0.00021132713440405744,583,balanced,0.02,0.017,NA,NA,NA,NA
eta_forget,-0.15,bayesianmab,ttm,45.0,680,balanced,0.02,0.017,NA,NA,NA,NA
eta_forget,-0.15,bayesianmab,feasible_rate,0.9111111111111111,680,balanced,0.02,0.017,NA,NA,NA,NA
eta_forget,-0.15,bayesianmab,avg_fatigue,0.5345555555555557,680,balanced,0.02,0.017,NA,NA,NA,NA
eta_forget,-0.15,bayesianmab,learn_slope,0.002898550724637681,680,balanced,0.02,0.017,NA,NA,NA,NA
eta_forget,-0.15,bayesianmab,ttm,49.0,777,balanced,0.02,0.017,NA,NA,NA,NA
eta_forget,-0.15,bayesianmab,feasible_rate,0.8571428571428572,777,balanced,0.02,0.017,NA,NA,NA,NA
eta_forget,-0.15,bayesianmab,avg_fatigue,0.553244897959184,777,balanced,0.02,0.017,NA,NA,NA,NA
eta_forget,-0.15,bayesianmab,learn_slope,0.002448979591836734,777,balanced,0.02,0.017,NA,NA,NA,NA
eta_forget,-0.15,bayesianmab,ttm,50.0,874,balanced,0.02,0.017,NA,NA,NA,NA
eta_forget,-0.15,bayesianmab,feasible_rate,0.88,874,balanced,0.02,0.017,NA,NA,NA,NA
eta_forget,-0.15,bayesianmab,avg_fatigue,0.5653199999999999,874,balanced,0.02,0.017,NA,NA,NA,NA
eta_forget,-0.15,bayesianmab,learn_slope,0.002352941176470588,874,balanced,0.02,0.017,NA,NA,NA,NA
eta_forget,0.0,bayesianmab,ttm,135.0,1,balanced,0.02,0.02,NA,NA,NA,NA
eta_forget,0.0,bayesianmab,feasible_rate,0.9185185185185185,1,balanced,0.02,0.02,NA,NA,NA,NA
eta_forget,0.0,bayesianmab,avg_fatigue,0.48523277777777785,1,balanced,0.02,0.02,NA,NA,NA,NA
eta_forget,0.0,bayesianmab,learn_slope,0.000326797385620915,1,balanced,0.02,0.02,NA,NA,NA,NA
eta_forget,0.0,bayesianmab,ttm,48.0,98,balanced,0.02,0.02,NA,NA,NA,NA
eta_forget,0.0,bayesianmab,feasible_rate,0.9375,98,balanced,0.02,0.02,NA,NA,NA,NA
eta_forget,0.0,bayesianmab,avg_fatigue,0.43668750000000006,98,balanced,0.02,0.02,NA,NA,NA,NA
eta_forget,0.0,bayesianmab,learn_slope,0.002551020408163265,98,balanced,0.02,0.02,NA,NA,NA,NA
eta_forget,0.0,bayesianmab,ttm,63.0,195,balanced,0.02,0.02,NA,NA,NA,NA
eta_forget,0.0,bayesianmab,feasible_rate,0.9206349206349207,195,balanced,0.02,0.02,NA,NA,NA,NA
eta_forget,0.0,bayesianmab,avg_fatigue,0.5250000000000004,195,balanced,0.02,0.02,NA,NA,NA,NA
eta_forget,0.0,bayesianmab,learn_slope,0.0014880952380952382,195,balanced,0.02,0.02,NA,NA,NA,NA
eta_forget,0.0,bayesianmab,ttm,113.0,292,balanced,0.02,0.02,NA,NA,NA,NA
eta_forget,0.0,bayesianmab,feasible_rate,0.8495575221238938,292,balanced,0.02,0.02,NA,NA,NA,NA
eta_forget,0.0,bayesianmab,avg_fatigue,0.588336283185841,292,balanced,0.02,0.02,NA,NA,NA,NA
eta_forget,0.0,bayesianmab,learn_slope,0.0004657661853749418,292,balanced,0.02,0.02,NA,NA,NA,NA
eta_forget,0.0,bayesianmab,ttm,33.0,389,balanced,0.02,0.02,NA,NA,NA,NA
eta_forget,0.0,bayesianmab,feasible_rate,0.9696969696969697,389,balanced,0.02,0.02,NA,NA,NA,NA
eta_forget,0.0,bayesianmab,avg_fatigue,0.31745454545454554,389,balanced,0.02,0.02,NA,NA,NA,NA
eta_forget,0.0,bayesianmab,learn_slope,0.0053475935828877,389,balanced,0.02,0.02,NA,NA,NA,NA
eta_forget,0.0,bayesianmab,ttm,40.0,486,balanced,0.02,0.02,NA,NA,NA,NA
eta_forget,0.0,bayesianmab,feasible_rate,0.85,486,balanced,0.02,0.02,NA,NA,NA,NA
eta_forget,0.0,bayesianmab,avg_fatigue,0.5788249999999999,486,balanced,0.02,0.02,NA,NA,NA,NA
eta_forget,0.0,bayesianmab,learn_slope,0.003658536585365854,486,balanced,0.02,0.02,NA,NA,NA,NA
eta_forget,0.0,bayesianmab,ttm,117.0,583,balanced,0.02,0.02,NA,NA,NA,NA
eta_forget,0.0,bayesianmab,feasible_rate,0.8974358974358975,583,balanced,0.02,0.02,NA,NA,NA,NA
eta_forget,0.0,bayesianmab,avg_fatigue,0.5519743589743591,583,balanced,0.02,0.02,NA,NA,NA,NA
eta_forget,0.0,bayesianmab,learn_slope,0.000434593654932638,583,balanced,0.02,0.02,NA,NA,NA,NA
eta_forget,0.0,bayesianmab,ttm,45.0,680,balanced,0.02,0.02,NA,NA,NA,NA
eta_forget,0.0,bayesianmab,feasible_rate,0.9111111111111111,680,balanced,0.02,0.02,NA,NA,NA,NA
eta_forget,0.0,bayesianmab,avg_fatigue,0.5345555555555557,680,balanced,0.02,0.02,NA,NA,NA,NA
eta_forget,0.0,bayesianmab,learn_slope,0.002898550724637681,680,balanced,0.02,0.02,NA,NA,NA,NA
eta_forget,0.0,bayesianmab,ttm,49.0,777,balanced,0.02,0.02,NA,NA,NA,NA
eta_forget,0.0,bayesianmab,feasible_rate,0.8571428571428572,777,balanced,0.02,0.02,NA,NA,NA,NA
eta_forget,0.0,bayesianmab,avg_fatigue,0.553244897959184,777,balanced,0.02,0.02,NA,NA,NA,NA
eta_forget,0.0,bayesianmab,learn_slope,0.002448979591836734,777,balanced,0.02,0.02,NA,NA,NA,NA
eta_forget,0.0,bayesianmab,ttm,50.0,874,balanced,0.02,0.02,NA,NA,NA,NA
eta_forget,0.0,bayesianmab,feasible_rate,0.9,874,balanced,0.02,0.02,NA,NA,NA,NA
eta_forget,0.0,bayesianmab,avg_fatigue,0.5492799999999999,874,balanced,0.02,0.02,NA,NA,NA,NA
eta_forget,0.0,bayesianmab,learn_slope,0.002352941176470588,874,balanced,0.02,0.02,NA,NA,NA,NA
eta_forget,0.15,bayesianmab,ttm,72.0,1,balanced,0.02,0.023,NA,NA,NA,NA
eta_forget,0.15,bayesianmab,feasible_rate,0.9583333333333334,1,balanced,0.02,0.023,NA,NA,NA,NA
eta_forget,0.15,bayesianmab,avg_fatigue,0.38498611111111125,1,balanced,0.02,0.023,NA,NA,NA,NA
eta_forget,0.15,bayesianmab,learn_slope,0.001141552511415525,1,balanced,0.02,0.023,NA,NA,NA,NA
eta_forget,0.15,bayesianmab,ttm,70.0,98,balanced,0.02,0.023,NA,NA,NA,NA
eta_forget,0.15,bayesianmab,feasible_rate,0.9,98,balanced,0.02,0.023,NA,NA,NA,NA
eta_forget,0.15,bayesianmab,avg_fatigue,0.48332857142857133,98,balanced,0.02,0.023,NA,NA,NA,NA
eta_forget,0.15,bayesianmab,learn_slope,0.0012072434607645875,98,balanced,0.02,0.023,NA,NA,NA,NA
eta_forget,0.15,bayesianmab,ttm,79.0,195,balanced,0.02,0.023,NA,NA,NA,NA
eta_forget,0.15,bayesianmab,feasible_rate,0.8860759493670887,195,balanced,0.02,0.023,NA,NA,NA,NA
eta_forget,0.15,bayesianmab,avg_fatigue,0.5581012658227847,195,balanced,0.02,0.023,NA,NA,NA,NA
eta_forget,0.15,bayesianmab,learn_slope,0.0009493670886075949,195,balanced,0.02,0.023,NA,NA,NA,NA
eta_forget,0.15,bayesianmab,ttm,184.0,292,balanced,0.02,0.023,NA,NA,NA,NA
eta_forget,0.15,bayesianmab,feasible_rate,0.8695652173913043,292,balanced,0.02,0.023,NA,NA,NA,NA
eta_forget,0.15,bayesianmab,avg_fatigue,0.5840906521739133,292,balanced,0.02,0.023,NA,NA,NA,NA
eta_forget,0.15,bayesianmab,learn_slope,0.00017626321974148062,292,balanced,0.02,0.023,NA,NA,NA,NA
eta_forget,0.15,bayesianmab,ttm,61.0,389,balanced,0.02,0.023,NA,NA,NA,NA
eta_forget,0.15,bayesianmab,feasible_rate,0.8852459016393442,389,balanced,0.02,0.023,NA,NA,NA,NA
eta_forget,0.15,bayesianmab,avg_fatigue,0.47608196721311474,389,balanced,0.02,0.023,NA,NA,NA,NA
eta_forget,0.15,bayesianmab,learn_slope,0.0015864621893178213,389,balanced,0.02,0.023,NA,NA,NA,NA
eta_forget,0.15,bayesianmab,ttm,40.0,486,balanced,0.02,0.023,NA,NA,NA,NA
eta_forget,0.15,bayesianmab,feasible_rate,0.875,486,balanced,0.02,0.023,NA,NA,NA,NA
eta_forget,0.15,bayesianmab,avg_fatigue,0.5508499999999998,486,balanced,0.02,0.023,NA,NA,NA,NA
eta_forget,0.15,bayesianmab,learn_slope,0.003658536585365854,486,balanced,0.02,0.023,NA,NA,NA,NA
eta_forget,0.15,bayesianmab,ttm,35.0,583,balanced,0.02,0.023,NA,NA,NA,NA
eta_forget,0.15,bayesianmab,feasible_rate,0.8857142857142857,583,balanced,0.02,0.023,NA,NA,NA,NA
eta_forget,0.15,bayesianmab,avg_fatigue,0.5527142857142859,583,balanced,0.02,0.023,NA,NA,NA,NA
eta_forget,0.15,bayesianmab,learn_slope,0.004761904761904761,583,balanced,0.02,0.023,NA,NA,NA,NA
eta_forget,0.15,bayesianmab,ttm,54.0,680,balanced,0.02,0.023,NA,NA,NA,NA
eta_forget,0.15,bayesianmab,feasible_rate,0.9074074074074074,680,balanced,0.02,0.023,NA,NA,NA,NA
eta_forget,0.15,bayesianmab,avg_fatigue,0.5646666666666667,680,balanced,0.02,0.023,NA,NA,NA,NA
eta_forget,0.15,bayesianmab,learn_slope,0.00202020202020202,680,balanced,0.02,0.023,NA,NA,NA,NA
eta_forget,0.15,bayesianmab,ttm,47.0,777,balanced,0.02,0.023,NA,NA,NA,NA
eta_forget,0.15,bayesianmab,feasible_rate,0.8936170212765957,777,balanced,0.02,0.023,NA,NA,NA,NA
eta_forget,0.15,bayesianmab,avg_fatigue,0.5327659574468088,777,balanced,0.02,0.023,NA,NA,NA,NA
eta_forget,0.15,bayesianmab,learn_slope,0.0026595744680851063,777,balanced,0.02,0.023,NA,NA,NA,NA
eta_forget,0.15,bayesianmab,ttm,50.0,874,balanced,0.02,0.023,NA,NA,NA,NA
eta_forget,0.15,bayesianmab,feasible_rate,0.9,874,balanced,0.02,0.023,NA,NA,NA,NA
eta_forget,0.15,bayesianmab,avg_fatigue,0.5492799999999999,874,balanced,0.02,0.023,NA,NA,NA,NA
eta_forget,0.15,bayesianmab,learn_slope,0.002352941176470588,874,balanced,0.02,0.023,NA,NA,NA,NA
eta_forget,0.3,bayesianmab,ttm,72.0,1,balanced,0.02,0.026000000000000002,NA,NA,NA,NA
eta_forget,0.3,bayesianmab,feasible_rate,0.9583333333333334,1,balanced,0.02,0.026000000000000002,NA,NA,NA,NA
eta_forget,0.3,bayesianmab,avg_fatigue,0.3882916666666667,1,balanced,0.02,0.026000000000000002,NA,NA,NA,NA
eta_forget,0.3,bayesianmab,learn_slope,0.001141552511415525,1,balanced,0.02,0.026000000000000002,NA,NA,NA,NA
eta_forget,0.3,bayesianmab,ttm,80.0,98,balanced,0.02,0.026000000000000002,NA,NA,NA,NA
eta_forget,0.3,bayesianmab,feasible_rate,0.8625,98,balanced,0.02,0.026000000000000002,NA,NA,NA,NA
eta_forget,0.3,bayesianmab,avg_fatigue,0.5117999999999998,98,balanced,0.02,0.026000000000000002,NA,NA,NA,NA
eta_forget,0.3,bayesianmab,learn_slope,0.000925925925925926,98,balanced,0.02,0.026000000000000002,NA,NA,NA,NA
eta_forget,0.3,bayesianmab,ttm,66.0,195,balanced,0.02,0.026000000000000002,NA,NA,NA,NA
eta_forget,0.3,bayesianmab,feasible_rate,0.8787878787878788,195,balanced,0.02,0.026000000000000002,NA,NA,NA,NA
eta_forget,0.3,bayesianmab,avg_fatigue,0.5531818181818184,195,balanced,0.02,0.026000000000000002,NA,NA,NA,NA
eta_forget,0.3,bayesianmab,learn_slope,0.0013568521031207597,195,balanced,0.02,0.026000000000000002,NA,NA,NA,NA
eta_forget,0.3,bayesianmab,ttm,111.0,292,balanced,0.02,0.026000000000000002,NA,NA,NA,NA
eta_forget,0.3,bayesianmab,feasible_rate,0.8558558558558559,292,balanced,0.02,0.026000000000000002,NA,NA,NA,NA
eta_forget,0.3,bayesianmab,avg_fatigue,0.5883783783783787,292,balanced,0.02,0.026000000000000002,NA,NA,NA,NA
eta_forget,0.3,bayesianmab,learn_slope,0.00048262548262548264,292,balanced,0.02,0.026000000000000002,NA,NA,NA,NA
eta_forget,0.3,bayesianmab,ttm,61.0,389,balanced,0.02,0.026000000000000002,NA,NA,NA,NA
eta_forget,0.3,bayesianmab,feasible_rate,0.8852459016393442,389,balanced,0.02,0.026000000000000002,NA,NA,NA,NA
eta_forget,0.3,bayesianmab,avg_fatigue,0.47608196721311474,389,balanced,0.02,0.026000000000000002,NA,NA,NA,NA
eta_forget,0.3,bayesianmab,learn_slope,0.0015864621893178213,389,balanced,0.02,0.026000000000000002,NA,NA,NA,NA
eta_forget,0.3,bayesianmab,ttm,54.0,486,balanced,0.02,0.026000000000000002,NA,NA,NA,NA
eta_forget,0.3,bayesianmab,feasible_rate,0.9074074074074074,486,balanced,0.02,0.026000000000000002,NA,NA,NA,NA
eta_forget,0.3,bayesianmab,avg_fatigue,0.5424814814814813,486,balanced,0.02,0.026000000000000002,NA,NA,NA,NA
eta_forget,0.3,bayesianmab,learn_slope,0.00202020202020202,486,balanced,0.02,0.026000000000000002,NA,NA,NA,NA
eta_forget,0.3,bayesianmab,ttm,35.0,583,balanced,0.02,0.026000000000000002,NA,NA,NA,NA
eta_forget,0.3,bayesianmab,feasible_rate,0.8857142857142857,583,balanced,0.02,0.026000000000000002,NA,NA,NA,NA
eta_forget,0.3,bayesianmab,avg_fatigue,0.5527142857142859,583,balanced,0.02,0.026000000000000002,NA,NA,NA,NA
eta_forget,0.3,bayesianmab,learn_slope,0.004761904761904761,583,balanced,0.02,0.026000000000000002,NA,NA,NA,NA
eta_forget,0.3,bayesianmab,ttm,54.0,680,balanced,0.02,0.026000000000000002,NA,NA,NA,NA
eta_forget,0.3,bayesianmab,feasible_rate,0.9074074074074074,680,balanced,0.02,0.026000000000000002,NA,NA,NA,NA
eta_forget,0.3,bayesianmab,avg_fatigue,0.5646666666666667,680,balanced,0.02,0.026000000000000002,NA,NA,NA,NA
eta_forget,0.3,bayesianmab,learn_slope,0.00202020202020202,680,balanced,0.02,0.026000000000000002,NA,NA,NA,NA
eta_forget,0.3,bayesianmab,ttm,47.0,777,balanced,0.02,0.026000000000000002,NA,NA,NA,NA
eta_forget,0.3,bayesianmab,feasible_rate,0.8936170212765957,777,balanced,0.02,0.026000000000000002,NA,NA,NA,NA
eta_forget,0.3,bayesianmab,avg_fatigue,0.5327659574468088,777,balanced,0.02,0.026000000000000002,NA,NA,NA,NA
eta_forget,0.3,bayesianmab,learn_slope,0.0026595744680851063,777,balanced,0.02,0.026000000000000002,NA,NA,NA,NA
eta_forget,0.3,bayesianmab,ttm,75.0,874,balanced,0.02,0.026000000000000002,NA,NA,NA,NA
eta_forget,0.3,bayesianmab,feasible_rate,0.92,874,balanced,0.02,0.026000000000000002,NA,NA,NA,NA
eta_forget,0.3,bayesianmab,avg_fatigue,0.5161333333333331,874,balanced,0.02,0.026000000000000002,NA,NA,NA,NA
eta_forget,0.3,bayesianmab,learn_slope,0.0010526315789473684,874,balanced,0.02,0.026000000000000002,NA,NA,NA,NA
eta_forget,-0.3,ccb_df,ttm,71.0,1,balanced,0.02,0.013999999999999999,NA,NA,NA,NA
eta_forget,-0.3,ccb_df,feasible_rate,0.8732394366197183,1,balanced,0.02,0.013999999999999999,NA,NA,NA,NA
eta_forget,-0.3,ccb_df,avg_fatigue,0.5714366197183098,1,balanced,0.02,0.013999999999999999,NA,NA,NA,NA
eta_forget,-0.3,ccb_df,learn_slope,0.0011737089201877935,1,balanced,0.02,0.013999999999999999,NA,NA,NA,NA
eta_forget,-0.3,ccb_df,ttm,64.0,98,balanced,0.02,0.013999999999999999,NA,NA,NA,NA
eta_forget,-0.3,ccb_df,feasible_rate,0.9375,98,balanced,0.02,0.013999999999999999,NA,NA,NA,NA
eta_forget,-0.3,ccb_df,avg_fatigue,0.520984375,98,balanced,0.02,0.013999999999999999,NA,NA,NA,NA
eta_forget,-0.3,ccb_df,learn_slope,0.0014423076923076924,98,balanced,0.02,0.013999999999999999,NA,NA,NA,NA
eta_forget,-0.3,ccb_df,ttm,83.0,195,balanced,0.02,0.013999999999999999,NA,NA,NA,NA
eta_forget,-0.3,ccb_df,feasible_rate,0.9156626506024097,195,balanced,0.02,0.013999999999999999,NA,NA,NA,NA
eta_forget,-0.3,ccb_df,avg_fatigue,0.5225542168674701,195,balanced,0.02,0.013999999999999999,NA,NA,NA,NA
eta_forget,-0.3,ccb_df,learn_slope,0.0008605851979345953,195,balanced,0.02,0.013999999999999999,NA,NA,NA,NA
eta_forget,-0.3,ccb_df,ttm,172.0,292,balanced,0.02,0.013999999999999999,NA,NA,NA,NA
eta_forget,-0.3,ccb_df,feasible_rate,0.936046511627907,292,balanced,0.02,0.013999999999999999,NA,NA,NA,NA
eta_forget,-0.3,ccb_df,avg_fatigue,0.5335130232558138,292,balanced,0.02,0.013999999999999999,NA,NA,NA,NA
eta_forget,-0.3,ccb_df,learn_slope,0.00020164000537706682,292,balanced,0.02,0.013999999999999999,NA,NA,NA,NA
eta_forget,-0.3,ccb_df,ttm,102.0,389,balanced,0.02,0.013999999999999999,NA,NA,NA,NA
eta_forget,-0.3,ccb_df,feasible_rate,0.9117647058823529,389,balanced,0.02,0.013999999999999999,NA,NA,NA,NA
eta_forget,-0.3,ccb_df,avg_fatigue,0.5247647058823528,389,balanced,0.02,0.013999999999999999,NA,NA,NA,NA
eta_forget,-0.3,ccb_df,learn_slope,0.0005711022272986865,389,balanced,0.02,0.013999999999999999,NA,NA,NA,NA
eta_forget,-0.3,ccb_df,ttm,63.0,486,balanced,0.02,0.013999999999999999,NA,NA,NA,NA
eta_forget,-0.3,ccb_df,feasible_rate,0.8571428571428572,486,balanced,0.02,0.013999999999999999,NA,NA,NA,NA
eta_forget,-0.3,ccb_df,avg_fatigue,0.5763809523809525,486,balanced,0.02,0.013999999999999999,NA,NA,NA,NA
eta_forget,-0.3,ccb_df,learn_slope,0.0014880952380952382,486,balanced,0.02,0.013999999999999999,NA,NA,NA,NA
eta_forget,-0.3,ccb_df,ttm,74.0,583,balanced,0.02,0.013999999999999999,NA,NA,NA,NA
eta_forget,-0.3,ccb_df,feasible_rate,0.9324324324324325,583,balanced,0.02,0.013999999999999999,NA,NA,NA,NA
eta_forget,-0.3,ccb_df,avg_fatigue,0.518202702702703,583,balanced,0.02,0.013999999999999999,NA,NA,NA,NA
eta_forget,-0.3,ccb_df,learn_slope,0.001081081081081081,583,balanced,0.02,0.013999999999999999,NA,NA,NA,NA
eta_forget,-0.3,ccb_df,ttm,87.0,680,balanced,0.02,0.013999999999999999,NA,NA,NA,NA
eta_forget,-0.3,ccb_df,feasible_rate,0.9195402298850575,680,balanced,0.02,0.013999999999999999,NA,NA,NA,NA
eta_forget,-0.3,ccb_df,avg_fatigue,0.5341954022988505,680,balanced,0.02,0.013999999999999999,NA,NA,NA,NA
eta_forget,-0.3,ccb_df,learn_slope,0.0007836990595611285,680,balanced,0.02,0.013999999999999999,NA,NA,NA,NA
eta_forget,-0.3,ccb_df,ttm,128.0,777,balanced,0.02,0.013999999999999999,NA,NA,NA,NA
eta_forget,-0.3,ccb_df,feasible_rate,0.9140625,777,balanced,0.02,0.013999999999999999,NA,NA,NA,NA
eta_forget,-0.3,ccb_df,avg_fatigue,0.541950625,777,balanced,0.02,0.013999999999999999,NA,NA,NA,NA
eta_forget,-0.3,ccb_df,learn_slope,0.0003633720930232558,777,balanced,0.02,0.013999999999999999,NA,NA,NA,NA
eta_forget,-0.3,ccb_df,ttm,55.0,874,balanced,0.02,0.013999999999999999,NA,NA,NA,NA
eta_forget,-0.3,ccb_df,feasible_rate,0.8909090909090909,874,balanced,0.02,0.013999999999999999,NA,NA,NA,NA
eta_forget,-0.3,ccb_df,avg_fatigue,0.5558909090909092,874,balanced,0.02,0.013999999999999999,NA,NA,NA,NA
eta_forget,-0.3,ccb_df,learn_slope,0.001948051948051948,874,balanced,0.02,0.013999999999999999,NA,NA,NA,NA
eta_forget,-0.15,ccb_df,ttm,74.0,1,balanced,0.02,0.017,NA,NA,NA,NA
eta_forget,-0.15,ccb_df,feasible_rate,0.9189189189189189,1,balanced,0.02,0.017,NA,NA,NA,NA
eta_forget,-0.15,ccb_df,avg_fatigue,0.5255,1,balanced,0.02,0.017,NA,NA,NA,NA
eta_forget,-0.15,ccb_df,learn_slope,0.001081081081081081,1,balanced,0.02,0.017,NA,NA,NA,NA
eta_forget,-0.15,ccb_df,ttm,64.0,98,balanced,0.02,0.017,NA,NA,NA,NA
eta_forget,-0.15,ccb_df,feasible_rate,0.9375,98,balanced,0.02,0.017,NA,NA,NA,NA
eta_forget,-0.15,ccb_df,avg_fatigue,0.520984375,98,balanced,0.02,0.017,NA,NA,NA,NA
eta_forget,-0.15,ccb_df,learn_slope,0.0014423076923076924,98,balanced,0.02,0.017,NA,NA,NA,NA
eta_forget,-0.15,ccb_df,ttm,86.0,195,balanced,0.02,0.017,NA,NA,NA,NA
eta_forget,-0.15,ccb_df,feasible_rate,0.9534883720930233,195,balanced,0.02,0.017,NA,NA,NA,NA
eta_forget,-0.15,ccb_df,avg_fatigue,0.5154418604651164,195,balanced,0.02,0.017,NA,NA,NA,NA
eta_forget,-0.15,ccb_df,learn_slope,0.0008019246190858059,195,balanced,0.02,0.017,NA,NA,NA,NA
eta_forget,-0.15,ccb_df,ttm,77.0,292,balanced,0.02,0.017,NA,NA,NA,NA
eta_forget,-0.15,ccb_df,feasible_rate,0.8961038961038961,292,balanced,0.02,0.017,NA,NA,NA,NA
eta_forget,-0.15,ccb_df,avg_fatigue,0.5626753246753247,292,balanced,0.02,0.017,NA,NA,NA,NA
eta_forget,-0.15,ccb_df,learn_slope,0.000999000999000999,292,balanced,0.02,0.017,NA,NA,NA,NA
eta_forget,-0.15,ccb_df,ttm,118.0,389,balanced,0.02,0.017,NA,NA,NA,NA
eta_forget,-0.15,ccb_df,feasible_rate,0.9067796610169492,389,balanced,0.02,0.017,NA,NA,NA,NA
eta_forget,-0.15,ccb_df,avg_fatigue,0.532050847457627,389,balanced,0.02,0.017,NA,NA,NA,NA
eta_forget,-0.15,ccb_df,learn_slope,0.0004272895598917533,389,balanced,0.02,0.017,NA,NA,NA,NA
eta_forget,-0.15,ccb_df,ttm,63.0,486,balanced,0.02,0.017,NA,NA,NA,NA
eta_forget,-0.15,ccb_df,feasible_rate,0.8571428571428572,486,balanced,0.02,0.017,NA,NA,NA,NA
eta_forget,-0.15,ccb_df,avg_fatigue,0.5763809523809525,486,balanced,0.02,0.017,NA,NA,NA,NA
eta_forget,-0.15,ccb_df,learn_slope,0.0014880952380952382,486,balanced,0.02,0.017,NA,NA,NA,NA
eta_forget,-0.15,ccb_df,ttm,72.0,583,balanced,0.02,0.017,NA,NA,NA,NA
eta_forget,-0.15,ccb_df,feasible_rate,0.9583333333333334,583,balanced,0.02,0.017,NA,NA,NA,NA
eta_forget,-0.15,ccb_df,avg_fatigue,0.5318472222222224,583,balanced,0.02,0.017,NA,NA,NA,NA
eta_forget,-0.15,ccb_df,learn_slope,0.001141552511415525,583,balanced,0.02,0.017,NA,NA,NA,NA
eta_forget,-0.15,ccb_df,ttm,215.0,680,balanced,0.02,0.017,NA,NA,NA,NA
eta_forget,-0.15,ccb_df,feasible_rate,0.9348837209302325,680,balanced,0.02,0.017,NA,NA,NA,NA
eta_forget,-0.15,ccb_df,avg_fatigue,0.5380116662790698,680,balanced,0.02,0.017,NA,NA,NA,NA
eta_forget,-0.15,ccb_df,learn_slope,0.00012919896640826875,680,balanced,0.02,0.017,NA,NA,NA,NA
eta_forget,-0.15,ccb_df,ttm,128.0,777,balanced,0.02,0.017,NA,NA,NA,NA
eta_forget,-0.15,ccb_df,feasible_rate,0.9140625,777,balanced,0.02,0.017,NA,NA,NA,NA
eta_forget,-0.15,ccb_df,avg_fatigue,0.540544375,777,balanced,0.02,0.017,NA,NA,NA,NA
eta_forget,-0.15,ccb_df,learn_slope,0.0003633720930232558,777,balanced,0.02,0.017,NA,NA,NA,NA
eta_forget,-0.15,ccb_df,ttm,79.0,874,balanced,0.02,0.017,NA,NA,NA,NA
eta_forget,-0.15,ccb_df,feasible_rate,0.8734177215189873,874,balanced,0.02,0.017,NA,NA,NA,NA
eta_forget,-0.15,ccb_df,avg_fatigue,0.5605822784810127,874,balanced,0.02,0.017,NA,NA,NA,NA
eta_forget,-0.15,ccb_df,learn_slope,0.0009493670886075949,874,balanced,0.02,0.017,NA,NA,NA,NA
eta_forget,0.0,ccb_df,ttm,74.0,1,balanced,0.02,0.02,NA,NA,NA,NA
eta_forget,0.0,ccb_df,feasible_rate,0.9189189189189189,1,balanced,0.02,0.02,NA,NA,NA,NA
eta_forget,0.0,ccb_df,avg_fatigue,0.5255,1,balanced,0.02,0.02,NA,NA,NA,NA
eta_forget,0.0,ccb_df,learn_slope,0.001081081081081081,1,balanced,0.02,0.02,NA,NA,NA,NA
eta_forget,0.0,ccb_df,ttm,129.0,98,balanced,0.02,0.02,NA,NA,NA,NA
eta_forget,0.0,ccb_df,feasible_rate,0.9302325581395349,98,balanced,0.02,0.02,NA,NA,NA,NA
eta_forget,0.0,ccb_df,avg_fatigue,0.5432439534883722,98,balanced,0.02,0.02,NA,NA,NA,NA
eta_forget,0.0,ccb_df,learn_slope,0.00035778175313059033,98,balanced,0.02,0.02,NA,NA,NA,NA
eta_forget,0.0,ccb_df,ttm,86.0,195,balanced,0.02,0.02,NA,NA,NA,NA
eta_forget,0.0,ccb_df,feasible_rate,0.9534883720930233,195,balanced,0.02,0.02,NA,NA,NA,NA
eta_forget,0.0,ccb_df,avg_fatigue,0.5210697674418605,195,balanced,0.02,0.02,NA,NA,NA,NA
eta_forget,0.0,ccb_df,learn_slope,0.0008019246190858059,195,balanced,0.02,0.02,NA,NA,NA,NA
eta_forget,0.0,ccb_df,ttm,74.0,292,balanced,0.02,0.02,NA,NA,NA,NA
eta_forget,0.0,ccb_df,feasible_rate,0.9189189189189189,292,balanced,0.02,0.02,NA,NA,NA,NA
eta_forget,0.0,ccb_df,avg_fatigue,0.538027027027027,292,balanced,0.02,0.02,NA,NA,NA,NA
eta_forget,0.0,ccb_df,learn_slope,0.001081081081081081,292,balanced,0.02,0.02,NA,NA,NA,NA
eta_forget,0.0,ccb_df,ttm,85.0,389,balanced,0.02,0.02,NA,NA,NA,NA
eta_forget,0.0,ccb_df,feasible_rate,0.9647058823529412,389,balanced,0.02,0.02,NA,NA,NA,NA
eta_forget,0.0,ccb_df,avg_fatigue,0.48348235294117653,389,balanced,0.02,0.02,NA,NA,NA,NA
eta_forget,0.0,ccb_df,learn_slope,0.0008207934336525308,389,balanced,0.02,0.02,NA,NA,NA,NA
eta_forget,0.0,ccb_df,ttm,91.0,486,balanced,0.02,0.02,NA,NA,NA,NA
eta_forget,0.0,ccb_df,feasible_rate,0.8571428571428572,486,balanced,0.02,0.02,NA,NA,NA,NA
eta_forget,0.0,ccb_df,avg_fatigue,0.575835164835165,486,balanced,0.02,0.02,NA,NA,NA,NA
eta_forget,0.0,ccb_df,learn_slope,0.0007166746297181081,486,balanced,0.02,0.02,NA,NA,NA,NA
eta_forget,0.0,ccb_df,ttm,62.0,583,balanced,0.02,0.02,NA,NA,NA,NA
eta_forget,0.0,ccb_df,feasible_rate,0.9193548387096774,583,balanced,0.02,0.02,NA,NA,NA,NA
eta_forget,0.0,ccb_df,avg_fatigue,0.5497096774193548,583,balanced,0.02,0.02,NA,NA,NA,NA
eta_forget,0.0,ccb_df,learn_slope,0.0015360983102918587,583,balanced,0.02,0.02,NA,NA,NA,NA
eta_forget,0.0,ccb_df,ttm,166.0,680,balanced,0.02,0.02,NA,NA,NA,NA
eta_forget,0.0,ccb_df,feasible_rate,0.9036144578313253,680,balanced,0.02,0.02,NA,NA,NA,NA
eta_forget,0.0,ccb_df,avg_fatigue,0.5507653012048191,680,balanced,0.02,0.02,NA,NA,NA,NA
eta_forget,0.0,ccb_df,learn_slope,0.00021643460067816175,680,balanced,0.02,0.02,NA,NA,NA,NA
eta_forget,0.0,ccb_df,ttm,128.0,777,balanced,0.02,0.02,NA,NA,NA,NA
eta_forget,0.0,ccb_df,feasible_rate,0.9140625,777,balanced,0.02,0.02,NA,NA,NA,NA
eta_forget,0.0,ccb_df,avg_fatigue,0.5403334375,777,balanced,0.02,0.02,NA,NA,NA,NA
eta_forget,0.0,ccb_df,learn_slope,0.0003633720930232558,777,balanced,0.02,0.02,NA,NA,NA,NA
eta_forget,0.0,ccb_df,ttm,65.0,874,balanced,0.02,0.02,NA,NA,NA,NA
eta_forget,0.0,ccb_df,feasible_rate,0.8769230769230769,874,balanced,0.02,0.02,NA,NA,NA,NA
eta_forget,0.0,ccb_df,avg_fatigue,0.5448923076923078,874,balanced,0.02,0.02,NA,NA,NA,NA
eta_forget,0.0,ccb_df,learn_slope,0.0013986013986013986,874,balanced,0.02,0.02,NA,NA,NA,NA
eta_forget,0.15,ccb_df,ttm,77.0,1,balanced,0.02,0.023,NA,NA,NA,NA
eta_forget,0.15,ccb_df,feasible_rate,0.935064935064935,1,balanced,0.02,0.023,NA,NA,NA,NA
eta_forget,0.15,ccb_df,avg_fatigue,0.5376103896103896,1,balanced,0.02,0.023,NA,NA,NA,NA
eta_forget,0.15,ccb_df,learn_slope,0.000999000999000999,1,balanced,0.02,0.023,NA,NA,NA,NA
eta_forget,0.15,ccb_df,ttm,122.0,98,balanced,0.02,0.023,NA,NA,NA,NA
eta_forget,0.15,ccb_df,feasible_rate,0.9098360655737705,98,balanced,0.02,0.023,NA,NA,NA,NA
eta_forget,0.15,ccb_df,avg_fatigue,0.5413422950819673,98,balanced,0.02,0.023,NA,NA,NA,NA
eta_forget,0.15,ccb_df,learn_slope,0.00039984006397441024,98,balanced,0.02,0.023,NA,NA,NA,NA
eta_forget,0.15,ccb_df,ttm,87.0,195,balanced,0.02,0.023,NA,NA,NA,NA
eta_forget,0.15,ccb_df,feasible_rate,0.9310344827586207,195,balanced,0.02,0.023,NA,NA,NA,NA
eta_forget,0.15,ccb_df,avg_fatigue,0.5228275862068966,195,balanced,0.02,0.023,NA,NA,NA,NA
eta_forget,0.15,ccb_df,learn_slope,0.0007836990595611285,195,balanced,0.02,0.023,NA,NA,NA,NA
eta_forget,0.15,ccb_df,ttm,125.0,292,balanced,0.02,0.023,NA,NA,NA,NA
eta_forget,0.15,ccb_df,feasible_rate,0.92,292,balanced,0.02,0.023,NA,NA,NA,NA
eta_forget,0.15,ccb_df,avg_fatigue,0.5446538,292,balanced,0.02,0.023,NA,NA,NA,NA
eta_forget,0.15,ccb_df,learn_slope,0.00038095238095238096,292,balanced,0.02,0.023,NA,NA,NA,NA
eta_forget,0.15,ccb_df,ttm,101.0,389,balanced,0.02,0.023,NA,NA,NA,NA
eta_forget,0.15,ccb_df,feasible_rate,0.9207920792079208,389,balanced,0.02,0.023,NA,NA,NA,NA
eta_forget,0.15,ccb_df,avg_fatigue,0.5328118811881191,389,balanced,0.02,0.023,NA,NA,NA,NA
eta_forget,0.15,ccb_df,learn_slope,0.0005824111822947001,389,balanced,0.02,0.023,NA,NA,NA,NA
eta_forget,0.15,ccb_df,ttm,131.0,486,balanced,0.02,0.023,NA,NA,NA,NA
eta_forget,0.15,ccb_df,feasible_rate,0.9083969465648855,486,balanced,0.02,0.023,NA,NA,NA,NA
eta_forget,0.15,ccb_df,avg_fatigue,0.5420151908396945,486,balanced,0.02,0.023,NA,NA,NA,NA
eta_forget,0.15,ccb_df,learn_slope,0.0003469812630117973,486,balanced,0.02,0.023,NA,NA,NA,NA
eta_forget,0.15,ccb_df,ttm,62.0,583,balanced,0.02,0.023,NA,NA,NA,NA
eta_forget,0.15,ccb_df,feasible_rate,0.9193548387096774,583,balanced,0.02,0.023,NA,NA,NA,NA
eta_forget,0.15,ccb_df,avg_fatigue,0.5497096774193548,583,balanced,0.02,0.023,NA,NA,NA,NA
eta_forget,0.15,ccb_df,learn_slope,0.0015360983102918587,583,balanced,0.02,0.023,NA,NA,NA,NA
eta_forget,0.15,ccb_df,ttm,115.0,680,balanced,0.02,0.023,NA,NA,NA,NA
eta_forget,0.15,ccb_df,feasible_rate,0.8869565217391304,680,balanced,0.02,0.023,NA,NA,NA,NA
eta_forget,0.15,ccb_df,avg_fatigue,0.5685478260869565,680,balanced,0.02,0.023,NA,NA,NA,NA
eta_forget,0.15,ccb_df,learn_slope,0.0004497751124437781,680,balanced,0.02,0.023,NA,NA,NA,NA
eta_forget,0.15,ccb_df,ttm,109.0,777,balanced,0.02,0.023,NA,NA,NA,NA
eta_forget,0.15,ccb_df,feasible_rate,0.8899082568807339,777,balanced,0.02,0.023,NA,NA,NA,NA
eta_forget,0.15,ccb_df,avg_fatigue,0.5572844036697246,777,balanced,0.02,0.023,NA,NA,NA,NA
eta_forget,0.15,ccb_df,learn_slope,0.0005004170141784821,777,balanced,0.02,0.023,NA,NA,NA,NA
eta_forget,0.15,ccb_df,ttm,65.0,874,balanced,0.02,0.023,NA,NA,NA,NA
eta_forget,0.15,ccb_df,feasible_rate,0.9230769230769231,874,balanced,0.02,0.023,NA,NA,NA,NA
eta_forget,0.15,ccb_df,avg_fatigue,0.543676923076923,874,balanced,0.02,0.023,NA,NA,NA,NA
eta_forget,0.15,ccb_df,learn_slope,0.0013986013986013986,874,balanced,0.02,0.023,NA,NA,NA,NA
eta_forget,0.3,ccb_df,ttm,70.0,1,balanced,0.02,0.026000000000000002,NA,NA,NA,NA
eta_forget,0.3,ccb_df,feasible_rate,0.8714285714285714,1,balanced,0.02,0.026000000000000002,NA,NA,NA,NA
eta_forget,0.3,ccb_df,avg_fatigue,0.575757142857143,1,balanced,0.02,0.026000000000000002,NA,NA,NA,NA
eta_forget,0.3,ccb_df,learn_slope,0.0012072434607645875,1,balanced,0.02,0.026000000000000002,NA,NA,NA,NA
eta_forget,0.3,ccb_df,ttm,173.0,98,balanced,0.02,0.026000000000000002,NA,NA,NA,NA
eta_forget,0.3,ccb_df,feasible_rate,0.9421965317919075,98,balanced,0.02,0.026000000000000002,NA,NA,NA,NA
eta_forget,0.3,ccb_df,avg_fatigue,0.5354108092485549,98,balanced,0.02,0.026000000000000002,NA,NA,NA,NA
eta_forget,0.3,ccb_df,learn_slope,0.00019932230416583617,98,balanced,0.02,0.026000000000000002,NA,NA,NA,NA
eta_forget,0.3,ccb_df,ttm,87.0,195,balanced,0.02,0.026000000000000002,NA,NA,NA,NA
eta_forget,0.3,ccb_df,feasible_rate,0.896551724137931,195,balanced,0.02,0.026000000000000002,NA,NA,NA,NA
eta_forget,0.3,ccb_df,avg_fatigue,0.5220919540229885,195,balanced,0.02,0.026000000000000002,NA,NA,NA,NA
eta_forget,0.3,ccb_df,learn_slope,0.0007836990595611285,195,balanced,0.02,0.026000000000000002,NA,NA,NA,NA
eta_forget,0.3,ccb_df,ttm,124.0,292,balanced,0.02,0.026000000000000002,NA,NA,NA,NA
eta_forget,0.3,ccb_df,feasible_rate,0.8870967741935484,292,balanced,0.02,0.026000000000000002,NA,NA,NA,NA
eta_forget,0.3,ccb_df,avg_fatigue,0.5570183870967742,292,balanced,0.02,0.026000000000000002,NA,NA,NA,NA
eta_forget,0.3,ccb_df,learn_slope,0.00038709677419354843,292,balanced,0.02,0.026000000000000002,NA,NA,NA,NA
eta_forget,0.3,ccb_df,ttm,163.0,389,balanced,0.02,0.026000000000000002,NA,NA,NA,NA
eta_forget,0.3,ccb_df,feasible_rate,0.950920245398773,389,balanced,0.02,0.026000000000000002,NA,NA,NA,NA
eta_forget,0.3,ccb_df,avg_fatigue,0.51201990797546,389,balanced,0.02,0.026000000000000002,NA,NA,NA,NA
eta_forget,0.3,ccb_df,learn_slope,0.0002244500972617088,389,balanced,0.02,0.026000000000000002,NA,NA,NA,NA
eta_forget,0.3,ccb_df,ttm,115.0,486,balanced,0.02,0.026000000000000002,NA,NA,NA,NA
eta_forget,0.3,ccb_df,feasible_rate,0.8695652173913043,486,balanced,0.02,0.026000000000000002,NA,NA,NA,NA
eta_forget,0.3,ccb_df,avg_fatigue,0.5564173913043479,486,balanced,0.02,0.026000000000000002,NA,NA,NA,NA
eta_forget,0.3,ccb_df,learn_slope,0.0004497751124437781,486,balanced,0.02,0.026000000000000002,NA,NA,NA,NA
eta_forget,0.3,ccb_df,ttm,72.0,583,balanced,0.02,0.026000000000000002,NA,NA,NA,NA
eta_forget,0.3,ccb_df,feasible_rate,0.9444444444444444,583,balanced,0.02,0.026000000000000002,NA,NA,NA,NA
eta_forget,0.3,ccb_df,avg_fatigue,0.5086111111111111,583,balanced,0.02,0.026000000000000002,NA,NA,NA,NA
eta_forget,0.3,ccb_df,learn_slope,0.001141552511415525,583,balanced,0.02,0.026000000000000002,NA,NA,NA,NA
eta_forget,0.3,ccb_df,ttm,118.0,680,balanced,0.02,0.026000000000000002,NA,NA,NA,NA
eta_forget,0.3,ccb_df,feasible_rate,0.8559322033898304,680,balanced,0.02,0.026000000000000002,NA,NA,NA,NA
eta_forget,0.3,ccb_df,avg_fatigue,0.5840593220338983,680,balanced,0.02,0.026000000000000002,NA,NA,NA,NA
eta_forget,0.3,ccb_df,learn_slope,0.0004272895598917533,680,balanced,0.02,0.026000000000000002,NA,NA,NA,NA
eta_forget,0.3,ccb_df,ttm,129.0,777,balanced,0.02,0.026000000000000002,NA,NA,NA,NA
eta_forget,0.3,ccb_df,feasible_rate,0.8682170542635659,777,balanced,0.02,0.026000000000000002,NA,NA,NA,NA
eta_forget,0.3,ccb_df,avg_fatigue,0.5672080620155038,777,balanced,0.02,0.026000000000000002,NA,NA,NA,NA
eta_forget,0.3,ccb_df,learn_slope,0.00035778175313059033,777,balanced,0.02,0.026000000000000002,NA,NA,NA,NA
eta_forget,0.3,ccb_df,ttm,65.0,874,balanced,0.02,0.026000000000000002,NA,NA,NA,NA
eta_forget,0.3,ccb_df,feasible_rate,0.9230769230769231,874,balanced,0.02,0.026000000000000002,NA,NA,NA,NA
eta_forget,0.3,ccb_df,avg_fatigue,0.5426615384615385,874,balanced,0.02,0.026000000000000002,NA,NA,NA,NA
eta_forget,0.3,ccb_df,learn_slope,0.0013986013986013986,874,balanced,0.02,0.026000000000000002,NA,NA,NA,NA
eta_forget,-0.3,safe_ac,ttm,91.0,1,balanced,0.02,0.013999999999999999,NA,NA,NA,NA
eta_forget,-0.3,safe_ac,feasible_rate,0.8681318681318682,1,balanced,0.02,0.013999999999999999,NA,NA,NA,NA
eta_forget,-0.3,safe_ac,avg_fatigue,0.5665604395604396,1,balanced,0.02,0.013999999999999999,NA,NA,NA,NA
eta_forget,-0.3,safe_ac,learn_slope,0.0007166746297181081,1,balanced,0.02,0.013999999999999999,NA,NA,NA,NA
eta_forget,-0.3,safe_ac,ttm,57.0,98,balanced,0.02,0.013999999999999999,NA,NA,NA,NA
eta_forget,-0.3,safe_ac,feasible_rate,0.8947368421052632,98,balanced,0.02,0.013999999999999999,NA,NA,NA,NA
eta_forget,-0.3,safe_ac,avg_fatigue,0.5361754385964911,98,balanced,0.02,0.013999999999999999,NA,NA,NA,NA
eta_forget,-0.3,safe_ac,learn_slope,0.0018148820326678765,98,balanced,0.02,0.013999999999999999,NA,NA,NA,NA
eta_forget,-0.3,safe_ac,ttm,46.0,195,balanced,0.02,0.013999999999999999,NA,NA,NA,NA
eta_forget,-0.3,safe_ac,feasible_rate,0.9565217391304348,195,balanced,0.02,0.013999999999999999,NA,NA,NA,NA
eta_forget,-0.3,safe_ac,avg_fatigue,0.5014347826086956,195,balanced,0.02,0.013999999999999999,NA,NA,NA,NA
eta_forget,-0.3,safe_ac,learn_slope,0.0027752081406105457,195,balanced,0.02,0.013999999999999999,NA,NA,NA,NA
eta_forget,-0.3,safe_ac,ttm,166.0,292,balanced,0.02,0.013999999999999999,NA,NA,NA,NA
eta_forget,-0.3,safe_ac,feasible_rate,0.8975903614457832,292,balanced,0.02,0.013999999999999999,NA,NA,NA,NA
eta_forget,-0.3,safe_ac,avg_fatigue,0.5594472289156623,292,balanced,0.02,0.013999999999999999,NA,NA,NA,NA
eta_forget,-0.3,safe_ac,learn_slope,0.00021643460067816175,292,balanced,0.02,0.013999999999999999,NA,NA,NA,NA
eta_forget,-0.3,safe_ac,ttm,59.0,389,balanced,0.02,0.013999999999999999,NA,NA,NA,NA
eta_forget,-0.3,safe_ac,feasible_rate,0.8813559322033898,389,balanced,0.02,0.013999999999999999,NA,NA,NA,NA
eta_forget,-0.3,safe_ac,avg_fatigue,0.5475084745762712,389,balanced,0.02,0.013999999999999999,NA,NA,NA,NA
eta_forget,-0.3,safe_ac,learn_slope,0.001694915254237288,389,balanced,0.02,0.013999999999999999,NA,NA,NA,NA
eta_forget,-0.3,safe_ac,ttm,87.0,486,balanced,0.02,0.013999999999999999,NA,NA,NA,NA
eta_forget,-0.3,safe_ac,feasible_rate,0.8850574712643678,486,balanced,0.02,0.013999999999999999,NA,NA,NA,NA
eta_forget,-0.3,safe_ac,avg_fatigue,0.5615517241379311,486,balanced,0.02,0.013999999999999999,NA,NA,NA,NA
eta_forget,-0.3,safe_ac,learn_slope,0.0007836990595611285,486,balanced,0.02,0.013999999999999999,NA,NA,NA,NA
eta_forget,-0.3,safe_ac,ttm,72.0,583,balanced,0.02,0.013999999999999999,NA,NA,NA,NA
eta_forget,-0.3,safe_ac,feasible_rate,0.9861111111111112,583,balanced,0.02,0.013999999999999999,NA,NA,NA,NA
eta_forget,-0.3,safe_ac,avg_fatigue,0.4999027777777777,583,balanced,0.02,0.013999999999999999,NA,NA,NA,NA
eta_forget,-0.3,safe_ac,learn_slope,0.001141552511415525,583,balanced,0.02,0.013999999999999999,NA,NA,NA,NA
eta_forget,-0.3,safe_ac,ttm,29.0,680,balanced,0.02,0.013999999999999999,NA,NA,NA,NA
eta_forget,-0.3,safe_ac,feasible_rate,1.0,680,balanced,0.02,0.013999999999999999,NA,NA,NA,NA
eta_forget,-0.3,safe_ac,avg_fatigue,0.3961034482758622,680,balanced,0.02,0.013999999999999999,NA,NA,NA,NA
eta_forget,-0.3,safe_ac,learn_slope,0.006896551724137931,680,balanced,0.02,0.013999999999999999,NA,NA,NA,NA
eta_forget,-0.3,safe_ac,ttm,113.0,777,balanced,0.02,0.013999999999999999,NA,NA,NA,NA
eta_forget,-0.3,safe_ac,feasible_rate,0.9469026548672567,777,balanced,0.02,0.013999999999999999,NA,NA,NA,NA
eta_forget,-0.3,safe_ac,avg_fatigue,0.5285044247787608,777,balanced,0.02,0.013999999999999999,NA,NA,NA,NA
eta_forget,-0.3,safe_ac,learn_slope,0.0004657661853749418,777,balanced,0.02,0.013999999999999999,NA,NA,NA,NA
eta_forget,-0.3,safe_ac,ttm,50.0,874,balanced,0.02,0.013999999999999999,NA,NA,NA,NA
eta_forget,-0.3,safe_ac,feasible_rate,0.9,874,balanced,0.02,0.013999999999999999,NA,NA,NA,NA
eta_forget,-0.3,safe_ac,avg_fatigue,0.5576599999999998,874,balanced,0.02,0.013999999999999999,NA,NA,NA,NA
eta_forget,-0.3,safe_ac,learn_slope,0.002352941176470588,874,balanced,0.02,0.013999999999999999,NA,NA,NA,NA
eta_forget,-0.15,safe_ac,ttm,91.0,1,balanced,0.02,0.017,NA,NA,NA,NA
eta_forget,-0.15,safe_ac,feasible_rate,0.8681318681318682,1,balanced,0.02,0.017,NA,NA,NA,NA
eta_forget,-0.15,safe_ac,avg_fatigue,0.5665604395604396,1,balanced,0.02,0.017,NA,NA,NA,NA
eta_forget,-0.15,safe_ac,learn_slope,0.0007166746297181081,1,balanced,0.02,0.017,NA,NA,NA,NA
eta_forget,-0.15,safe_ac,ttm,57.0,98,balanced,0.02,0.017,NA,NA,NA,NA
eta_forget,-0.15,safe_ac,feasible_rate,0.8947368421052632,98,balanced,0.02,0.017,NA,NA,NA,NA
eta_forget,-0.15,safe_ac,avg_fatigue,0.5361754385964911,98,balanced,0.02,0.017,NA,NA,NA,NA
eta_forget,-0.15,safe_ac,learn_slope,0.0018148820326678765,98,balanced,0.02,0.017,NA,NA,NA,NA
eta_forget,-0.15,safe_ac,ttm,46.0,195,balanced,0.02,0.017,NA,NA,NA,NA
eta_forget,-0.15,safe_ac,feasible_rate,0.9565217391304348,195,balanced,0.02,0.017,NA,NA,NA,NA
eta_forget,-0.15,safe_ac,avg_fatigue,0.5014347826086956,195,balanced,0.02,0.017,NA,NA,NA,NA
eta_forget,-0.15,safe_ac,learn_slope,0.0027752081406105457,195,balanced,0.02,0.017,NA,NA,NA,NA
eta_forget,-0.15,safe_ac,ttm,166.0,292,balanced,0.02,0.017,NA,NA,NA,NA
eta_forget,-0.15,safe_ac,feasible_rate,0.8975903614457832,292,balanced,0.02,0.017,NA,NA,NA,NA
eta_forget,-0.15,safe_ac,avg_fatigue,0.5594472289156623,292,balanced,0.02,0.017,NA,NA,NA,NA
eta_forget,-0.15,safe_ac,learn_slope,0.00021643460067816175,292,balanced,0.02,0.017,NA,NA,NA,NA
eta_forget,-0.15,safe_ac,ttm,59.0,389,balanced,0.02,0.017,NA,NA,NA,NA
eta_forget,-0.15,safe_ac,feasible_rate,0.8813559322033898,389,balanced,0.02,0.017,NA,NA,NA,NA
eta_forget,-0.15,safe_ac,avg_fatigue,0.5475084745762712,389,balanced,0.02,0.017,NA,NA,NA,NA
eta_forget,-0.15,safe_ac,learn_slope,0.001694915254237288,389,balanced,0.02,0.017,NA,NA,NA,NA
eta_forget,-0.15,safe_ac,ttm,87.0,486,balanced,0.02,0.017,NA,NA,NA,NA
eta_forget,-0.15,safe_ac,feasible_rate,0.8850574712643678,486,balanced,0.02,0.017,NA,NA,NA,NA
eta_forget,-0.15,safe_ac,avg_fatigue,0.5615517241379311,486,balanced,0.02,0.017,NA,NA,NA,NA
eta_forget,-0.15,safe_ac,learn_slope,0.0007836990595611285,486,balanced,0.02,0.017,NA,NA,NA,NA
eta_forget,-0.15,safe_ac,ttm,72.0,583,balanced,0.02,0.017,NA,NA,NA,NA
eta_forget,-0.15,safe_ac,feasible_rate,0.9861111111111112,583,balanced,0.02,0.017,NA,NA,NA,NA
eta_forget,-0.15,safe_ac,avg_fatigue,0.4999027777777777,583,balanced,0.02,0.017,NA,NA,NA,NA
eta_forget,-0.15,safe_ac,learn_slope,0.001141552511415525,583,balanced,0.02,0.017,NA,NA,NA,NA
eta_forget,-0.15,safe_ac,ttm,52.0,680,balanced,0.02,0.017,NA,NA,NA,NA
eta_forget,-0.15,safe_ac,feasible_rate,0.9807692307692307,680,balanced,0.02,0.017,NA,NA,NA,NA
eta_forget,-0.15,safe_ac,avg_fatigue,0.45680769230769236,680,balanced,0.02,0.017,NA,NA,NA,NA
eta_forget,-0.15,safe_ac,learn_slope,0.0021770682148040637,680,balanced,0.02,0.017,NA,NA,NA,NA
eta_forget,-0.15,safe_ac,ttm,113.0,777,balanced,0.02,0.017,NA,NA,NA,NA
eta_forget,-0.15,safe_ac,feasible_rate,0.9469026548672567,777,balanced,0.02,0.017,NA,NA,NA,NA
eta_forget,-0.15,safe_ac,avg_fatigue,0.5285044247787608,777,balanced,0.02,0.017,NA,NA,NA,NA
eta_forget,-0.15,safe_ac,learn_slope,0.0004657661853749418,777,balanced,0.02,0.017,NA,NA,NA,NA
eta_forget,-0.15,safe_ac,ttm,50.0,874,balanced,0.02,0.017,NA,NA,NA,NA
eta_forget,-0.15,safe_ac,feasible_rate,0.9,874,balanced,0.02,0.017,NA,NA,NA,NA
eta_forget,-0.15,safe_ac,avg_fatigue,0.5576599999999998,874,balanced,0.02,0.017,NA,NA,NA,NA
eta_forget,-0.15,safe_ac,learn_slope,0.002352941176470588,874,balanced,0.02,0.017,NA,NA,NA,NA
eta_forget,0.0,safe_ac,ttm,91.0,1,balanced,0.02,0.02,NA,NA,NA,NA
eta_forget,0.0,safe_ac,feasible_rate,0.8681318681318682,1,balanced,0.02,0.02,NA,NA,NA,NA
eta_forget,0.0,safe_ac,avg_fatigue,0.5665604395604396,1,balanced,0.02,0.02,NA,NA,NA,NA
eta_forget,0.0,safe_ac,learn_slope,0.0007166746297181081,1,balanced,0.02,0.02,NA,NA,NA,NA
eta_forget,0.0,safe_ac,ttm,126.0,98,balanced,0.02,0.02,NA,NA,NA,NA
eta_forget,0.0,safe_ac,feasible_rate,0.9047619047619048,98,balanced,0.02,0.02,NA,NA,NA,NA
eta_forget,0.0,safe_ac,avg_fatigue,0.5426611111111106,98,balanced,0.02,0.02,NA,NA,NA,NA
eta_forget,0.0,safe_ac,learn_slope,0.0003749531308586427,98,balanced,0.02,0.02,NA,NA,NA,NA
eta_forget,0.0,safe_ac,ttm,47.0,195,balanced,0.02,0.02,NA,NA,NA,NA
eta_forget,0.0,safe_ac,feasible_rate,0.9361702127659575,195,balanced,0.02,0.02,NA,NA,NA,NA
eta_forget,0.0,safe_ac,avg_fatigue,0.554531914893617,195,balanced,0.02,0.02,NA,NA,NA,NA
eta_forget,0.0,safe_ac,learn_slope,0.0026595744680851063,195,balanced,0.02,0.02,NA,NA,NA,NA
eta_forget,0.0,safe_ac,ttm,74.0,292,balanced,0.02,0.02,NA,NA,NA,NA
eta_forget,0.0,safe_ac,feasible_rate,0.8648648648648649,292,balanced,0.02,0.02,NA,NA,NA,NA
eta_forget,0.0,safe_ac,avg_fatigue,0.5748243243243242,292,balanced,0.02,0.02,NA,NA,NA,NA
eta_forget,0.0,safe_ac,learn_slope,0.001081081081081081,292,balanced,0.02,0.02,NA,NA,NA,NA
eta_forget,0.0,safe_ac,ttm,59.0,389,balanced,0.02,0.02,NA,NA,NA,NA
eta_forget,0.0,safe_ac,feasible_rate,0.8813559322033898,389,balanced,0.02,0.02,NA,NA,NA,NA
eta_forget,0.0,safe_ac,avg_fatigue,0.5475084745762712,389,balanced,0.02,0.02,NA,NA,NA,NA
eta_forget,0.0,safe_ac,learn_slope,0.001694915254237288,389,balanced,0.02,0.02,NA,NA,NA,NA
eta_forget,0.0,safe_ac,ttm,97.0,486,balanced,0.02,0.02,NA,NA,NA,NA
eta_forget,0.0,safe_ac,feasible_rate,0.8969072164948454,486,balanced,0.02,0.02,NA,NA,NA,NA
eta_forget,0.0,safe_ac,avg_fatigue,0.5611649484536082,486,balanced,0.02,0.02,NA,NA,NA,NA
eta_forget,0.0,safe_ac,learn_slope,0.0006311803071744162,486,balanced,0.02,0.02,NA,NA,NA,NA
eta_forget,0.0,safe_ac,ttm,72.0,583,balanced,0.02,0.02,NA,NA,NA,NA
eta_forget,0.0,safe_ac,feasible_rate,0.9861111111111112,583,balanced,0.02,0.02,NA,NA,NA,NA
eta_forget,0.0,safe_ac,avg_fatigue,0.4999027777777777,583,balanced,0.02,0.02,NA,NA,NA,NA
eta_forget,0.0,safe_ac,learn_slope,0.001141552511415525,583,balanced,0.02,0.02,NA,NA,NA,NA
eta_forget,0.0,safe_ac,ttm,52.0,680,balanced,0.02,0.02,NA,NA,NA,NA
eta_forget,0.0,safe_ac,feasible_rate,0.9807692307692307,680,balanced,0.02,0.02,NA,NA,NA,NA
eta_forget,0.0,safe_ac,avg_fatigue,0.45680769230769236,680,balanced,0.02,0.02,NA,NA,NA,NA
eta_forget,0.0,safe_ac,learn_slope,0.0021770682148040637,680,balanced,0.02,0.02,NA,NA,NA,NA
eta_forget,0.0,safe_ac,ttm,113.0,777,balanced,0.02,0.02,NA,NA,NA,NA
eta_forget,0.0,safe_ac,feasible_rate,0.9469026548672567,777,balanced,0.02,0.02,NA,NA,NA,NA
eta_forget,0.0,safe_ac,avg_fatigue,0.5285044247787608,777,balanced,0.02,0.02,NA,NA,NA,NA
eta_forget,0.0,safe_ac,learn_slope,0.0004657661853749418,777,balanced,0.02,0.02,NA,NA,NA,NA
eta_forget,0.0,safe_ac,ttm,50.0,874,balanced,0.02,0.02,NA,NA,NA,NA
eta_forget,0.0,safe_ac,feasible_rate,0.9,874,balanced,0.02,0.02,NA,NA,NA,NA
eta_forget,0.0,safe_ac,avg_fatigue,0.5576599999999998,874,balanced,0.02,0.02,NA,NA,NA,NA
eta_forget,0.0,safe_ac,learn_slope,0.002352941176470588,874,balanced,0.02,0.02,NA,NA,NA,NA
eta_forget,0.15,safe_ac,ttm,91.0,1,balanced,0.02,0.023,NA,NA,NA,NA
eta_forget,0.15,safe_ac,feasible_rate,0.8681318681318682,1,balanced,0.02,0.023,NA,NA,NA,NA
eta_forget,0.15,safe_ac,avg_fatigue,0.5665604395604396,1,balanced,0.02,0.023,NA,NA,NA,NA
eta_forget,0.15,safe_ac,learn_slope,0.0007166746297181081,1,balanced,0.02,0.023,NA,NA,NA,NA
eta_forget,0.15,safe_ac,ttm,126.0,98,balanced,0.02,0.023,NA,NA,NA,NA
eta_forget,0.15,safe_ac,feasible_rate,0.9047619047619048,98,balanced,0.02,0.023,NA,NA,NA,NA
eta_forget,0.15,safe_ac,avg_fatigue,0.5426611111111106,98,balanced,0.02,0.023,NA,NA,NA,NA
eta_forget,0.15,safe_ac,learn_slope,0.0003749531308586427,98,balanced,0.02,0.023,NA,NA,NA,NA
eta_forget,0.15,safe_ac,ttm,47.0,195,balanced,0.02,0.023,NA,NA,NA,NA
eta_forget,0.15,safe_ac,feasible_rate,0.9361702127659575,195,balanced,0.02,0.023,NA,NA,NA,NA
eta_forget,0.15,safe_ac,avg_fatigue,0.554531914893617,195,balanced,0.02,0.023,NA,NA,NA,NA
eta_forget,0.15,safe_ac,learn_slope,0.0026595744680851063,195,balanced,0.02,0.023,NA,NA,NA,NA
eta_forget,0.15,safe_ac,ttm,74.0,292,balanced,0.02,0.023,NA,NA,NA,NA
eta_forget,0.15,safe_ac,feasible_rate,0.8648648648648649,292,balanced,0.02,0.023,NA,NA,NA,NA
eta_forget,0.15,safe_ac,avg_fatigue,0.5748243243243242,292,balanced,0.02,0.023,NA,NA,NA,NA
eta_forget,0.15,safe_ac,learn_slope,0.001081081081081081,292,balanced,0.02,0.023,NA,NA,NA,NA
eta_forget,0.15,safe_ac,ttm,59.0,389,balanced,0.02,0.023,NA,NA,NA,NA
eta_forget,0.15,safe_ac,feasible_rate,0.8813559322033898,389,balanced,0.02,0.023,NA,NA,NA,NA
eta_forget,0.15,safe_ac,avg_fatigue,0.5475084745762712,389,balanced,0.02,0.023,NA,NA,NA,NA
eta_forget,0.15,safe_ac,learn_slope,0.001694915254237288,389,balanced,0.02,0.023,NA,NA,NA,NA
eta_forget,0.15,safe_ac,ttm,97.0,486,balanced,0.02,0.023,NA,NA,NA,NA
eta_forget,0.15,safe_ac,feasible_rate,0.8969072164948454,486,balanced,0.02,0.023,NA,NA,NA,NA
eta_forget,0.15,safe_ac,avg_fatigue,0.5611649484536082,486,balanced,0.02,0.023,NA,NA,NA,NA
eta_forget,0.15,safe_ac,learn_slope,0.0006311803071744162,486,balanced,0.02,0.023,NA,NA,NA,NA
eta_forget,0.15,safe_ac,ttm,72.0,583,balanced,0.02,0.023,NA,NA,NA,NA
eta_forget,0.15,safe_ac,feasible_rate,0.9861111111111112,583,balanced,0.02,0.023,NA,NA,NA,NA
eta_forget,0.15,safe_ac,avg_fatigue,0.4999027777777777,583,balanced,0.02,0.023,NA,NA,NA,NA
eta_forget,0.15,safe_ac,learn_slope,0.001141552511415525,583,balanced,0.02,0.023,NA,NA,NA,NA
eta_forget,0.15,safe_ac,ttm,52.0,680,balanced,0.02,0.023,NA,NA,NA,NA
eta_forget,0.15,safe_ac,feasible_rate,0.9807692307692307,680,balanced,0.02,0.023,NA,NA,NA,NA
eta_forget,0.15,safe_ac,avg_fatigue,0.45680769230769236,680,balanced,0.02,0.023,NA,NA,NA,NA
eta_forget,0.15,safe_ac,learn_slope,0.0021770682148040637,680,balanced,0.02,0.023,NA,NA,NA,NA
eta_forget,0.15,safe_ac,ttm,113.0,777,balanced,0.02,0.023,NA,NA,NA,NA
eta_forget,0.15,safe_ac,feasible_rate,0.9469026548672567,777,balanced,0.02,0.023,NA,NA,NA,NA
eta_forget,0.15,safe_ac,avg_fatigue,0.5285044247787608,777,balanced,0.02,0.023,NA,NA,NA,NA
eta_forget,0.15,safe_ac,learn_slope,0.0004657661853749418,777,balanced,0.02,0.023,NA,NA,NA,NA
eta_forget,0.15,safe_ac,ttm,50.0,874,balanced,0.02,0.023,NA,NA,NA,NA
eta_forget,0.15,safe_ac,feasible_rate,0.9,874,balanced,0.02,0.023,NA,NA,NA,NA
eta_forget,0.15,safe_ac,avg_fatigue,0.5576599999999998,874,balanced,0.02,0.023,NA,NA,NA,NA
eta_forget,0.15,safe_ac,learn_slope,0.002352941176470588,874,balanced,0.02,0.023,NA,NA,NA,NA
eta_forget,0.3,safe_ac,ttm,72.0,1,balanced,0.02,0.026000000000000002,NA,NA,NA,NA
eta_forget,0.3,safe_ac,feasible_rate,0.8888888888888888,1,balanced,0.02,0.026000000000000002,NA,NA,NA,NA
eta_forget,0.3,safe_ac,avg_fatigue,0.5597638888888888,1,balanced,0.02,0.026000000000000002,NA,NA,NA,NA
eta_forget,0.3,safe_ac,learn_slope,0.001141552511415525,1,balanced,0.02,0.026000000000000002,NA,NA,NA,NA
eta_forget,0.3,safe_ac,ttm,126.0,98,balanced,0.02,0.026000000000000002,NA,NA,NA,NA
eta_forget,0.3,safe_ac,feasible_rate,0.9047619047619048,98,balanced,0.02,0.026000000000000002,NA,NA,NA,NA
eta_forget,0.3,safe_ac,avg_fatigue,0.5426611111111106,98,balanced,0.02,0.026000000000000002,NA,NA,NA,NA
eta_forget,0.3,safe_ac,learn_slope,0.0003749531308586427,98,balanced,0.02,0.026000000000000002,NA,NA,NA,NA
eta_forget,0.3,safe_ac,ttm,77.0,195,balanced,0.02,0.026000000000000002,NA,NA,NA,NA
eta_forget,0.3,safe_ac,feasible_rate,0.9090909090909091,195,balanced,0.02,0.026000000000000002,NA,NA,NA,NA
eta_forget,0.3,safe_ac,avg_fatigue,0.5644285714285714,195,balanced,0.02,0.026000000000000002,NA,NA,NA,NA
eta_forget,0.3,safe_ac,learn_slope,0.000999000999000999,195,balanced,0.02,0.026000000000000002,NA,NA,NA,NA
eta_forget,0.3,safe_ac,ttm,85.0,292,balanced,0.02,0.026000000000000002,NA,NA,NA,NA
eta_forget,0.3,safe_ac,feasible_rate,0.8823529411764706,292,balanced,0.02,0.026000000000000002,NA,NA,NA,NA
eta_forget,0.3,safe_ac,avg_fatigue,0.5643647058823529,292,balanced,0.02,0.026000000000000002,NA,NA,NA,NA
eta_forget,0.3,safe_ac,learn_slope,0.0008207934336525308,292,balanced,0.02,0.026000000000000002,NA,NA,NA,NA
eta_forget,0.3,safe_ac,ttm,59.0,389,balanced,0.02,0.026000000000000002,NA,NA,NA,NA
eta_forget,0.3,safe_ac,feasible_rate,0.8813559322033898,389,balanced,0.02,0.026000000000000002,NA,NA,NA,NA
eta_forget,0.3,safe_ac,avg_fatigue,0.5475084745762712,389,balanced,0.02,0.026000000000000002,NA,NA,NA,NA
eta_forget,0.3,safe_ac,learn_slope,0.001694915254237288,389,balanced,0.02,0.026000000000000002,NA,NA,NA,NA
eta_forget,0.3,safe_ac,ttm,97.0,486,balanced,0.02,0.026000000000000002,NA,NA,NA,NA
eta_forget,0.3,safe_ac,feasible_rate,0.8969072164948454,486,balanced,0.02,0.026000000000000002,NA,NA,NA,NA
eta_forget,0.3,safe_ac,avg_fatigue,0.5611649484536082,486,balanced,0.02,0.026000000000000002,NA,NA,NA,NA
eta_forget,0.3,safe_ac,learn_slope,0.0006311803071744162,486,balanced,0.02,0.026000000000000002,NA,NA,NA,NA
eta_forget,0.3,safe_ac,ttm,72.0,583,balanced,0.02,0.026000000000000002,NA,NA,NA,NA
eta_forget,0.3,safe_ac,feasible_rate,0.9861111111111112,583,balanced,0.02,0.026000000000000002,NA,NA,NA,NA
eta_forget,0.3,safe_ac,avg_fatigue,0.4999027777777777,583,balanced,0.02,0.026000000000000002,NA,NA,NA,NA
eta_forget,0.3,safe_ac,learn_slope,0.001141552511415525,583,balanced,0.02,0.026000000000000002,NA,NA,NA,NA
eta_forget,0.3,safe_ac,ttm,52.0,680,balanced,0.02,0.026000000000000002,NA,NA,NA,NA
eta_forget,0.3,safe_ac,feasible_rate,0.9807692307692307,680,balanced,0.02,0.026000000000000002,NA,NA,NA,NA
eta_forget,0.3,safe_ac,avg_fatigue,0.45680769230769236,680,balanced,0.02,0.026000000000000002,NA,NA,NA,NA
eta_forget,0.3,safe_ac,learn_slope,0.0021770682148040637,680,balanced,0.02,0.026000000000000002,NA,NA,NA,NA
eta_forget,0.3,safe_ac,ttm,113.0,777,balanced,0.02,0.026000000000000002,NA,NA,NA,NA
eta_forget,0.3,safe_ac,feasible_rate,0.9469026548672567,777,balanced,0.02,0.026000000000000002,NA,NA,NA,NA
eta_forget,0.3,safe_ac,avg_fatigue,0.5153628318584068,777,balanced,0.02,0.026000000000000002,NA,NA,NA,NA
eta_forget,0.3,safe_ac,learn_slope,0.0004657661853749418,777,balanced,0.02,0.026000000000000002,NA,NA,NA,NA
eta_forget,0.3,safe_ac,ttm,50.0,874,balanced,0.02,0.026000000000000002,NA,NA,NA,NA
eta_forget,0.3,safe_ac,feasible_rate,0.9,874,balanced,0.02,0.026000000000000002,NA,NA,NA,NA
eta_forget,0.3,safe_ac,avg_fatigue,0.5576599999999998,874,balanced,0.02,0.026000000000000002,NA,NA,NA,NA
eta_forget,0.3,safe_ac,learn_slope,0.002352941176470588,874,balanced,0.02,0.026000000000000002,NA,NA,NA,NA
eta_forget,-0.3,autocurriculum,ttm,600.0,1,balanced,0.02,0.013999999999999999,NA,NA,NA,NA
eta_forget,-0.3,autocurriculum,feasible_rate,0.9316666666666666,1,balanced,0.02,0.013999999999999999,NA,NA,NA,NA
eta_forget,-0.3,autocurriculum,avg_fatigue,0.5353078647945031,1,balanced,0.02,0.013999999999999999,NA,NA,NA,NA
eta_forget,-0.3,autocurriculum,learn_slope,0.0,1,balanced,0.02,0.013999999999999999,NA,NA,NA,NA
eta_forget,-0.3,autocurriculum,ttm,600.0,98,balanced,0.02,0.013999999999999999,NA,NA,NA,NA
eta_forget,-0.3,autocurriculum,feasible_rate,0.9366666666666666,98,balanced,0.02,0.013999999999999999,NA,NA,NA,NA
eta_forget,-0.3,autocurriculum,avg_fatigue,0.5330981362776924,98,balanced,0.02,0.013999999999999999,NA,NA,NA,NA
eta_forget,-0.3,autocurriculum,learn_slope,0.0,98,balanced,0.02,0.013999999999999999,NA,NA,NA,NA
eta_forget,-0.3,autocurriculum,ttm,600.0,195,balanced,0.02,0.013999999999999999,NA,NA,NA,NA
eta_forget,-0.3,autocurriculum,feasible_rate,0.9383333333333334,195,balanced,0.02,0.013999999999999999,NA,NA,NA,NA
eta_forget,-0.3,autocurriculum,avg_fatigue,0.5258852680524648,195,balanced,0.02,0.013999999999999999,NA,NA,NA,NA
eta_forget,-0.3,autocurriculum,learn_slope,0.0,195,balanced,0.02,0.013999999999999999,NA,NA,NA,NA
eta_forget,-0.3,autocurriculum,ttm,600.0,292,balanced,0.02,0.013999999999999999,NA,NA,NA,NA
eta_forget,-0.3,autocurriculum,feasible_rate,0.92,292,balanced,0.02,0.013999999999999999,NA,NA,NA,NA
eta_forget,-0.3,autocurriculum,avg_fatigue,0.5342509327861482,292,balanced,0.02,0.013999999999999999,NA,NA,NA,NA
eta_forget,-0.3,autocurriculum,learn_slope,0.0,292,balanced,0.02,0.013999999999999999,NA,NA,NA,NA
eta_forget,-0.3,autocurriculum,ttm,600.0,389,balanced,0.02,0.013999999999999999,NA,NA,NA,NA
eta_forget,-0.3,autocurriculum,feasible_rate,0.9416666666666667,389,balanced,0.02,0.013999999999999999,NA,NA,NA,NA
eta_forget,-0.3,autocurriculum,avg_fatigue,0.5294468906505126,389,balanced,0.02,0.013999999999999999,NA,NA,NA,NA
eta_forget,-0.3,autocurriculum,learn_slope,0.0,389,balanced,0.02,0.013999999999999999,NA,NA,NA,NA
eta_forget,-0.3,autocurriculum,ttm,600.0,486,balanced,0.02,0.013999999999999999,NA,NA,NA,NA
eta_forget,-0.3,autocurriculum,feasible_rate,0.9183333333333333,486,balanced,0.02,0.013999999999999999,NA,NA,NA,NA
eta_forget,-0.3,autocurriculum,avg_fatigue,0.5372370764072943,486,balanced,0.02,0.013999999999999999,NA,NA,NA,NA
eta_forget,-0.3,autocurriculum,learn_slope,0.0,486,balanced,0.02,0.013999999999999999,NA,NA,NA,NA
eta_forget,-0.3,autocurriculum,ttm,600.0,583,balanced,0.02,0.013999999999999999,NA,NA,NA,NA
eta_forget,-0.3,autocurriculum,feasible_rate,0.9333333333333333,583,balanced,0.02,0.013999999999999999,NA,NA,NA,NA
eta_forget,-0.3,autocurriculum,avg_fatigue,0.5212384426302065,583,balanced,0.02,0.013999999999999999,NA,NA,NA,NA
eta_forget,-0.3,autocurriculum,learn_slope,0.0,583,balanced,0.02,0.013999999999999999,NA,NA,NA,NA
eta_forget,-0.3,autocurriculum,ttm,600.0,680,balanced,0.02,0.013999999999999999,NA,NA,NA,NA
eta_forget,-0.3,autocurriculum,feasible_rate,0.9366666666666666,680,balanced,0.02,0.013999999999999999,NA,NA,NA,NA
eta_forget,-0.3,autocurriculum,avg_fatigue,0.5183120762975901,680,balanced,0.02,0.013999999999999999,NA,NA,NA,NA
eta_forget,-0.3,autocurriculum,learn_slope,0.0,680,balanced,0.02,0.013999999999999999,NA,NA,NA,NA
eta_forget,-0.3,autocurriculum,ttm,600.0,777,balanced,0.02,0.013999999999999999,NA,NA,NA,NA
eta_forget,-0.3,autocurriculum,feasible_rate,0.96,777,balanced,0.02,0.013999999999999999,NA,NA,NA,NA
eta_forget,-0.3,autocurriculum,avg_fatigue,0.5131845791440768,777,balanced,0.02,0.013999999999999999,NA,NA,NA,NA
eta_forget,-0.3,autocurriculum,learn_slope,0.0,777,balanced,0.02,0.013999999999999999,NA,NA,NA,NA
eta_forget,-0.3,autocurriculum,ttm,600.0,874,balanced,0.02,0.013999999999999999,NA,NA,NA,NA
eta_forget,-0.3,autocurriculum,feasible_rate,0.9333333333333333,874,balanced,0.02,0.013999999999999999,NA,NA,NA,NA
eta_forget,-0.3,autocurriculum,avg_fatigue,0.530290058458074,874,balanced,0.02,0.013999999999999999,NA,NA,NA,NA
eta_forget,-0.3,autocurriculum,learn_slope,0.0,874,balanced,0.02,0.013999999999999999,NA,NA,NA,NA
eta_forget,-0.15,autocurriculum,ttm,600.0,1,balanced,0.02,0.017,NA,NA,NA,NA
eta_forget,-0.15,autocurriculum,feasible_rate,0.9316666666666666,1,balanced,0.02,0.017,NA,NA,NA,NA
eta_forget,-0.15,autocurriculum,avg_fatigue,0.5353078647945031,1,balanced,0.02,0.017,NA,NA,NA,NA
eta_forget,-0.15,autocurriculum,learn_slope,0.0,1,balanced,0.02,0.017,NA,NA,NA,NA
eta_forget,-0.15,autocurriculum,ttm,600.0,98,balanced,0.02,0.017,NA,NA,NA,NA
eta_forget,-0.15,autocurriculum,feasible_rate,0.9366666666666666,98,balanced,0.02,0.017,NA,NA,NA,NA
eta_forget,-0.15,autocurriculum,avg_fatigue,0.5330981362776924,98,balanced,0.02,0.017,NA,NA,NA,NA
eta_forget,-0.15,autocurriculum,learn_slope,0.0,98,balanced,0.02,0.017,NA,NA,NA,NA
eta_forget,-0.15,autocurriculum,ttm,600.0,195,balanced,0.02,0.017,NA,NA,NA,NA
eta_forget,-0.15,autocurriculum,feasible_rate,0.9383333333333334,195,balanced,0.02,0.017,NA,NA,NA,NA
eta_forget,-0.15,autocurriculum,avg_fatigue,0.5258852680524648,195,balanced,0.02,0.017,NA,NA,NA,NA
eta_forget,-0.15,autocurriculum,learn_slope,0.0,195,balanced,0.02,0.017,NA,NA,NA,NA
eta_forget,-0.15,autocurriculum,ttm,600.0,292,balanced,0.02,0.017,NA,NA,NA,NA
eta_forget,-0.15,autocurriculum,feasible_rate,0.92,292,balanced,0.02,0.017,NA,NA,NA,NA
eta_forget,-0.15,autocurriculum,avg_fatigue,0.5342509327861482,292,balanced,0.02,0.017,NA,NA,NA,NA
eta_forget,-0.15,autocurriculum,learn_slope,0.0,292,balanced,0.02,0.017,NA,NA,NA,NA
eta_forget,-0.15,autocurriculum,ttm,600.0,389,balanced,0.02,0.017,NA,NA,NA,NA
eta_forget,-0.15,autocurriculum,feasible_rate,0.9416666666666667,389,balanced,0.02,0.017,NA,NA,NA,NA
eta_forget,-0.15,autocurriculum,avg_fatigue,0.5294468906505126,389,balanced,0.02,0.017,NA,NA,NA,NA
eta_forget,-0.15,autocurriculum,learn_slope,0.0,389,balanced,0.02,0.017,NA,NA,NA,NA
eta_forget,-0.15,autocurriculum,ttm,600.0,486,balanced,0.02,0.017,NA,NA,NA,NA
eta_forget,-0.15,autocurriculum,feasible_rate,0.9183333333333333,486,balanced,0.02,0.017,NA,NA,NA,NA
eta_forget,-0.15,autocurriculum,avg_fatigue,0.5372370764072943,486,balanced,0.02,0.017,NA,NA,NA,NA
eta_forget,-0.15,autocurriculum,learn_slope,0.0,486,balanced,0.02,0.017,NA,NA,NA,NA
eta_forget,-0.15,autocurriculum,ttm,600.0,583,balanced,0.02,0.017,NA,NA,NA,NA
eta_forget,-0.15,autocurriculum,feasible_rate,0.9333333333333333,583,balanced,0.02,0.017,NA,NA,NA,NA
eta_forget,-0.15,autocurriculum,avg_fatigue,0.5212384426302065,583,balanced,0.02,0.017,NA,NA,NA,NA
eta_forget,-0.15,autocurriculum,learn_slope,0.0,583,balanced,0.02,0.017,NA,NA,NA,NA
eta_forget,-0.15,autocurriculum,ttm,600.0,680,balanced,0.02,0.017,NA,NA,NA,NA
eta_forget,-0.15,autocurriculum,feasible_rate,0.9366666666666666,680,balanced,0.02,0.017,NA,NA,NA,NA
eta_forget,-0.15,autocurriculum,avg_fatigue,0.5183120762975901,680,balanced,0.02,0.017,NA,NA,NA,NA
eta_forget,-0.15,autocurriculum,learn_slope,0.0,680,balanced,0.02,0.017,NA,NA,NA,NA
eta_forget,-0.15,autocurriculum,ttm,600.0,777,balanced,0.02,0.017,NA,NA,NA,NA
eta_forget,-0.15,autocurriculum,feasible_rate,0.96,777,balanced,0.02,0.017,NA,NA,NA,NA
eta_forget,-0.15,autocurriculum,avg_fatigue,0.5131845791440768,777,balanced,0.02,0.017,NA,NA,NA,NA
eta_forget,-0.15,autocurriculum,learn_slope,0.0,777,balanced,0.02,0.017,NA,NA,NA,NA
eta_forget,-0.15,autocurriculum,ttm,600.0,874,balanced,0.02,0.017,NA,NA,NA,NA
eta_forget,-0.15,autocurriculum,feasible_rate,0.9333333333333333,874,balanced,0.02,0.017,NA,NA,NA,NA
eta_forget,-0.15,autocurriculum,avg_fatigue,0.530290058458074,874,balanced,0.02,0.017,NA,NA,NA,NA
eta_forget,-0.15,autocurriculum,learn_slope,0.0,874,balanced,0.02,0.017,NA,NA,NA,NA
eta_forget,0.0,autocurriculum,ttm,600.0,1,balanced,0.02,0.02,NA,NA,NA,NA
eta_forget,0.0,autocurriculum,feasible_rate,0.9316666666666666,1,balanced,0.02,0.02,NA,NA,NA,NA
eta_forget,0.0,autocurriculum,avg_fatigue,0.5353078647945031,1,balanced,0.02,0.02,NA,NA,NA,NA
eta_forget,0.0,autocurriculum,learn_slope,0.0,1,balanced,0.02,0.02,NA,NA,NA,NA
eta_forget,0.0,autocurriculum,ttm,600.0,98,balanced,0.02,0.02,NA,NA,NA,NA
eta_forget,0.0,autocurriculum,feasible_rate,0.9366666666666666,98,balanced,0.02,0.02,NA,NA,NA,NA
eta_forget,0.0,autocurriculum,avg_fatigue,0.5330981362776924,98,balanced,0.02,0.02,NA,NA,NA,NA
eta_forget,0.0,autocurriculum,learn_slope,0.0,98,balanced,0.02,0.02,NA,NA,NA,NA
eta_forget,0.0,autocurriculum,ttm,600.0,195,balanced,0.02,0.02,NA,NA,NA,NA
eta_forget,0.0,autocurriculum,feasible_rate,0.9383333333333334,195,balanced,0.02,0.02,NA,NA,NA,NA
eta_forget,0.0,autocurriculum,avg_fatigue,0.5258852680524648,195,balanced,0.02,0.02,NA,NA,NA,NA
eta_forget,0.0,autocurriculum,learn_slope,0.0,195,balanced,0.02,0.02,NA,NA,NA,NA
eta_forget,0.0,autocurriculum,ttm,600.0,292,balanced,0.02,0.02,NA,NA,NA,NA
eta_forget,0.0,autocurriculum,feasible_rate,0.92,292,balanced,0.02,0.02,NA,NA,NA,NA
eta_forget,0.0,autocurriculum,avg_fatigue,0.5342509327861482,292,balanced,0.02,0.02,NA,NA,NA,NA
eta_forget,0.0,autocurriculum,learn_slope,0.0,292,balanced,0.02,0.02,NA,NA,NA,NA
eta_forget,0.0,autocurriculum,ttm,600.0,389,balanced,0.02,0.02,NA,NA,NA,NA
eta_forget,0.0,autocurriculum,feasible_rate,0.9416666666666667,389,balanced,0.02,0.02,NA,NA,NA,NA
eta_forget,0.0,autocurriculum,avg_fatigue,0.5294468906505126,389,balanced,0.02,0.02,NA,NA,NA,NA
eta_forget,0.0,autocurriculum,learn_slope,0.0,389,balanced,0.02,0.02,NA,NA,NA,NA
eta_forget,0.0,autocurriculum,ttm,600.0,486,balanced,0.02,0.02,NA,NA,NA,NA
eta_forget,0.0,autocurriculum,feasible_rate,0.9183333333333333,486,balanced,0.02,0.02,NA,NA,NA,NA
eta_forget,0.0,autocurriculum,avg_fatigue,0.5372370764072943,486,balanced,0.02,0.02,NA,NA,NA,NA
eta_forget,0.0,autocurriculum,learn_slope,0.0,486,balanced,0.02,0.02,NA,NA,NA,NA
eta_forget,0.0,autocurriculum,ttm,600.0,583,balanced,0.02,0.02,NA,NA,NA,NA
eta_forget,0.0,autocurriculum,feasible_rate,0.9333333333333333,583,balanced,0.02,0.02,NA,NA,NA,NA
eta_forget,0.0,autocurriculum,avg_fatigue,0.5212384426302065,583,balanced,0.02,0.02,NA,NA,NA,NA
eta_forget,0.0,autocurriculum,learn_slope,0.0,583,balanced,0.02,0.02,NA,NA,NA,NA
eta_forget,0.0,autocurriculum,ttm,600.0,680,balanced,0.02,0.02,NA,NA,NA,NA
eta_forget,0.0,autocurriculum,feasible_rate,0.9366666666666666,680,balanced,0.02,0.02,NA,NA,NA,NA
eta_forget,0.0,autocurriculum,avg_fatigue,0.5183120762975901,680,balanced,0.02,0.02,NA,NA,NA,NA
eta_forget,0.0,autocurriculum,learn_slope,0.0,680,balanced,0.02,0.02,NA,NA,NA,NA
eta_forget,0.0,autocurriculum,ttm,600.0,777,balanced,0.02,0.02,NA,NA,NA,NA
eta_forget,0.0,autocurriculum,feasible_rate,0.96,777,balanced,0.02,0.02,NA,NA,NA,NA
eta_forget,0.0,autocurriculum,avg_fatigue,0.5131845791440768,777,balanced,0.02,0.02,NA,NA,NA,NA
eta_forget,0.0,autocurriculum,learn_slope,0.0,777,balanced,0.02,0.02,NA,NA,NA,NA
eta_forget,0.0,autocurriculum,ttm,600.0,874,balanced,0.02,0.02,NA,NA,NA,NA
eta_forget,0.0,autocurriculum,feasible_rate,0.9333333333333333,874,balanced,0.02,0.02,NA,NA,NA,NA
eta_forget,0.0,autocurriculum,avg_fatigue,0.530290058458074,874,balanced,0.02,0.02,NA,NA,NA,NA
eta_forget,0.0,autocurriculum,learn_slope,0.0,874,balanced,0.02,0.02,NA,NA,NA,NA
eta_forget,0.15,autocurriculum,ttm,600.0,1,balanced,0.02,0.023,NA,NA,NA,NA
eta_forget,0.15,autocurriculum,feasible_rate,0.9316666666666666,1,balanced,0.02,0.023,NA,NA,NA,NA
eta_forget,0.15,autocurriculum,avg_fatigue,0.5353078647945031,1,balanced,0.02,0.023,NA,NA,NA,NA
eta_forget,0.15,autocurriculum,learn_slope,0.0,1,balanced,0.02,0.023,NA,NA,NA,NA
eta_forget,0.15,autocurriculum,ttm,600.0,98,balanced,0.02,0.023,NA,NA,NA,NA
eta_forget,0.15,autocurriculum,feasible_rate,0.9366666666666666,98,balanced,0.02,0.023,NA,NA,NA,NA
eta_forget,0.15,autocurriculum,avg_fatigue,0.5330981362776924,98,balanced,0.02,0.023,NA,NA,NA,NA
eta_forget,0.15,autocurriculum,learn_slope,0.0,98,balanced,0.02,0.023,NA,NA,NA,NA
eta_forget,0.15,autocurriculum,ttm,600.0,195,balanced,0.02,0.023,NA,NA,NA,NA
eta_forget,0.15,autocurriculum,feasible_rate,0.9383333333333334,195,balanced,0.02,0.023,NA,NA,NA,NA
eta_forget,0.15,autocurriculum,avg_fatigue,0.5258852680524648,195,balanced,0.02,0.023,NA,NA,NA,NA
eta_forget,0.15,autocurriculum,learn_slope,0.0,195,balanced,0.02,0.023,NA,NA,NA,NA
eta_forget,0.15,autocurriculum,ttm,600.0,292,balanced,0.02,0.023,NA,NA,NA,NA
eta_forget,0.15,autocurriculum,feasible_rate,0.92,292,balanced,0.02,0.023,NA,NA,NA,NA
eta_forget,0.15,autocurriculum,avg_fatigue,0.5342509327861482,292,balanced,0.02,0.023,NA,NA,NA,NA
eta_forget,0.15,autocurriculum,learn_slope,0.0,292,balanced,0.02,0.023,NA,NA,NA,NA
eta_forget,0.15,autocurriculum,ttm,600.0,389,balanced,0.02,0.023,NA,NA,NA,NA
eta_forget,0.15,autocurriculum,feasible_rate,0.9416666666666667,389,balanced,0.02,0.023,NA,NA,NA,NA
eta_forget,0.15,autocurriculum,avg_fatigue,0.5294468906505126,389,balanced,0.02,0.023,NA,NA,NA,NA
eta_forget,0.15,autocurriculum,learn_slope,0.0,389,balanced,0.02,0.023,NA,NA,NA,NA
eta_forget,0.15,autocurriculum,ttm,600.0,486,balanced,0.02,0.023,NA,NA,NA,NA
eta_forget,0.15,autocurriculum,feasible_rate,0.9183333333333333,486,balanced,0.02,0.023,NA,NA,NA,NA
eta_forget,0.15,autocurriculum,avg_fatigue,0.5372370764072943,486,balanced,0.02,0.023,NA,NA,NA,NA
eta_forget,0.15,autocurriculum,learn_slope,0.0,486,balanced,0.02,0.023,NA,NA,NA,NA
eta_forget,0.15,autocurriculum,ttm,600.0,583,balanced,0.02,0.023,NA,NA,NA,NA
eta_forget,0.15,autocurriculum,feasible_rate,0.9333333333333333,583,balanced,0.02,0.023,NA,NA,NA,NA
eta_forget,0.15,autocurriculum,avg_fatigue,0.5212384426302065,583,balanced,0.02,0.023,NA,NA,NA,NA
eta_forget,0.15,autocurriculum,learn_slope,0.0,583,balanced,0.02,0.023,NA,NA,NA,NA
eta_forget,0.15,autocurriculum,ttm,600.0,680,balanced,0.02,0.023,NA,NA,NA,NA
eta_forget,0.15,autocurriculum,feasible_rate,0.9366666666666666,680,balanced,0.02,0.023,NA,NA,NA,NA
eta_forget,0.15,autocurriculum,avg_fatigue,0.5183120762975901,680,balanced,0.02,0.023,NA,NA,NA,NA
eta_forget,0.15,autocurriculum,learn_slope,0.0,680,balanced,0.02,0.023,NA,NA,NA,NA
eta_forget,0.15,autocurriculum,ttm,600.0,777,balanced,0.02,0.023,NA,NA,NA,NA
eta_forget,0.15,autocurriculum,feasible_rate,0.96,777,balanced,0.02,0.023,NA,NA,NA,NA
eta_forget,0.15,autocurriculum,avg_fatigue,0.5131845791440768,777,balanced,0.02,0.023,NA,NA,NA,NA
eta_forget,0.15,autocurriculum,learn_slope,0.0,777,balanced,0.02,0.023,NA,NA,NA,NA
eta_forget,0.15,autocurriculum,ttm,600.0,874,balanced,0.02,0.023,NA,NA,NA,NA
eta_forget,0.15,autocurriculum,feasible_rate,0.9333333333333333,874,balanced,0.02,0.023,NA,NA,NA,NA
eta_forget,0.15,autocurriculum,avg_fatigue,0.530290058458074,874,balanced,0.02,0.023,NA,NA,NA,NA
eta_forget,0.15,autocurriculum,learn_slope,0.0,874,balanced,0.02,0.023,NA,NA,NA,NA
eta_forget,0.3,autocurriculum,ttm,600.0,1,balanced,0.02,0.026000000000000002,NA,NA,NA,NA
eta_forget,0.3,autocurriculum,feasible_rate,0.9316666666666666,1,balanced,0.02,0.026000000000000002,NA,NA,NA,NA
eta_forget,0.3,autocurriculum,avg_fatigue,0.5353078647945031,1,balanced,0.02,0.026000000000000002,NA,NA,NA,NA
eta_forget,0.3,autocurriculum,learn_slope,0.0,1,balanced,0.02,0.026000000000000002,NA,NA,NA,NA
eta_forget,0.3,autocurriculum,ttm,600.0,98,balanced,0.02,0.026000000000000002,NA,NA,NA,NA
eta_forget,0.3,autocurriculum,feasible_rate,0.9366666666666666,98,balanced,0.02,0.026000000000000002,NA,NA,NA,NA
eta_forget,0.3,autocurriculum,avg_fatigue,0.5330981362776924,98,balanced,0.02,0.026000000000000002,NA,NA,NA,NA
eta_forget,0.3,autocurriculum,learn_slope,0.0,98,balanced,0.02,0.026000000000000002,NA,NA,NA,NA
eta_forget,0.3,autocurriculum,ttm,600.0,195,balanced,0.02,0.026000000000000002,NA,NA,NA,NA
eta_forget,0.3,autocurriculum,feasible_rate,0.9383333333333334,195,balanced,0.02,0.026000000000000002,NA,NA,NA,NA
eta_forget,0.3,autocurriculum,avg_fatigue,0.5258852680524648,195,balanced,0.02,0.026000000000000002,NA,NA,NA,NA
eta_forget,0.3,autocurriculum,learn_slope,0.0,195,balanced,0.02,0.026000000000000002,NA,NA,NA,NA
eta_forget,0.3,autocurriculum,ttm,600.0,292,balanced,0.02,0.026000000000000002,NA,NA,NA,NA
eta_forget,0.3,autocurriculum,feasible_rate,0.92,292,balanced,0.02,0.026000000000000002,NA,NA,NA,NA
eta_forget,0.3,autocurriculum,avg_fatigue,0.5342509327861482,292,balanced,0.02,0.026000000000000002,NA,NA,NA,NA
eta_forget,0.3,autocurriculum,learn_slope,0.0,292,balanced,0.02,0.026000000000000002,NA,NA,NA,NA
eta_forget,0.3,autocurriculum,ttm,600.0,389,balanced,0.02,0.026000000000000002,NA,NA,NA,NA
eta_forget,0.3,autocurriculum,feasible_rate,0.9416666666666667,389,balanced,0.02,0.026000000000000002,NA,NA,NA,NA
eta_forget,0.3,autocurriculum,avg_fatigue,0.5294468906505126,389,balanced,0.02,0.026000000000000002,NA,NA,NA,NA
eta_forget,0.3,autocurriculum,learn_slope,0.0,389,balanced,0.02,0.026000000000000002,NA,NA,NA,NA
eta_forget,0.3,autocurriculum,ttm,600.0,486,balanced,0.02,0.026000000000000002,NA,NA,NA,NA
eta_forget,0.3,autocurriculum,feasible_rate,0.9183333333333333,486,balanced,0.02,0.026000000000000002,NA,NA,NA,NA
eta_forget,0.3,autocurriculum,avg_fatigue,0.5372370764072943,486,balanced,0.02,0.026000000000000002,NA,NA,NA,NA
eta_forget,0.3,autocurriculum,learn_slope,0.0,486,balanced,0.02,0.026000000000000002,NA,NA,NA,NA
eta_forget,0.3,autocurriculum,ttm,600.0,583,balanced,0.02,0.026000000000000002,NA,NA,NA,NA
eta_forget,0.3,autocurriculum,feasible_rate,0.9333333333333333,583,balanced,0.02,0.026000000000000002,NA,NA,NA,NA
eta_forget,0.3,autocurriculum,avg_fatigue,0.5212384426302065,583,balanced,0.02,0.026000000000000002,NA,NA,NA,NA
eta_forget,0.3,autocurriculum,learn_slope,0.0,583,balanced,0.02,0.026000000000000002,NA,NA,NA,NA
eta_forget,0.3,autocurriculum,ttm,600.0,680,balanced,0.02,0.026000000000000002,NA,NA,NA,NA
eta_forget,0.3,autocurriculum,feasible_rate,0.9366666666666666,680,balanced,0.02,0.026000000000000002,NA,NA,NA,NA
eta_forget,0.3,autocurriculum,avg_fatigue,0.5183120762975901,680,balanced,0.02,0.026000000000000002,NA,NA,NA,NA
eta_forget,0.3,autocurriculum,learn_slope,0.0,680,balanced,0.02,0.026000000000000002,NA,NA,NA,NA
eta_forget,0.3,autocurriculum,ttm,600.0,777,balanced,0.02,0.026000000000000002,NA,NA,NA,NA
eta_forget,0.3,autocurriculum,feasible_rate,0.96,777,balanced,0.02,0.026000000000000002,NA,NA,NA,NA
eta_forget,0.3,autocurriculum,avg_fatigue,0.5131845791440768,777,balanced,0.02,0.026000000000000002,NA,NA,NA,NA
eta_forget,0.3,autocurriculum,learn_slope,0.0,777,balanced,0.02,0.026000000000000002,NA,NA,NA,NA
eta_forget,0.3,autocurriculum,ttm,600.0,874,balanced,0.02,0.026000000000000002,NA,NA,NA,NA
eta_forget,0.3,autocurriculum,feasible_rate,0.9333333333333333,874,balanced,0.02,0.026000000000000002,NA,NA,NA,NA
eta_forget,0.3,autocurriculum,avg_fatigue,0.530290058458074,874,balanced,0.02,0.026000000000000002,NA,NA,NA,NA
eta_forget,0.3,autocurriculum,learn_slope,0.0,874,balanced,0.02,0.026000000000000002,NA,NA,NA,NA
gamma_f,-0.5,linucb,ttm,80.0,1,balanced,NA,NA,0.4,0.2,NA,NA
gamma_f,-0.5,linucb,feasible_rate,0.975,1,balanced,NA,NA,0.4,0.2,NA,NA
gamma_f,-0.5,linucb,avg_fatigue,0.5687749999999999,1,balanced,NA,NA,0.4,0.2,NA,NA
gamma_f,-0.5,linucb,learn_slope,0.000925925925925926,1,balanced,NA,NA,0.4,0.2,NA,NA
gamma_f,-0.5,linucb,ttm,237.0,98,balanced,NA,NA,0.4,0.2,NA,NA
gamma_f,-0.5,linucb,feasible_rate,0.9873417721518988,98,balanced,NA,NA,0.4,0.2,NA,NA
gamma_f,-0.5,linucb,avg_fatigue,0.5549933249999996,98,balanced,NA,NA,0.4,0.2,NA,NA
gamma_f,-0.5,linucb,learn_slope,0.00010637166258908627,98,balanced,NA,NA,0.4,0.2,NA,NA
gamma_f,-0.5,linucb,ttm,600.0,195,balanced,NA,NA,0.4,0.2,NA,NA
gamma_f,-0.5,linucb,feasible_rate,0.97,195,balanced,NA,NA,0.4,0.2,NA,NA
gamma_f,-0.5,linucb,avg_fatigue,0.5688623393698897,195,balanced,NA,NA,0.4,0.2,NA,NA
gamma_f,-0.5,linucb,learn_slope,0.0,195,balanced,NA,NA,0.4,0.2,NA,NA
gamma_f,-0.5,linucb,ttm,250.0,292,balanced,NA,NA,0.4,0.2,NA,NA
gamma_f,-0.5,linucb,feasible_rate,0.972,292,balanced,NA,NA,0.4,0.2,NA,NA
gamma_f,-0.5,linucb,avg_fatigue,0.5608099799999997,292,balanced,NA,NA,0.4,0.2,NA,NA
gamma_f,-0.5,linucb,learn_slope,9.561752988047807e-05,292,balanced,NA,NA,0.4,0.2,NA,NA
gamma_f,-0.5,linucb,ttm,307.0,389,balanced,NA,NA,0.4,0.2,NA,NA
gamma_f,-0.5,linucb,feasible_rate,0.9771986970684039,389,balanced,NA,NA,0.4,0.2,NA,NA
gamma_f,-0.5,linucb,avg_fatigue,0.5601318079535827,389,balanced,NA,NA,0.4,0.2,NA,NA
gamma_f,-0.5,linucb,learn_slope,6.345446084859765e-05,389,balanced,NA,NA,0.4,0.2,NA,NA
gamma_f,-0.5,linucb,ttm,158.0,486,balanced,NA,NA,0.4,0.2,NA,NA
gamma_f,-0.5,linucb,feasible_rate,0.9873417721518988,486,balanced,NA,NA,0.4,0.2,NA,NA
gamma_f,-0.5,linucb,avg_fatigue,0.5560482911392406,486,balanced,NA,NA,0.4,0.2,NA,NA
gamma_f,-0.5,linucb,learn_slope,0.0002388344877000239,486,balanced,NA,NA,0.4,0.2,NA,NA
gamma_f,-0.5,linucb,ttm,600.0,583,balanced,NA,NA,0.4,0.2,NA,NA
gamma_f,-0.5,linucb,feasible_rate,0.9783333333333333,583,balanced,NA,NA,0.4,0.2,NA,NA
gamma_f,-0.5,linucb,avg_fatigue,0.5597671783402491,583,balanced,NA,NA,0.4,0.2,NA,NA
gamma_f,-0.5,linucb,learn_slope,0.0,583,balanced,NA,NA,0.4,0.2,NA,NA
gamma_f,-0.5,linucb,ttm,59.0,680,balanced,NA,NA,0.4,0.2,NA,NA
gamma_f,-0.5,linucb,feasible_rate,0.9661016949152542,680,balanced,NA,NA,0.4,0.2,NA,NA
gamma_f,-0.5,linucb,avg_fatigue,0.555271186440678,680,balanced,NA,NA,0.4,0.2,NA,NA
gamma_f,-0.5,linucb,learn_slope,0.001694915254237288,680,balanced,NA,NA,0.4,0.2,NA,NA
gamma_f,-0.5,linucb,ttm,600.0,777,balanced,NA,NA,0.4,0.2,NA,NA
gamma_f,-0.5,linucb,feasible_rate,0.9766666666666667,777,balanced,NA,NA,0.4,0.2,NA,NA
gamma_f,-0.5,linucb,avg_fatigue,0.5640230192694276,777,balanced,NA,NA,0.4,0.2,NA,NA
gamma_f,-0.5,linucb,learn_slope,0.0,777,balanced,NA,NA,0.4,0.2,NA,NA
gamma_f,-0.5,linucb,ttm,368.0,874,balanced,NA,NA,0.4,0.2,NA,NA
gamma_f,-0.5,linucb,feasible_rate,0.9755434782608695,874,balanced,NA,NA,0.4,0.2,NA,NA
gamma_f,-0.5,linucb,avg_fatigue,0.5592469317011548,874,balanced,NA,NA,0.4,0.2,NA,NA
gamma_f,-0.5,linucb,learn_slope,4.4185224460940264e-05,874,balanced,NA,NA,0.4,0.2,NA,NA
gamma_f,-0.25,linucb,ttm,80.0,1,balanced,NA,NA,0.4,0.30000000000000004,NA,NA
gamma_f,-0.25,linucb,feasible_rate,0.9875,1,balanced,NA,NA,0.4,0.30000000000000004,NA,NA
gamma_f,-0.25,linucb,avg_fatigue,0.5698749999999999,1,balanced,NA,NA,0.4,0.30000000000000004,NA,NA
gamma_f,-0.25,linucb,learn_slope,0.000925925925925926,1,balanced,NA,NA,0.4,0.30000000000000004,NA,NA
gamma_f,-0.25,linucb,ttm,80.0,98,balanced,NA,NA,0.4,0.30000000000000004,NA,NA
gamma_f,-0.25,linucb,feasible_rate,0.9875,98,balanced,NA,NA,0.4,0.30000000000000004,NA,NA
gamma_f,-0.25,linucb,avg_fatigue,0.5609999999999998,98,balanced,NA,NA,0.4,0.30000000000000004,NA,NA
gamma_f,-0.25,linucb,learn_slope,0.000925925925925926,98,balanced,NA,NA,0.4,0.30000000000000004,NA,NA
gamma_f,-0.25,linucb,ttm,600.0,195,balanced,NA,NA,0.4,0.30000000000000004,NA,NA
gamma_f,-0.25,linucb,feasible_rate,0.9783333333333333,195,balanced,NA,NA,0.4,0.30000000000000004,NA,NA
gamma_f,-0.25,linucb,avg_fatigue,0.5658327209865565,195,balanced,NA,NA,0.4,0.30000000000000004,NA,NA
gamma_f,-0.25,linucb,learn_slope,0.0,195,balanced,NA,NA,0.4,0.30000000000000004,NA,NA
gamma_f,-0.25,linucb,ttm,239.0,292,balanced,NA,NA,0.4,0.30000000000000004,NA,NA
gamma_f,-0.25,linucb,feasible_rate,0.9707112970711297,292,balanced,NA,NA,0.4,0.30000000000000004,NA,NA
gamma_f,-0.25,linucb,avg_fatigue,0.562441612133891,292,balanced,NA,NA,0.4,0.30000000000000004,NA,NA
gamma_f,-0.25,linucb,learn_slope,0.00010460251046025105,292,balanced,NA,NA,0.4,0.30000000000000004,NA,NA
gamma_f,-0.25,linucb,ttm,406.0,389,balanced,NA,NA,0.4,0.30000000000000004,NA,NA
gamma_f,-0.25,linucb,feasible_rate,0.9802955665024631,389,balanced,NA,NA,0.4,0.30000000000000004,NA,NA
gamma_f,-0.25,linucb,avg_fatigue,0.5613896364221117,389,balanced,NA,NA,0.4,0.30000000000000004,NA,NA
gamma_f,-0.25,linucb,learn_slope,3.631038113796735e-05,389,balanced,NA,NA,0.4,0.30000000000000004,NA,NA
gamma_f,-0.25,linucb,ttm,235.0,486,balanced,NA,NA,0.4,0.30000000000000004,NA,NA
gamma_f,-0.25,linucb,feasible_rate,0.9914893617021276,486,balanced,NA,NA,0.4,0.30000000000000004,NA,NA
gamma_f,-0.25,linucb,avg_fatigue,0.5600608127659576,486,balanced,NA,NA,0.4,0.30000000000000004,NA,NA
gamma_f,-0.25,linucb,learn_slope,0.00010818608005769924,486,balanced,NA,NA,0.4,0.30000000000000004,NA,NA
gamma_f,-0.25,linucb,ttm,232.0,583,balanced,NA,NA,0.4,0.30000000000000004,NA,NA
gamma_f,-0.25,linucb,feasible_rate,0.978448275862069,583,balanced,NA,NA,0.4,0.30000000000000004,NA,NA
gamma_f,-0.25,linucb,avg_fatigue,0.5501480344827586,583,balanced,NA,NA,0.4,0.30000000000000004,NA,NA
gamma_f,-0.25,linucb,learn_slope,0.00011099600414385082,583,balanced,NA,NA,0.4,0.30000000000000004,NA,NA
gamma_f,-0.25,linucb,ttm,59.0,680,balanced,NA,NA,0.4,0.30000000000000004,NA,NA
gamma_f,-0.25,linucb,feasible_rate,0.9661016949152542,680,balanced,NA,NA,0.4,0.30000000000000004,NA,NA
gamma_f,-0.25,linucb,avg_fatigue,0.555271186440678,680,balanced,NA,NA,0.4,0.30000000000000004,NA,NA
gamma_f,-0.25,linucb,learn_slope,0.001694915254237288,680,balanced,NA,NA,0.4,0.30000000000000004,NA,NA
gamma_f,-0.25,linucb,ttm,600.0,777,balanced,NA,NA,0.4,0.30000000000000004,NA,NA
gamma_f,-0.25,linucb,feasible_rate,0.9766666666666667,777,balanced,NA,NA,0.4,0.30000000000000004,NA,NA
gamma_f,-0.25,linucb,avg_fatigue,0.5630311085334424,777,balanced,NA,NA,0.4,0.30000000000000004,NA,NA
gamma_f,-0.25,linucb,learn_slope,0.0,777,balanced,NA,NA,0.4,0.30000000000000004,NA,NA
gamma_f,-0.25,linucb,ttm,162.0,874,balanced,NA,NA,0.4,0.30000000000000004,NA,NA
gamma_f,-0.25,linucb,feasible_rate,0.9691358024691358,874,balanced,NA,NA,0.4,0.30000000000000004,NA,NA
gamma_f,-0.25,linucb,avg_fatigue,0.5611044444444443,874,balanced,NA,NA,0.4,0.30000000000000004,NA,NA
gamma_f,-0.25,linucb,learn_slope,0.00022722108611679165,874,balanced,NA,NA,0.4,0.30000000000000004,NA,NA
gamma_f,0.0,linucb,ttm,206.0,1,balanced,NA,NA,0.4,0.4,NA,NA
gamma_f,0.0,linucb,feasible_rate,0.970873786407767,1,balanced,NA,NA,0.4,0.4,NA,NA
gamma_f,0.0,linucb,avg_fatigue,0.5736449679611645,1,balanced,NA,NA,0.4,0.4,NA,NA
gamma_f,0.0,linucb,learn_slope,0.00014070634585619808,1,balanced,NA,NA,0.4,0.4,NA,NA
gamma_f,0.0,linucb,ttm,173.0,98,balanced,NA,NA,0.4,0.4,NA,NA
gamma_f,0.0,linucb,feasible_rate,0.9884393063583815,98,balanced,NA,NA,0.4,0.4,NA,NA
gamma_f,0.0,linucb,avg_fatigue,0.5447559248554913,98,balanced,NA,NA,0.4,0.4,NA,NA
gamma_f,0.0,linucb,learn_slope,0.00019932230416583617,98,balanced,NA,NA,0.4,0.4,NA,NA
gamma_f,0.0,linucb,ttm,284.0,195,balanced,NA,NA,0.4,0.4,NA,NA
gamma_f,0.0,linucb,feasible_rate,0.9859154929577465,195,balanced,NA,NA,0.4,0.4,NA,NA
gamma_f,0.0,linucb,avg_fatigue,0.5573504109295769,195,balanced,NA,NA,0.4,0.4,NA,NA
gamma_f,0.0,linucb,learn_slope,7.412898443291327e-05,195,balanced,NA,NA,0.4,0.4,NA,NA
gamma_f,0.0,linucb,ttm,485.0,292,balanced,NA,NA,0.4,0.4,NA,NA
gamma_f,0.0,linucb,feasible_rate,0.977319587628866,292,balanced,NA,NA,0.4,0.4,NA,NA
gamma_f,0.0,linucb,avg_fatigue,0.558901398416796,292,balanced,NA,NA,0.4,0.4,NA,NA
gamma_f,0.0,linucb,learn_slope,2.545500827287769e-05,292,balanced,NA,NA,0.4,0.4,NA,NA
gamma_f,0.0,linucb,ttm,266.0,389,balanced,NA,NA,0.4,0.4,NA,NA
gamma_f,0.0,linucb,feasible_rate,0.9661654135338346,389,balanced,NA,NA,0.4,0.4,NA,NA
gamma_f,0.0,linucb,avg_fatigue,0.5609910678571429,389,balanced,NA,NA,0.4,0.4,NA,NA
gamma_f,0.0,linucb,learn_slope,8.448086508405846e-05,389,balanced,NA,NA,0.4,0.4,NA,NA
gamma_f,0.0,linucb,ttm,263.0,486,balanced,NA,NA,0.4,0.4,NA,NA
gamma_f,0.0,linucb,feasible_rate,0.9847908745247148,486,balanced,NA,NA,0.4,0.4,NA,NA
gamma_f,0.0,linucb,avg_fatigue,0.5651214886882128,486,balanced,NA,NA,0.4,0.4,NA,NA
gamma_f,0.0,linucb,learn_slope,8.641548565502937e-05,486,balanced,NA,NA,0.4,0.4,NA,NA
gamma_f,0.0,linucb,ttm,600.0,583,balanced,NA,NA,0.4,0.4,NA,NA
gamma_f,0.0,linucb,feasible_rate,0.9666666666666667,583,balanced,NA,NA,0.4,0.4,NA,NA
gamma_f,0.0,linucb,avg_fatigue,0.56005259841405,583,balanced,NA,NA,0.4,0.4,NA,NA
gamma_f,0.0,linucb,learn_slope,0.0,583,balanced,NA,NA,0.4,0.4,NA,NA
gamma_f,0.0,linucb,ttm,59.0,680,balanced,NA,NA,0.4,0.4,NA,NA
gamma_f,0.0,linucb,feasible_rate,0.9661016949152542,680,balanced,NA,NA,0.4,0.4,NA,NA
gamma_f,0.0,linucb,avg_fatigue,0.555271186440678,680,balanced,NA,NA,0.4,0.4,NA,NA
gamma_f,0.0,linucb,learn_slope,0.001694915254237288,680,balanced,NA,NA,0.4,0.4,NA,NA
gamma_f,0.0,linucb,ttm,600.0,777,balanced,NA,NA,0.4,0.4,NA,NA
gamma_f,0.0,linucb,feasible_rate,0.975,777,balanced,NA,NA,0.4,0.4,NA,NA
gamma_f,0.0,linucb,avg_fatigue,0.5627816385031709,777,balanced,NA,NA,0.4,0.4,NA,NA
gamma_f,0.0,linucb,learn_slope,0.0,777,balanced,NA,NA,0.4,0.4,NA,NA
gamma_f,0.0,linucb,ttm,162.0,874,balanced,NA,NA,0.4,0.4,NA,NA
gamma_f,0.0,linucb,feasible_rate,0.9691358024691358,874,balanced,NA,NA,0.4,0.4,NA,NA
gamma_f,0.0,linucb,avg_fatigue,0.5611044444444443,874,balanced,NA,NA,0.4,0.4,NA,NA
gamma_f,0.0,linucb,learn_slope,0.00022722108611679165,874,balanced,NA,NA,0.4,0.4,NA,NA
gamma_f,0.25,linucb,ttm,76.0,1,balanced,NA,NA,0.4,0.5,NA,NA
gamma_f,0.25,linucb,feasible_rate,1.0,1,balanced,NA,NA,0.4,0.5,NA,NA
gamma_f,0.25,linucb,avg_fatigue,0.564736842105263,1,balanced,NA,NA,0.4,0.5,NA,NA
gamma_f,0.25,linucb,learn_slope,0.0010252904989747093,1,balanced,NA,NA,0.4,0.5,NA,NA
gamma_f,0.25,linucb,ttm,600.0,98,balanced,NA,NA,0.4,0.5,NA,NA
gamma_f,0.25,linucb,feasible_rate,0.9766666666666667,98,balanced,NA,NA,0.4,0.5,NA,NA
gamma_f,0.25,linucb,avg_fatigue,0.5618368053077412,98,balanced,NA,NA,0.4,0.5,NA,NA
gamma_f,0.25,linucb,learn_slope,0.0,98,balanced,NA,NA,0.4,0.5,NA,NA
gamma_f,0.25,linucb,ttm,220.0,195,balanced,NA,NA,0.4,0.5,NA,NA
gamma_f,0.25,linucb,feasible_rate,0.9681818181818181,195,balanced,NA,NA,0.4,0.5,NA,NA
gamma_f,0.25,linucb,avg_fatigue,0.5547928772727271,195,balanced,NA,NA,0.4,0.5,NA,NA
gamma_f,0.25,linucb,learn_slope,0.00012340600575894693,195,balanced,NA,NA,0.4,0.5,NA,NA
gamma_f,0.25,linucb,ttm,529.0,292,balanced,NA,NA,0.4,0.5,NA,NA
gamma_f,0.25,linucb,feasible_rate,0.9773156899810964,292,balanced,NA,NA,0.4,0.5,NA,NA
gamma_f,0.25,linucb,avg_fatigue,0.5659319923505516,292,balanced,NA,NA,0.4,0.5,NA,NA
gamma_f,0.25,linucb,learn_slope,2.1400292470663765e-05,292,balanced,NA,NA,0.4,0.5,NA,NA
gamma_f,0.25,linucb,ttm,253.0,389,balanced,NA,NA,0.4,0.5,NA,NA
gamma_f,0.25,linucb,feasible_rate,0.9683794466403162,389,balanced,NA,NA,0.4,0.5,NA,NA
gamma_f,0.25,linucb,avg_fatigue,0.5639035950592886,389,balanced,NA,NA,0.4,0.5,NA,NA
gamma_f,0.25,linucb,learn_slope,9.336777566835764e-05,389,balanced,NA,NA,0.4,0.5,NA,NA
gamma_f,0.25,linucb,ttm,293.0,486,balanced,NA,NA,0.4,0.5,NA,NA
gamma_f,0.25,linucb,feasible_rate,0.9863481228668942,486,balanced,NA,NA,0.4,0.5,NA,NA
gamma_f,0.25,linucb,avg_fatigue,0.5569146461779008,486,balanced,NA,NA,0.4,0.5,NA,NA
gamma_f,0.25,linucb,learn_slope,6.965243435258063e-05,486,balanced,NA,NA,0.4,0.5,NA,NA
gamma_f,0.25,linucb,ttm,322.0,583,balanced,NA,NA,0.4,0.5,NA,NA
gamma_f,0.25,linucb,feasible_rate,0.9720496894409938,583,balanced,NA,NA,0.4,0.5,NA,NA
gamma_f,0.25,linucb,avg_fatigue,0.5567138900667702,583,balanced,NA,NA,0.4,0.5,NA,NA
gamma_f,0.25,linucb,learn_slope,5.7688979481952964e-05,583,balanced,NA,NA,0.4,0.5,NA,NA
gamma_f,0.25,linucb,ttm,142.0,680,balanced,NA,NA,0.4,0.5,NA,NA
gamma_f,0.25,linucb,feasible_rate,0.9929577464788732,680,balanced,NA,NA,0.4,0.5,NA,NA
gamma_f,0.25,linucb,avg_fatigue,0.5486394366197181,680,balanced,NA,NA,0.4,0.5,NA,NA
gamma_f,0.25,linucb,learn_slope,0.00029547916871860535,680,balanced,NA,NA,0.4,0.5,NA,NA
gamma_f,0.25,linucb,ttm,338.0,777,balanced,NA,NA,0.4,0.5,NA,NA
gamma_f,0.25,linucb,feasible_rate,0.9822485207100592,777,balanced,NA,NA,0.4,0.5,NA,NA
gamma_f,0.25,linucb,avg_fatigue,0.5587862575207094,777,balanced,NA,NA,0.4,0.5,NA,NA
gamma_f,0.25,linucb,learn_slope,5.236424569304079e-05,777,balanced,NA,NA,0.4,0.5,NA,NA
gamma_f,0.25,linucb,ttm,233.0,874,balanced,NA,NA,0.4,0.5,NA,NA
gamma_f,0.25,linucb,feasible_rate,0.9656652360515021,874,balanced,NA,NA,0.4,0.5,NA,NA
gamma_f,0.25,linucb,avg_fatigue,0.5655422480686693,874,balanced,NA,NA,0.4,0.5,NA,NA
gamma_f,0.25,linucb,learn_slope,0.00011004732034774953,874,balanced,NA,NA,0.4,0.5,NA,NA
gamma_f,0.5,linucb,ttm,76.0,1,balanced,NA,NA,0.4,0.6000000000000001,NA,NA
gamma_f,0.5,linucb,feasible_rate,1.0,1,balanced,NA,NA,0.4,0.6000000000000001,NA,NA
gamma_f,0.5,linucb,avg_fatigue,0.5643815789473683,1,balanced,NA,NA,0.4,0.6000000000000001,NA,NA
gamma_f,0.5,linucb,learn_slope,0.0010252904989747093,1,balanced,NA,NA,0.4,0.6000000000000001,NA,NA
gamma_f,0.5,linucb,ttm,314.0,98,balanced,NA,NA,0.4,0.6000000000000001,NA,NA
gamma_f,0.5,linucb,feasible_rate,0.9840764331210191,98,balanced,NA,NA,0.4,0.6000000000000001,NA,NA
gamma_f,0.5,linucb,avg_fatigue,0.5542959354999994,98,balanced,NA,NA,0.4,0.6000000000000001,NA,NA
gamma_f,0.5,linucb,learn_slope,6.066120715802245e-05,98,balanced,NA,NA,0.4,0.6000000000000001,NA,NA
gamma_f,0.5,linucb,ttm,384.0,195,balanced,NA,NA,0.4,0.6000000000000001,NA,NA
gamma_f,0.5,linucb,feasible_rate,0.9635416666666666,195,balanced,NA,NA,0.4,0.6000000000000001,NA,NA
gamma_f,0.5,linucb,avg_fatigue,0.5579968700883069,195,balanced,NA,NA,0.4,0.6000000000000001,NA,NA
gamma_f,0.5,linucb,learn_slope,4.0584415584415584e-05,195,balanced,NA,NA,0.4,0.6000000000000001,NA,NA
gamma_f,0.5,linucb,ttm,239.0,292,balanced,NA,NA,0.4,0.6000000000000001,NA,NA
gamma_f,0.5,linucb,feasible_rate,0.9581589958158996,292,balanced,NA,NA,0.4,0.6000000000000001,NA,NA
gamma_f,0.5,linucb,avg_fatigue,0.5632866176778242,292,balanced,NA,NA,0.4,0.6000000000000001,NA,NA
gamma_f,0.5,linucb,learn_slope,0.00010460251046025105,292,balanced,NA,NA,0.4,0.6000000000000001,NA,NA
gamma_f,0.5,linucb,ttm,525.0,389,balanced,NA,NA,0.4,0.6000000000000001,NA,NA
gamma_f,0.5,linucb,feasible_rate,0.9752380952380952,389,balanced,NA,NA,0.4,0.6000000000000001,NA,NA
gamma_f,0.5,linucb,avg_fatigue,0.5613167879413326,389,balanced,NA,NA,0.4,0.6000000000000001,NA,NA
gamma_f,0.5,linucb,learn_slope,2.1727322107550245e-05,389,balanced,NA,NA,0.4,0.6000000000000001,NA,NA
gamma_f,0.5,linucb,ttm,158.0,486,balanced,NA,NA,0.4,0.6000000000000001,NA,NA
gamma_f,0.5,linucb,feasible_rate,0.9620253164556962,486,balanced,NA,NA,0.4,0.6000000000000001,NA,NA
gamma_f,0.5,linucb,avg_fatigue,0.5626216455696202,486,balanced,NA,NA,0.4,0.6000000000000001,NA,NA
gamma_f,0.5,linucb,learn_slope,0.0002388344877000239,486,balanced,NA,NA,0.4,0.6000000000000001,NA,NA
gamma_f,0.5,linucb,ttm,303.0,583,balanced,NA,NA,0.4,0.6000000000000001,NA,NA
gamma_f,0.5,linucb,feasible_rate,0.9570957095709571,583,balanced,NA,NA,0.4,0.6000000000000001,NA,NA
gamma_f,0.5,linucb,avg_fatigue,0.5559340657330858,583,balanced,NA,NA,0.4,0.6000000000000001,NA,NA
gamma_f,0.5,linucb,learn_slope,6.513809275664408e-05,583,balanced,NA,NA,0.4,0.6000000000000001,NA,NA
gamma_f,0.5,linucb,ttm,600.0,680,balanced,NA,NA,0.4,0.6000000000000001,NA,NA
gamma_f,0.5,linucb,feasible_rate,0.9883333333333333,680,balanced,NA,NA,0.4,0.6000000000000001,NA,NA
gamma_f,0.5,linucb,avg_fatigue,0.5590576299088936,680,balanced,NA,NA,0.4,0.6000000000000001,NA,NA
gamma_f,0.5,linucb,learn_slope,0.0,680,balanced,NA,NA,0.4,0.6000000000000001,NA,NA
gamma_f,0.5,linucb,ttm,435.0,777,balanced,NA,NA,0.4,0.6000000000000001,NA,NA
gamma_f,0.5,linucb,feasible_rate,0.9655172413793104,777,balanced,NA,NA,0.4,0.6000000000000001,NA,NA
gamma_f,0.5,linucb,avg_fatigue,0.571846499550538,777,balanced,NA,NA,0.4,0.6000000000000001,NA,NA
gamma_f,0.5,linucb,learn_slope,3.163555836760518e-05,777,balanced,NA,NA,0.4,0.6000000000000001,NA,NA
gamma_f,0.5,linucb,ttm,521.0,874,balanced,NA,NA,0.4,0.6000000000000001,NA,NA
gamma_f,0.5,linucb,feasible_rate,0.980806142034549,874,balanced,NA,NA,0.4,0.6000000000000001,NA,NA
gamma_f,0.5,linucb,avg_fatigue,0.5571125593021655,874,balanced,NA,NA,0.4,0.6000000000000001,NA,NA
gamma_f,0.5,linucb,learn_slope,2.2061905707415006e-05,874,balanced,NA,NA,0.4,0.6000000000000001,NA,NA
gamma_f,-0.5,thompson,ttm,90.0,1,balanced,NA,NA,0.4,0.2,NA,NA
gamma_f,-0.5,thompson,feasible_rate,0.8777777777777778,1,balanced,NA,NA,0.4,0.2,NA,NA
gamma_f,-0.5,thompson,avg_fatigue,0.5603333333333333,1,balanced,NA,NA,0.4,0.2,NA,NA
gamma_f,-0.5,thompson,learn_slope,0.0007326007326007327,1,balanced,NA,NA,0.4,0.2,NA,NA
gamma_f,-0.5,thompson,ttm,65.0,98,balanced,NA,NA,0.4,0.2,NA,NA
gamma_f,-0.5,thompson,feasible_rate,0.8923076923076922,98,balanced,NA,NA,0.4,0.2,NA,NA
gamma_f,-0.5,thompson,avg_fatigue,0.5458769230769231,98,balanced,NA,NA,0.4,0.2,NA,NA
gamma_f,-0.5,thompson,learn_slope,0.0013986013986013986,98,balanced,NA,NA,0.4,0.2,NA,NA
gamma_f,-0.5,thompson,ttm,71.0,195,balanced,NA,NA,0.4,0.2,NA,NA
gamma_f,-0.5,thompson,feasible_rate,0.9436619718309859,195,balanced,NA,NA,0.4,0.2,NA,NA
gamma_f,-0.5,thompson,avg_fatigue,0.5251690140845069,195,balanced,NA,NA,0.4,0.2,NA,NA
gamma_f,-0.5,thompson,learn_slope,0.0011737089201877935,195,balanced,NA,NA,0.4,0.2,NA,NA
gamma_f,-0.5,thompson,ttm,221.0,292,balanced,NA,NA,0.4,0.2,NA,NA
gamma_f,-0.5,thompson,feasible_rate,0.9276018099547512,292,balanced,NA,NA,0.4,0.2,NA,NA
gamma_f,-0.5,thompson,avg_fatigue,0.5470609062217192,292,balanced,NA,NA,0.4,0.2,NA,NA
gamma_f,-0.5,thompson,learn_slope,0.00012229423994129877,292,balanced,NA,NA,0.4,0.2,NA,NA
gamma_f,-0.5,thompson,ttm,33.0,389,balanced,NA,NA,0.4,0.2,NA,NA
gamma_f,-0.5,thompson,feasible_rate,0.9393939393939394,389,balanced,NA,NA,0.4,0.2,NA,NA
gamma_f,-0.5,thompson,avg_fatigue,0.5062121212121211,389,balanced,NA,NA,0.4,0.2,NA,NA
gamma_f,-0.5,thompson,learn_slope,0.0053475935828877,389,balanced,NA,NA,0.4,0.2,NA,NA
gamma_f,-0.5,thompson,ttm,171.0,486,balanced,NA,NA,0.4,0.2,NA,NA
gamma_f,-0.5,thompson,feasible_rate,0.9181286549707602,486,balanced,NA,NA,0.4,0.2,NA,NA
gamma_f,-0.5,thompson,avg_fatigue,0.5430222807017541,486,balanced,NA,NA,0.4,0.2,NA,NA
gamma_f,-0.5,thompson,learn_slope,0.0002039983680130559,486,balanced,NA,NA,0.4,0.2,NA,NA
gamma_f,-0.5,thompson,ttm,107.0,583,balanced,NA,NA,0.4,0.2,NA,NA
gamma_f,-0.5,thompson,feasible_rate,0.9626168224299065,583,balanced,NA,NA,0.4,0.2,NA,NA
gamma_f,-0.5,thompson,avg_fatigue,0.5366542056074765,583,balanced,NA,NA,0.4,0.2,NA,NA
gamma_f,-0.5,thompson,learn_slope,0.0005192107995846313,583,balanced,NA,NA,0.4,0.2,NA,NA
gamma_f,-0.5,thompson,ttm,97.0,680,balanced,NA,NA,0.4,0.2,NA,NA
gamma_f,-0.5,thompson,feasible_rate,0.8865979381443299,680,balanced,NA,NA,0.4,0.2,NA,NA
gamma_f,-0.5,thompson,avg_fatigue,0.5711752577319585,680,balanced,NA,NA,0.4,0.2,NA,NA
gamma_f,-0.5,thompson,learn_slope,0.0006311803071744162,680,balanced,NA,NA,0.4,0.2,NA,NA
gamma_f,-0.5,thompson,ttm,112.0,777,balanced,NA,NA,0.4,0.2,NA,NA
gamma_f,-0.5,thompson,feasible_rate,0.875,777,balanced,NA,NA,0.4,0.2,NA,NA
gamma_f,-0.5,thompson,avg_fatigue,0.5582142857142857,777,balanced,NA,NA,0.4,0.2,NA,NA
gamma_f,-0.5,thompson,learn_slope,0.0004740834386852086,777,balanced,NA,NA,0.4,0.2,NA,NA
gamma_f,-0.5,thompson,ttm,119.0,874,balanced,NA,NA,0.4,0.2,NA,NA
gamma_f,-0.5,thompson,feasible_rate,0.907563025210084,874,balanced,NA,NA,0.4,0.2,NA,NA
gamma_f,-0.5,thompson,avg_fatigue,0.5629327731092435,874,balanced,NA,NA,0.4,0.2,NA,NA
gamma_f,-0.5,thompson,learn_slope,0.0004201680672268908,874,balanced,NA,NA,0.4,0.2,NA,NA
gamma_f,-0.25,thompson,ttm,135.0,1,balanced,NA,NA,0.4,0.30000000000000004,NA,NA
gamma_f,-0.25,thompson,feasible_rate,0.8888888888888888,1,balanced,NA,NA,0.4,0.30000000000000004,NA,NA
gamma_f,-0.25,thompson,avg_fatigue,0.5596225925925924,1,balanced,NA,NA,0.4,0.30000000000000004,NA,NA
gamma_f,-0.25,thompson,learn_slope,0.000326797385620915,1,balanced,NA,NA,0.4,0.30000000000000004,NA,NA
gamma_f,-0.25,thompson,ttm,31.0,98,balanced,NA,NA,0.4,0.30000000000000004,NA,NA
gamma_f,-0.25,thompson,feasible_rate,0.967741935483871,98,balanced,NA,NA,0.4,0.30000000000000004,NA,NA
gamma_f,-0.25,thompson,avg_fatigue,0.44367741935483873,98,balanced,NA,NA,0.4,0.30000000000000004,NA,NA
gamma_f,-0.25,thompson,learn_slope,0.0060483870967741925,98,balanced,NA,NA,0.4,0.30000000000000004,NA,NA
gamma_f,-0.25,thompson,ttm,150.0,195,balanced,NA,NA,0.4,0.30000000000000004,NA,NA
gamma_f,-0.25,thompson,feasible_rate,0.94,195,balanced,NA,NA,0.4,0.30000000000000004,NA,NA
gamma_f,-0.25,thompson,avg_fatigue,0.5289816666666664,195,balanced,NA,NA,0.4,0.30000000000000004,NA,NA
gamma_f,-0.25,thompson,learn_slope,0.00026490066225165563,195,balanced,NA,NA,0.4,0.30000000000000004,NA,NA
gamma_f,-0.25,thompson,ttm,74.0,292,balanced,NA,NA,0.4,0.30000000000000004,NA,NA
gamma_f,-0.25,thompson,feasible_rate,0.8648648648648649,292,balanced,NA,NA,0.4,0.30000000000000004,NA,NA
gamma_f,-0.25,thompson,avg_fatigue,0.5363378378378378,292,balanced,NA,NA,0.4,0.30000000000000004,NA,NA
gamma_f,-0.25,thompson,learn_slope,0.001081081081081081,292,balanced,NA,NA,0.4,0.30000000000000004,NA,NA
gamma_f,-0.25,thompson,ttm,48.0,389,balanced,NA,NA,0.4,0.30000000000000004,NA,NA
gamma_f,-0.25,thompson,feasible_rate,0.9375,389,balanced,NA,NA,0.4,0.30000000000000004,NA,NA
gamma_f,-0.25,thompson,avg_fatigue,0.5003124999999999,389,balanced,NA,NA,0.4,0.30000000000000004,NA,NA
gamma_f,-0.25,thompson,learn_slope,0.002551020408163265,389,balanced,NA,NA,0.4,0.30000000000000004,NA,NA
gamma_f,-0.25,thompson,ttm,119.0,486,balanced,NA,NA,0.4,0.30000000000000004,NA,NA
gamma_f,-0.25,thompson,feasible_rate,0.8571428571428572,486,balanced,NA,NA,0.4,0.30000000000000004,NA,NA
gamma_f,-0.25,thompson,avg_fatigue,0.5713277310924371,486,balanced,NA,NA,0.4,0.30000000000000004,NA,NA
gamma_f,-0.25,thompson,learn_slope,0.0004201680672268908,486,balanced,NA,NA,0.4,0.30000000000000004,NA,NA
gamma_f,-0.25,thompson,ttm,360.0,583,balanced,NA,NA,0.4,0.30000000000000004,NA,NA
gamma_f,-0.25,thompson,feasible_rate,0.9194444444444444,583,balanced,NA,NA,0.4,0.30000000000000004,NA,NA
gamma_f,-0.25,thompson,avg_fatigue,0.5491850809444442,583,balanced,NA,NA,0.4,0.30000000000000004,NA,NA
gamma_f,-0.25,thompson,learn_slope,4.6168051708217924e-05,583,balanced,NA,NA,0.4,0.30000000000000004,NA,NA
gamma_f,-0.25,thompson,ttm,58.0,680,balanced,NA,NA,0.4,0.30000000000000004,NA,NA
gamma_f,-0.25,thompson,feasible_rate,0.9137931034482758,680,balanced,NA,NA,0.4,0.30000000000000004,NA,NA
gamma_f,-0.25,thompson,avg_fatigue,0.551655172413793,680,balanced,NA,NA,0.4,0.30000000000000004,NA,NA
gamma_f,-0.25,thompson,learn_slope,0.0017533606078316772,680,balanced,NA,NA,0.4,0.30000000000000004,NA,NA
gamma_f,-0.25,thompson,ttm,317.0,777,balanced,NA,NA,0.4,0.30000000000000004,NA,NA
gamma_f,-0.25,thompson,feasible_rate,0.9148264984227129,777,balanced,NA,NA,0.4,0.30000000000000004,NA,NA
gamma_f,-0.25,thompson,avg_fatigue,0.5536576847452679,777,balanced,NA,NA,0.4,0.30000000000000004,NA,NA
gamma_f,-0.25,thompson,learn_slope,5.95202666507946e-05,777,balanced,NA,NA,0.4,0.30000000000000004,NA,NA
gamma_f,-0.25,thompson,ttm,59.0,874,balanced,NA,NA,0.4,0.30000000000000004,NA,NA
gamma_f,-0.25,thompson,feasible_rate,0.864406779661017,874,balanced,NA,NA,0.4,0.30000000000000004,NA,NA
gamma_f,-0.25,thompson,avg_fatigue,0.573915254237288,874,balanced,NA,NA,0.4,0.30000000000000004,NA,NA
gamma_f,-0.25,thompson,learn_slope,0.001694915254237288,874,balanced,NA,NA,0.4,0.30000000000000004,NA,NA
gamma_f,0.0,thompson,ttm,93.0,1,balanced,NA,NA,0.4,0.4,NA,NA
gamma_f,0.0,thompson,feasible_rate,0.946236559139785,1,balanced,NA,NA,0.4,0.4,NA,NA
gamma_f,0.0,thompson,avg_fatigue,0.5299354838709678,1,balanced,NA,NA,0.4,0.4,NA,NA
gamma_f,0.0,thompson,learn_slope,0.0006863417982155113,1,balanced,NA,NA,0.4,0.4,NA,NA
gamma_f,0.0,thompson,ttm,257.0,98,balanced,NA,NA,0.4,0.4,NA,NA
gamma_f,0.0,thompson,feasible_rate,0.8910505836575875,98,balanced,NA,NA,0.4,0.4,NA,NA
gamma_f,0.0,thompson,avg_fatigue,0.5626572341439686,98,balanced,NA,NA,0.4,0.4,NA,NA
gamma_f,0.0,thompson,learn_slope,9.04895484571532e-05,98,balanced,NA,NA,0.4,0.4,NA,NA
gamma_f,0.0,thompson,ttm,245.0,195,balanced,NA,NA,0.4,0.4,NA,NA
gamma_f,0.0,thompson,feasible_rate,0.9102040816326531,195,balanced,NA,NA,0.4,0.4,NA,NA
gamma_f,0.0,thompson,avg_fatigue,0.5501303760204084,195,balanced,NA,NA,0.4,0.4,NA,NA
gamma_f,0.0,thompson,learn_slope,9.955201592832254e-05,195,balanced,NA,NA,0.4,0.4,NA,NA
gamma_f,0.0,thompson,ttm,346.0,292,balanced,NA,NA,0.4,0.4,NA,NA
gamma_f,0.0,thompson,feasible_rate,0.8901734104046243,292,balanced,NA,NA,0.4,0.4,NA,NA
gamma_f,0.0,thompson,avg_fatigue,0.5661424402615606,292,balanced,NA,NA,0.4,0.4,NA,NA
gamma_f,0.0,thompson,learn_slope,4.997418000699638e-05,292,balanced,NA,NA,0.4,0.4,NA,NA
gamma_f,0.0,thompson,ttm,149.0,389,balanced,NA,NA,0.4,0.4,NA,NA
gamma_f,0.0,thompson,feasible_rate,0.8926174496644296,389,balanced,NA,NA,0.4,0.4,NA,NA
gamma_f,0.0,thompson,avg_fatigue,0.572317718120805,389,balanced,NA,NA,0.4,0.4,NA,NA
gamma_f,0.0,thompson,learn_slope,0.00026845637583892615,389,balanced,NA,NA,0.4,0.4,NA,NA
gamma_f,0.0,thompson,ttm,134.0,486,balanced,NA,NA,0.4,0.4,NA,NA
gamma_f,0.0,thompson,feasible_rate,0.8805970149253731,486,balanced,NA,NA,0.4,0.4,NA,NA
gamma_f,0.0,thompson,avg_fatigue,0.566713134328358,486,balanced,NA,NA,0.4,0.4,NA,NA
gamma_f,0.0,thompson,learn_slope,0.0003316749585406301,486,balanced,NA,NA,0.4,0.4,NA,NA
gamma_f,0.0,thompson,ttm,72.0,583,balanced,NA,NA,0.4,0.4,NA,NA
gamma_f,0.0,thompson,feasible_rate,0.9027777777777778,583,balanced,NA,NA,0.4,0.4,NA,NA
gamma_f,0.0,thompson,avg_fatigue,0.5559583333333332,583,balanced,NA,NA,0.4,0.4,NA,NA
gamma_f,0.0,thompson,learn_slope,0.001141552511415525,583,balanced,NA,NA,0.4,0.4,NA,NA
gamma_f,0.0,thompson,ttm,95.0,680,balanced,NA,NA,0.4,0.4,NA,NA
gamma_f,0.0,thompson,feasible_rate,0.9157894736842105,680,balanced,NA,NA,0.4,0.4,NA,NA
gamma_f,0.0,thompson,avg_fatigue,0.5641578947368419,680,balanced,NA,NA,0.4,0.4,NA,NA
gamma_f,0.0,thompson,learn_slope,0.0006578947368421052,680,balanced,NA,NA,0.4,0.4,NA,NA
gamma_f,0.0,thompson,ttm,141.0,777,balanced,NA,NA,0.4,0.4,NA,NA
gamma_f,0.0,thompson,feasible_rate,0.9361702127659575,777,balanced,NA,NA,0.4,0.4,NA,NA
gamma_f,0.0,thompson,avg_fatigue,0.5255294680851063,777,balanced,NA,NA,0.4,0.4,NA,NA
gamma_f,0.0,thompson,learn_slope,0.00029967036260113877,777,balanced,NA,NA,0.4,0.4,NA,NA
gamma_f,0.0,thompson,ttm,67.0,874,balanced,NA,NA,0.4,0.4,NA,NA
gamma_f,0.0,thompson,feasible_rate,0.9253731343283582,874,balanced,NA,NA,0.4,0.4,NA,NA
gamma_f,0.0,thompson,avg_fatigue,0.5394328358208955,874,balanced,NA,NA,0.4,0.4,NA,NA
gamma_f,0.0,thompson,learn_slope,0.0013169446883230904,874,balanced,NA,NA,0.4,0.4,NA,NA
gamma_f,0.25,thompson,ttm,41.0,1,balanced,NA,NA,0.4,0.5,NA,NA
gamma_f,0.25,thompson,feasible_rate,0.9024390243902439,1,balanced,NA,NA,0.4,0.5,NA,NA
gamma_f,0.25,thompson,avg_fatigue,0.5233414634146341,1,balanced,NA,NA,0.4,0.5,NA,NA
gamma_f,0.25,thompson,learn_slope,0.003484320557491289,1,balanced,NA,NA,0.4,0.5,NA,NA
gamma_f,0.25,thompson,ttm,110.0,98,balanced,NA,NA,0.4,0.5,NA,NA
gamma_f,0.25,thompson,feasible_rate,0.9272727272727272,98,balanced,NA,NA,0.4,0.5,NA,NA
gamma_f,0.25,thompson,avg_fatigue,0.5559636363636361,98,balanced,NA,NA,0.4,0.5,NA,NA
gamma_f,0.25,thompson,learn_slope,0.0004914004914004914,98,balanced,NA,NA,0.4,0.5,NA,NA
gamma_f,0.25,thompson,ttm,66.0,195,balanced,NA,NA,0.4,0.5,NA,NA
gamma_f,0.25,thompson,feasible_rate,0.9090909090909091,195,balanced,NA,NA,0.4,0.5,NA,NA
gamma_f,0.25,thompson,avg_fatigue,0.5233484848484848,195,balanced,NA,NA,0.4,0.5,NA,NA
gamma_f,0.25,thompson,learn_slope,0.0013568521031207597,195,balanced,NA,NA,0.4,0.5,NA,NA
gamma_f,0.25,thompson,ttm,166.0,292,balanced,NA,NA,0.4,0.5,NA,NA
gamma_f,0.25,thompson,feasible_rate,0.8734939759036144,292,balanced,NA,NA,0.4,0.5,NA,NA
gamma_f,0.25,thompson,avg_fatigue,0.5651298192771083,292,balanced,NA,NA,0.4,0.5,NA,NA
gamma_f,0.25,thompson,learn_slope,0.00021643460067816175,292,balanced,NA,NA,0.4,0.5,NA,NA
gamma_f,0.25,thompson,ttm,84.0,389,balanced,NA,NA,0.4,0.5,NA,NA
gamma_f,0.25,thompson,feasible_rate,0.9761904761904762,389,balanced,NA,NA,0.4,0.5,NA,NA
gamma_f,0.25,thompson,avg_fatigue,0.5312499999999998,389,balanced,NA,NA,0.4,0.5,NA,NA
gamma_f,0.25,thompson,learn_slope,0.0008403361344537816,389,balanced,NA,NA,0.4,0.5,NA,NA
gamma_f,0.25,thompson,ttm,57.0,486,balanced,NA,NA,0.4,0.5,NA,NA
gamma_f,0.25,thompson,feasible_rate,0.9122807017543859,486,balanced,NA,NA,0.4,0.5,NA,NA
gamma_f,0.25,thompson,avg_fatigue,0.525701754385965,486,balanced,NA,NA,0.4,0.5,NA,NA
gamma_f,0.25,thompson,learn_slope,0.0018148820326678765,486,balanced,NA,NA,0.4,0.5,NA,NA
gamma_f,0.25,thompson,ttm,207.0,583,balanced,NA,NA,0.4,0.5,NA,NA
gamma_f,0.25,thompson,feasible_rate,0.8840579710144928,583,balanced,NA,NA,0.4,0.5,NA,NA
gamma_f,0.25,thompson,avg_fatigue,0.5604064396135265,583,balanced,NA,NA,0.4,0.5,NA,NA
gamma_f,0.25,thompson,learn_slope,0.00013935340022296544,583,balanced,NA,NA,0.4,0.5,NA,NA
gamma_f,0.25,thompson,ttm,93.0,680,balanced,NA,NA,0.4,0.5,NA,NA
gamma_f,0.25,thompson,feasible_rate,0.8817204301075269,680,balanced,NA,NA,0.4,0.5,NA,NA
gamma_f,0.25,thompson,avg_fatigue,0.552483870967742,680,balanced,NA,NA,0.4,0.5,NA,NA
gamma_f,0.25,thompson,learn_slope,0.0006863417982155113,680,balanced,NA,NA,0.4,0.5,NA,NA
gamma_f,0.25,thompson,ttm,92.0,777,balanced,NA,NA,0.4,0.5,NA,NA
gamma_f,0.25,thompson,feasible_rate,0.8913043478260869,777,balanced,NA,NA,0.4,0.5,NA,NA
gamma_f,0.25,thompson,avg_fatigue,0.5644347826086953,777,balanced,NA,NA,0.4,0.5,NA,NA
gamma_f,0.25,thompson,learn_slope,0.0007012622720897616,777,balanced,NA,NA,0.4,0.5,NA,NA
gamma_f,0.25,thompson,ttm,85.0,874,balanced,NA,NA,0.4,0.5,NA,NA
gamma_f,0.25,thompson,feasible_rate,0.8470588235294118,874,balanced,NA,NA,0.4,0.5,NA,NA
gamma_f,0.25,thompson,avg_fatigue,0.5743411764705881,874,balanced,NA,NA,0.4,0.5,NA,NA
gamma_f,0.25,thompson,learn_slope,0.0008207934336525308,874,balanced,NA,NA,0.4,0.5,NA,NA
gamma_f,0.5,thompson,ttm,239.0,1,balanced,NA,NA,0.4,0.6000000000000001,NA,NA
gamma_f,0.5,thompson,feasible_rate,0.9079497907949791,1,balanced,NA,NA,0.4,0.6000000000000001,NA,NA
gamma_f,0.5,thompson,avg_fatigue,0.5666807823221754,1,balanced,NA,NA,0.4,0.6000000000000001,NA,NA
gamma_f,0.5,thompson,learn_slope,0.00010460251046025105,1,balanced,NA,NA,0.4,0.6000000000000001,NA,NA
gamma_f,0.5,thompson,ttm,161.0,98,balanced,NA,NA,0.4,0.6000000000000001,NA,NA
gamma_f,0.5,thompson,feasible_rate,0.906832298136646,98,balanced,NA,NA,0.4,0.6000000000000001,NA,NA
gamma_f,0.5,thompson,avg_fatigue,0.5454463975155277,98,balanced,NA,NA,0.4,0.6000000000000001,NA,NA
gamma_f,0.5,thompson,learn_slope,0.00023004370830457787,98,balanced,NA,NA,0.4,0.6000000000000001,NA,NA
gamma_f,0.5,thompson,ttm,87.0,195,balanced,NA,NA,0.4,0.6000000000000001,NA,NA
gamma_f,0.5,thompson,feasible_rate,0.9425287356321839,195,balanced,NA,NA,0.4,0.6000000000000001,NA,NA
gamma_f,0.5,thompson,avg_fatigue,0.5169540229885056,195,balanced,NA,NA,0.4,0.6000000000000001,NA,NA
gamma_f,0.5,thompson,learn_slope,0.0007836990595611285,195,balanced,NA,NA,0.4,0.6000000000000001,NA,NA
gamma_f,0.5,thompson,ttm,68.0,292,balanced,NA,NA,0.4,0.6000000000000001,NA,NA
gamma_f,0.5,thompson,feasible_rate,0.8970588235294118,292,balanced,NA,NA,0.4,0.6000000000000001,NA,NA
gamma_f,0.5,thompson,avg_fatigue,0.5529264705882352,292,balanced,NA,NA,0.4,0.6000000000000001,NA,NA
gamma_f,0.5,thompson,learn_slope,0.0012787723785166241,292,balanced,NA,NA,0.4,0.6000000000000001,NA,NA
gamma_f,0.5,thompson,ttm,68.0,389,balanced,NA,NA,0.4,0.6000000000000001,NA,NA
gamma_f,0.5,thompson,feasible_rate,0.9264705882352942,389,balanced,NA,NA,0.4,0.6000000000000001,NA,NA
gamma_f,0.5,thompson,avg_fatigue,0.5553088235294116,389,balanced,NA,NA,0.4,0.6000000000000001,NA,NA
gamma_f,0.5,thompson,learn_slope,0.0012787723785166241,389,balanced,NA,NA,0.4,0.6000000000000001,NA,NA
gamma_f,0.5,thompson,ttm,222.0,486,balanced,NA,NA,0.4,0.6000000000000001,NA,NA
gamma_f,0.5,thompson,feasible_rate,0.9324324324324325,486,balanced,NA,NA,0.4,0.6000000000000001,NA,NA
gamma_f,0.5,thompson,avg_fatigue,0.531783098198198,486,balanced,NA,NA,0.4,0.6000000000000001,NA,NA
gamma_f,0.5,thompson,learn_slope,0.00012119743061447099,486,balanced,NA,NA,0.4,0.6000000000000001,NA,NA
gamma_f,0.5,thompson,ttm,125.0,583,balanced,NA,NA,0.4,0.6000000000000001,NA,NA
gamma_f,0.5,thompson,feasible_rate,0.928,583,balanced,NA,NA,0.4,0.6000000000000001,NA,NA
gamma_f,0.5,thompson,avg_fatigue,0.5307476,583,balanced,NA,NA,0.4,0.6000000000000001,NA,NA
gamma_f,0.5,thompson,learn_slope,0.00038095238095238096,583,balanced,NA,NA,0.4,0.6000000000000001,NA,NA
gamma_f,0.5,thompson,ttm,62.0,680,balanced,NA,NA,0.4,0.6000000000000001,NA,NA
gamma_f,0.5,thompson,feasible_rate,0.9516129032258065,680,balanced,NA,NA,0.4,0.6000000000000001,NA,NA
gamma_f,0.5,thompson,avg_fatigue,0.5103064516129031,680,balanced,NA,NA,0.4,0.6000000000000001,NA,NA
gamma_f,0.5,thompson,learn_slope,0.0015360983102918587,680,balanced,NA,NA,0.4,0.6000000000000001,NA,NA
gamma_f,0.5,thompson,ttm,87.0,777,balanced,NA,NA,0.4,0.6000000000000001,NA,NA
gamma_f,0.5,thompson,feasible_rate,0.9195402298850575,777,balanced,NA,NA,0.4,0.6000000000000001,NA,NA
gamma_f,0.5,thompson,avg_fatigue,0.5515402298850572,777,balanced,NA,NA,0.4,0.6000000000000001,NA,NA
gamma_f,0.5,thompson,learn_slope,0.0007836990595611285,777,balanced,NA,NA,0.4,0.6000000000000001,NA,NA
gamma_f,0.5,thompson,ttm,52.0,874,balanced,NA,NA,0.4,0.6000000000000001,NA,NA
gamma_f,0.5,thompson,feasible_rate,0.8653846153846154,874,balanced,NA,NA,0.4,0.6000000000000001,NA,NA
gamma_f,0.5,thompson,avg_fatigue,0.5783653846153846,874,balanced,NA,NA,0.4,0.6000000000000001,NA,NA
gamma_f,0.5,thompson,learn_slope,0.0021770682148040637,874,balanced,NA,NA,0.4,0.6000000000000001,NA,NA
gamma_f,-0.5,pianoMPC,ttm,29.0,1,balanced,NA,NA,0.4,0.2,NA,NA
gamma_f,-0.5,pianoMPC,feasible_rate,0.896551724137931,1,balanced,NA,NA,0.4,0.2,NA,NA
gamma_f,-0.5,pianoMPC,avg_fatigue,0.53648275862069,1,balanced,NA,NA,0.4,0.2,NA,NA
gamma_f,-0.5,pianoMPC,learn_slope,0.006896551724137931,1,balanced,NA,NA,0.4,0.2,NA,NA
gamma_f,-0.5,pianoMPC,ttm,56.0,98,balanced,NA,NA,0.4,0.2,NA,NA
gamma_f,-0.5,pianoMPC,feasible_rate,0.9285714285714286,98,balanced,NA,NA,0.4,0.2,NA,NA
gamma_f,-0.5,pianoMPC,avg_fatigue,0.5720714285714295,98,balanced,NA,NA,0.4,0.2,NA,NA
gamma_f,-0.5,pianoMPC,learn_slope,0.0018796992481203004,98,balanced,NA,NA,0.4,0.2,NA,NA
gamma_f,-0.5,pianoMPC,ttm,29.0,195,balanced,NA,NA,0.4,0.2,NA,NA
gamma_f,-0.5,pianoMPC,feasible_rate,0.8275862068965517,195,balanced,NA,NA,0.4,0.2,NA,NA
gamma_f,-0.5,pianoMPC,avg_fatigue,0.5428275862068968,195,balanced,NA,NA,0.4,0.2,NA,NA
gamma_f,-0.5,pianoMPC,learn_slope,0.006896551724137931,195,balanced,NA,NA,0.4,0.2,NA,NA
gamma_f,-0.5,pianoMPC,ttm,57.0,292,balanced,NA,NA,0.4,0.2,NA,NA
gamma_f,-0.5,pianoMPC,feasible_rate,0.8421052631578947,292,balanced,NA,NA,0.4,0.2,NA,NA
gamma_f,-0.5,pianoMPC,avg_fatigue,0.5921403508771936,292,balanced,NA,NA,0.4,0.2,NA,NA
gamma_f,-0.5,pianoMPC,learn_slope,0.0018148820326678765,292,balanced,NA,NA,0.4,0.2,NA,NA
gamma_f,-0.5,pianoMPC,ttm,41.0,389,balanced,NA,NA,0.4,0.2,NA,NA
gamma_f,-0.5,pianoMPC,feasible_rate,0.8536585365853658,389,balanced,NA,NA,0.4,0.2,NA,NA
gamma_f,-0.5,pianoMPC,avg_fatigue,0.5744878048780494,389,balanced,NA,NA,0.4,0.2,NA,NA
gamma_f,-0.5,pianoMPC,learn_slope,0.003484320557491289,389,balanced,NA,NA,0.4,0.2,NA,NA
gamma_f,-0.5,pianoMPC,ttm,40.0,486,balanced,NA,NA,0.4,0.2,NA,NA
gamma_f,-0.5,pianoMPC,feasible_rate,0.85,486,balanced,NA,NA,0.4,0.2,NA,NA
gamma_f,-0.5,pianoMPC,avg_fatigue,0.5795500000000006,486,balanced,NA,NA,0.4,0.2,NA,NA
gamma_f,-0.5,pianoMPC,learn_slope,0.003658536585365854,486,balanced,NA,NA,0.4,0.2,NA,NA
gamma_f,-0.5,pianoMPC,ttm,29.0,583,balanced,NA,NA,0.4,0.2,NA,NA
gamma_f,-0.5,pianoMPC,feasible_rate,0.896551724137931,583,balanced,NA,NA,0.4,0.2,NA,NA
gamma_f,-0.5,pianoMPC,avg_fatigue,0.5331724137931038,583,balanced,NA,NA,0.4,0.2,NA,NA
gamma_f,-0.5,pianoMPC,learn_slope,0.006896551724137931,583,balanced,NA,NA,0.4,0.2,NA,NA
gamma_f,-0.5,pianoMPC,ttm,50.0,680,balanced,NA,NA,0.4,0.2,NA,NA
gamma_f,-0.5,pianoMPC,feasible_rate,0.94,680,balanced,NA,NA,0.4,0.2,NA,NA
gamma_f,-0.5,pianoMPC,avg_fatigue,0.5557200000000007,680,balanced,NA,NA,0.4,0.2,NA,NA
gamma_f,-0.5,pianoMPC,learn_slope,0.002352941176470588,680,balanced,NA,NA,0.4,0.2,NA,NA
gamma_f,-0.5,pianoMPC,ttm,62.0,777,balanced,NA,NA,0.4,0.2,NA,NA
gamma_f,-0.5,pianoMPC,feasible_rate,0.9032258064516129,777,balanced,NA,NA,0.4,0.2,NA,NA
gamma_f,-0.5,pianoMPC,avg_fatigue,0.5724838709677429,777,balanced,NA,NA,0.4,0.2,NA,NA
gamma_f,-0.5,pianoMPC,learn_slope,0.0015360983102918587,777,balanced,NA,NA,0.4,0.2,NA,NA
gamma_f,-0.5,pianoMPC,ttm,29.0,874,balanced,NA,NA,0.4,0.2,NA,NA
gamma_f,-0.5,pianoMPC,feasible_rate,0.8620689655172413,874,balanced,NA,NA,0.4,0.2,NA,NA
gamma_f,-0.5,pianoMPC,avg_fatigue,0.5436551724137935,874,balanced,NA,NA,0.4,0.2,NA,NA
gamma_f,-0.5,pianoMPC,learn_slope,0.006896551724137931,874,balanced,NA,NA,0.4,0.2,NA,NA
gamma_f,-0.25,pianoMPC,ttm,29.0,1,balanced,NA,NA,0.4,0.30000000000000004,NA,NA
gamma_f,-0.25,pianoMPC,feasible_rate,0.896551724137931,1,balanced,NA,NA,0.4,0.30000000000000004,NA,NA
gamma_f,-0.25,pianoMPC,avg_fatigue,0.53648275862069,1,balanced,NA,NA,0.4,0.30000000000000004,NA,NA
gamma_f,-0.25,pianoMPC,learn_slope,0.006896551724137931,1,balanced,NA,NA,0.4,0.30000000000000004,NA,NA
gamma_f,-0.25,pianoMPC,ttm,56.0,98,balanced,NA,NA,0.4,0.30000000000000004,NA,NA
gamma_f,-0.25,pianoMPC,feasible_rate,0.9285714285714286,98,balanced,NA,NA,0.4,0.30000000000000004,NA,NA
gamma_f,-0.25,pianoMPC,avg_fatigue,0.5720714285714295,98,balanced,NA,NA,0.4,0.30000000000000004,NA,NA
gamma_f,-0.25,pianoMPC,learn_slope,0.0018796992481203004,98,balanced,NA,NA,0.4,0.30000000000000004,NA,NA
gamma_f,-0.25,pianoMPC,ttm,35.0,195,balanced,NA,NA,0.4,0.30000000000000004,NA,NA
gamma_f,-0.25,pianoMPC,feasible_rate,0.8285714285714285,195,balanced,NA,NA,0.4,0.30000000000000004,NA,NA
gamma_f,-0.25,pianoMPC,avg_fatigue,0.5624000000000005,195,balanced,NA,NA,0.4,0.30000000000000004,NA,NA
gamma_f,-0.25,pianoMPC,learn_slope,0.004761904761904761,195,balanced,NA,NA,0.4,0.30000000000000004,NA,NA
gamma_f,-0.25,pianoMPC,ttm,57.0,292,balanced,NA,NA,0.4,0.30000000000000004,NA,NA
gamma_f,-0.25,pianoMPC,feasible_rate,0.8421052631578947,292,balanced,NA,NA,0.4,0.30000000000000004,NA,NA
gamma_f,-0.25,pianoMPC,avg_fatigue,0.5921403508771936,292,balanced,NA,NA,0.4,0.30000000000000004,NA,NA
gamma_f,-0.25,pianoMPC,learn_slope,0.0018148820326678765,292,balanced,NA,NA,0.4,0.30000000000000004,NA,NA
gamma_f,-0.25,pianoMPC,ttm,41.0,389,balanced,NA,NA,0.4,0.30000000000000004,NA,NA
gamma_f,-0.25,pianoMPC,feasible_rate,0.8536585365853658,389,balanced,NA,NA,0.4,0.30000000000000004,NA,NA
gamma_f,-0.25,pianoMPC,avg_fatigue,0.5744878048780494,389,balanced,NA,NA,0.4,0.30000000000000004,NA,NA
gamma_f,-0.25,pianoMPC,learn_slope,0.003484320557491289,389,balanced,NA,NA,0.4,0.30000000000000004,NA,NA
gamma_f,-0.25,pianoMPC,ttm,40.0,486,balanced,NA,NA,0.4,0.30000000000000004,NA,NA
gamma_f,-0.25,pianoMPC,feasible_rate,0.85,486,balanced,NA,NA,0.4,0.30000000000000004,NA,NA
gamma_f,-0.25,pianoMPC,avg_fatigue,0.5795500000000006,486,balanced,NA,NA,0.4,0.30000000000000004,NA,NA
gamma_f,-0.25,pianoMPC,learn_slope,0.003658536585365854,486,balanced,NA,NA,0.4,0.30000000000000004,NA,NA
gamma_f,-0.25,pianoMPC,ttm,29.0,583,balanced,NA,NA,0.4,0.30000000000000004,NA,NA
gamma_f,-0.25,pianoMPC,feasible_rate,0.896551724137931,583,balanced,NA,NA,0.4,0.30000000000000004,NA,NA
gamma_f,-0.25,pianoMPC,avg_fatigue,0.5331724137931038,583,balanced,NA,NA,0.4,0.30000000000000004,NA,NA
gamma_f,-0.25,pianoMPC,learn_slope,0.006896551724137931,583,balanced,NA,NA,0.4,0.30000000000000004,NA,NA
gamma_f,-0.25,pianoMPC,ttm,50.0,680,balanced,NA,NA,0.4,0.30000000000000004,NA,NA
gamma_f,-0.25,pianoMPC,feasible_rate,0.94,680,balanced,NA,NA,0.4,0.30000000000000004,NA,NA
gamma_f,-0.25,pianoMPC,avg_fatigue,0.5557200000000007,680,balanced,NA,NA,0.4,0.30000000000000004,NA,NA
gamma_f,-0.25,pianoMPC,learn_slope,0.002352941176470588,680,balanced,NA,NA,0.4,0.30000000000000004,NA,NA
gamma_f,-0.25,pianoMPC,ttm,62.0,777,balanced,NA,NA,0.4,0.30000000000000004,NA,NA
gamma_f,-0.25,pianoMPC,feasible_rate,0.9032258064516129,777,balanced,NA,NA,0.4,0.30000000000000004,NA,NA
gamma_f,-0.25,pianoMPC,avg_fatigue,0.5724838709677429,777,balanced,NA,NA,0.4,0.30000000000000004,NA,NA
gamma_f,-0.25,pianoMPC,learn_slope,0.0015360983102918587,777,balanced,NA,NA,0.4,0.30000000000000004,NA,NA
gamma_f,-0.25,pianoMPC,ttm,29.0,874,balanced,NA,NA,0.4,0.30000000000000004,NA,NA
gamma_f,-0.25,pianoMPC,feasible_rate,0.8620689655172413,874,balanced,NA,NA,0.4,0.30000000000000004,NA,NA
gamma_f,-0.25,pianoMPC,avg_fatigue,0.5436551724137935,874,balanced,NA,NA,0.4,0.30000000000000004,NA,NA
gamma_f,-0.25,pianoMPC,learn_slope,0.006896551724137931,874,balanced,NA,NA,0.4,0.30000000000000004,NA,NA
gamma_f,0.0,pianoMPC,ttm,29.0,1,balanced,NA,NA,0.4,0.4,NA,NA
gamma_f,0.0,pianoMPC,feasible_rate,0.896551724137931,1,balanced,NA,NA,0.4,0.4,NA,NA
gamma_f,0.0,pianoMPC,avg_fatigue,0.53648275862069,1,balanced,NA,NA,0.4,0.4,NA,NA
gamma_f,0.0,pianoMPC,learn_slope,0.006896551724137931,1,balanced,NA,NA,0.4,0.4,NA,NA
gamma_f,0.0,pianoMPC,ttm,56.0,98,balanced,NA,NA,0.4,0.4,NA,NA
gamma_f,0.0,pianoMPC,feasible_rate,0.9285714285714286,98,balanced,NA,NA,0.4,0.4,NA,NA
gamma_f,0.0,pianoMPC,avg_fatigue,0.5720714285714295,98,balanced,NA,NA,0.4,0.4,NA,NA
gamma_f,0.0,pianoMPC,learn_slope,0.0018796992481203004,98,balanced,NA,NA,0.4,0.4,NA,NA
gamma_f,0.0,pianoMPC,ttm,35.0,195,balanced,NA,NA,0.4,0.4,NA,NA
gamma_f,0.0,pianoMPC,feasible_rate,0.8285714285714285,195,balanced,NA,NA,0.4,0.4,NA,NA
gamma_f,0.0,pianoMPC,avg_fatigue,0.5624000000000005,195,balanced,NA,NA,0.4,0.4,NA,NA
gamma_f,0.0,pianoMPC,learn_slope,0.004761904761904761,195,balanced,NA,NA,0.4,0.4,NA,NA
gamma_f,0.0,pianoMPC,ttm,57.0,292,balanced,NA,NA,0.4,0.4,NA,NA
gamma_f,0.0,pianoMPC,feasible_rate,0.8421052631578947,292,balanced,NA,NA,0.4,0.4,NA,NA
gamma_f,0.0,pianoMPC,avg_fatigue,0.5921403508771936,292,balanced,NA,NA,0.4,0.4,NA,NA
gamma_f,0.0,pianoMPC,learn_slope,0.0018148820326678765,292,balanced,NA,NA,0.4,0.4,NA,NA
gamma_f,0.0,pianoMPC,ttm,41.0,389,balanced,NA,NA,0.4,0.4,NA,NA
gamma_f,0.0,pianoMPC,feasible_rate,0.8536585365853658,389,balanced,NA,NA,0.4,0.4,NA,NA
gamma_f,0.0,pianoMPC,avg_fatigue,0.5744878048780494,389,balanced,NA,NA,0.4,0.4,NA,NA
gamma_f,0.0,pianoMPC,learn_slope,0.003484320557491289,389,balanced,NA,NA,0.4,0.4,NA,NA
gamma_f,0.0,pianoMPC,ttm,40.0,486,balanced,NA,NA,0.4,0.4,NA,NA
gamma_f,0.0,pianoMPC,feasible_rate,0.85,486,balanced,NA,NA,0.4,0.4,NA,NA
gamma_f,0.0,pianoMPC,avg_fatigue,0.5795500000000006,486,balanced,NA,NA,0.4,0.4,NA,NA
gamma_f,0.0,pianoMPC,learn_slope,0.003658536585365854,486,balanced,NA,NA,0.4,0.4,NA,NA
gamma_f,0.0,pianoMPC,ttm,29.0,583,balanced,NA,NA,0.4,0.4,NA,NA
gamma_f,0.0,pianoMPC,feasible_rate,0.896551724137931,583,balanced,NA,NA,0.4,0.4,NA,NA
gamma_f,0.0,pianoMPC,avg_fatigue,0.5331724137931038,583,balanced,NA,NA,0.4,0.4,NA,NA
gamma_f,0.0,pianoMPC,learn_slope,0.006896551724137931,583,balanced,NA,NA,0.4,0.4,NA,NA
gamma_f,0.0,pianoMPC,ttm,50.0,680,balanced,NA,NA,0.4,0.4,NA,NA
gamma_f,0.0,pianoMPC,feasible_rate,0.94,680,balanced,NA,NA,0.4,0.4,NA,NA
gamma_f,0.0,pianoMPC,avg_fatigue,0.5557200000000007,680,balanced,NA,NA,0.4,0.4,NA,NA
gamma_f,0.0,pianoMPC,learn_slope,0.002352941176470588,680,balanced,NA,NA,0.4,0.4,NA,NA
gamma_f,0.0,pianoMPC,ttm,62.0,777,balanced,NA,NA,0.4,0.4,NA,NA
gamma_f,0.0,pianoMPC,feasible_rate,0.9032258064516129,777,balanced,NA,NA,0.4,0.4,NA,NA
gamma_f,0.0,pianoMPC,avg_fatigue,0.5724838709677429,777,balanced,NA,NA,0.4,0.4,NA,NA
gamma_f,0.0,pianoMPC,learn_slope,0.0015360983102918587,777,balanced,NA,NA,0.4,0.4,NA,NA
gamma_f,0.0,pianoMPC,ttm,29.0,874,balanced,NA,NA,0.4,0.4,NA,NA
gamma_f,0.0,pianoMPC,feasible_rate,0.8620689655172413,874,balanced,NA,NA,0.4,0.4,NA,NA
gamma_f,0.0,pianoMPC,avg_fatigue,0.5436551724137935,874,balanced,NA,NA,0.4,0.4,NA,NA
gamma_f,0.0,pianoMPC,learn_slope,0.006896551724137931,874,balanced,NA,NA,0.4,0.4,NA,NA
gamma_f,0.25,pianoMPC,ttm,29.0,1,balanced,NA,NA,0.4,0.5,NA,NA
gamma_f,0.25,pianoMPC,feasible_rate,0.896551724137931,1,balanced,NA,NA,0.4,0.5,NA,NA
gamma_f,0.25,pianoMPC,avg_fatigue,0.53648275862069,1,balanced,NA,NA,0.4,0.5,NA,NA
gamma_f,0.25,pianoMPC,learn_slope,0.006896551724137931,1,balanced,NA,NA,0.4,0.5,NA,NA
gamma_f,0.25,pianoMPC,ttm,56.0,98,balanced,NA,NA,0.4,0.5,NA,NA
gamma_f,0.25,pianoMPC,feasible_rate,0.9285714285714286,98,balanced,NA,NA,0.4,0.5,NA,NA
gamma_f,0.25,pianoMPC,avg_fatigue,0.5720714285714295,98,balanced,NA,NA,0.4,0.5,NA,NA
gamma_f,0.25,pianoMPC,learn_slope,0.0018796992481203004,98,balanced,NA,NA,0.4,0.5,NA,NA
gamma_f,0.25,pianoMPC,ttm,35.0,195,balanced,NA,NA,0.4,0.5,NA,NA
gamma_f,0.25,pianoMPC,feasible_rate,0.8285714285714285,195,balanced,NA,NA,0.4,0.5,NA,NA
gamma_f,0.25,pianoMPC,avg_fatigue,0.5624000000000005,195,balanced,NA,NA,0.4,0.5,NA,NA
gamma_f,0.25,pianoMPC,learn_slope,0.004761904761904761,195,balanced,NA,NA,0.4,0.5,NA,NA
gamma_f,0.25,pianoMPC,ttm,57.0,292,balanced,NA,NA,0.4,0.5,NA,NA
gamma_f,0.25,pianoMPC,feasible_rate,0.8421052631578947,292,balanced,NA,NA,0.4,0.5,NA,NA
gamma_f,0.25,pianoMPC,avg_fatigue,0.5921403508771936,292,balanced,NA,NA,0.4,0.5,NA,NA
gamma_f,0.25,pianoMPC,learn_slope,0.0018148820326678765,292,balanced,NA,NA,0.4,0.5,NA,NA
gamma_f,0.25,pianoMPC,ttm,50.0,389,balanced,NA,NA,0.4,0.5,NA,NA
gamma_f,0.25,pianoMPC,feasible_rate,0.88,389,balanced,NA,NA,0.4,0.5,NA,NA
gamma_f,0.25,pianoMPC,avg_fatigue,0.5793200000000008,389,balanced,NA,NA,0.4,0.5,NA,NA
gamma_f,0.25,pianoMPC,learn_slope,0.002352941176470588,389,balanced,NA,NA,0.4,0.5,NA,NA
gamma_f,0.25,pianoMPC,ttm,40.0,486,balanced,NA,NA,0.4,0.5,NA,NA
gamma_f,0.25,pianoMPC,feasible_rate,0.85,486,balanced,NA,NA,0.4,0.5,NA,NA
gamma_f,0.25,pianoMPC,avg_fatigue,0.5795500000000006,486,balanced,NA,NA,0.4,0.5,NA,NA
gamma_f,0.25,pianoMPC,learn_slope,0.003658536585365854,486,balanced,NA,NA,0.4,0.5,NA,NA
gamma_f,0.25,pianoMPC,ttm,29.0,583,balanced,NA,NA,0.4,0.5,NA,NA
gamma_f,0.25,pianoMPC,feasible_rate,0.896551724137931,583,balanced,NA,NA,0.4,0.5,NA,NA
gamma_f,0.25,pianoMPC,avg_fatigue,0.5331724137931038,583,balanced,NA,NA,0.4,0.5,NA,NA
gamma_f,0.25,pianoMPC,learn_slope,0.006896551724137931,583,balanced,NA,NA,0.4,0.5,NA,NA
gamma_f,0.25,pianoMPC,ttm,50.0,680,balanced,NA,NA,0.4,0.5,NA,NA
gamma_f,0.25,pianoMPC,feasible_rate,0.94,680,balanced,NA,NA,0.4,0.5,NA,NA
gamma_f,0.25,pianoMPC,avg_fatigue,0.5557200000000007,680,balanced,NA,NA,0.4,0.5,NA,NA
gamma_f,0.25,pianoMPC,learn_slope,0.002352941176470588,680,balanced,NA,NA,0.4,0.5,NA,NA
gamma_f,0.25,pianoMPC,ttm,62.0,777,balanced,NA,NA,0.4,0.5,NA,NA
gamma_f,0.25,pianoMPC,feasible_rate,0.9032258064516129,777,balanced,NA,NA,0.4,0.5,NA,NA
gamma_f,0.25,pianoMPC,avg_fatigue,0.5724838709677429,777,balanced,NA,NA,0.4,0.5,NA,NA
gamma_f,0.25,pianoMPC,learn_slope,0.0015360983102918587,777,balanced,NA,NA,0.4,0.5,NA,NA
gamma_f,0.25,pianoMPC,ttm,29.0,874,balanced,NA,NA,0.4,0.5,NA,NA
gamma_f,0.25,pianoMPC,feasible_rate,0.8620689655172413,874,balanced,NA,NA,0.4,0.5,NA,NA
gamma_f,0.25,pianoMPC,avg_fatigue,0.5436551724137935,874,balanced,NA,NA,0.4,0.5,NA,NA
gamma_f,0.25,pianoMPC,learn_slope,0.006896551724137931,874,balanced,NA,NA,0.4,0.5,NA,NA
gamma_f,0.5,pianoMPC,ttm,29.0,1,balanced,NA,NA,0.4,0.6000000000000001,NA,NA
gamma_f,0.5,pianoMPC,feasible_rate,0.896551724137931,1,balanced,NA,NA,0.4,0.6000000000000001,NA,NA
gamma_f,0.5,pianoMPC,avg_fatigue,0.53648275862069,1,balanced,NA,NA,0.4,0.6000000000000001,NA,NA
gamma_f,0.5,pianoMPC,learn_slope,0.006896551724137931,1,balanced,NA,NA,0.4,0.6000000000000001,NA,NA
gamma_f,0.5,pianoMPC,ttm,56.0,98,balanced,NA,NA,0.4,0.6000000000000001,NA,NA
gamma_f,0.5,pianoMPC,feasible_rate,0.9285714285714286,98,balanced,NA,NA,0.4,0.6000000000000001,NA,NA
gamma_f,0.5,pianoMPC,avg_fatigue,0.5720714285714295,98,balanced,NA,NA,0.4,0.6000000000000001,NA,NA
gamma_f,0.5,pianoMPC,learn_slope,0.0018796992481203004,98,balanced,NA,NA,0.4,0.6000000000000001,NA,NA
gamma_f,0.5,pianoMPC,ttm,35.0,195,balanced,NA,NA,0.4,0.6000000000000001,NA,NA
gamma_f,0.5,pianoMPC,feasible_rate,0.8285714285714285,195,balanced,NA,NA,0.4,0.6000000000000001,NA,NA
gamma_f,0.5,pianoMPC,avg_fatigue,0.5624000000000005,195,balanced,NA,NA,0.4,0.6000000000000001,NA,NA
gamma_f,0.5,pianoMPC,learn_slope,0.004761904761904761,195,balanced,NA,NA,0.4,0.6000000000000001,NA,NA
gamma_f,0.5,pianoMPC,ttm,57.0,292,balanced,NA,NA,0.4,0.6000000000000001,NA,NA
gamma_f,0.5,pianoMPC,feasible_rate,0.8421052631578947,292,balanced,NA,NA,0.4,0.6000000000000001,NA,NA
gamma_f,0.5,pianoMPC,avg_fatigue,0.5921403508771936,292,balanced,NA,NA,0.4,0.6000000000000001,NA,NA
gamma_f,0.5,pianoMPC,learn_slope,0.0018148820326678765,292,balanced,NA,NA,0.4,0.6000000000000001,NA,NA
gamma_f,0.5,pianoMPC,ttm,50.0,389,balanced,NA,NA,0.4,0.6000000000000001,NA,NA
gamma_f,0.5,pianoMPC,feasible_rate,0.88,389,balanced,NA,NA,0.4,0.6000000000000001,NA,NA
gamma_f,0.5,pianoMPC,avg_fatigue,0.5793200000000008,389,balanced,NA,NA,0.4,0.6000000000000001,NA,NA
gamma_f,0.5,pianoMPC,learn_slope,0.002352941176470588,389,balanced,NA,NA,0.4,0.6000000000000001,NA,NA
gamma_f,0.5,pianoMPC,ttm,40.0,486,balanced,NA,NA,0.4,0.6000000000000001,NA,NA
gamma_f,0.5,pianoMPC,feasible_rate,0.85,486,balanced,NA,NA,0.4,0.6000000000000001,NA,NA
gamma_f,0.5,pianoMPC,avg_fatigue,0.5795500000000006,486,balanced,NA,NA,0.4,0.6000000000000001,NA,NA
gamma_f,0.5,pianoMPC,learn_slope,0.003658536585365854,486,balanced,NA,NA,0.4,0.6000000000000001,NA,NA
gamma_f,0.5,pianoMPC,ttm,29.0,583,balanced,NA,NA,0.4,0.6000000000000001,NA,NA
gamma_f,0.5,pianoMPC,feasible_rate,0.896551724137931,583,balanced,NA,NA,0.4,0.6000000000000001,NA,NA
gamma_f,0.5,pianoMPC,avg_fatigue,0.5331724137931038,583,balanced,NA,NA,0.4,0.6000000000000001,NA,NA
gamma_f,0.5,pianoMPC,learn_slope,0.006896551724137931,583,balanced,NA,NA,0.4,0.6000000000000001,NA,NA
gamma_f,0.5,pianoMPC,ttm,50.0,680,balanced,NA,NA,0.4,0.6000000000000001,NA,NA
gamma_f,0.5,pianoMPC,feasible_rate,0.94,680,balanced,NA,NA,0.4,0.6000000000000001,NA,NA
gamma_f,0.5,pianoMPC,avg_fatigue,0.5557200000000007,680,balanced,NA,NA,0.4,0.6000000000000001,NA,NA
gamma_f,0.5,pianoMPC,learn_slope,0.002352941176470588,680,balanced,NA,NA,0.4,0.6000000000000001,NA,NA
gamma_f,0.5,pianoMPC,ttm,62.0,777,balanced,NA,NA,0.4,0.6000000000000001,NA,NA
gamma_f,0.5,pianoMPC,feasible_rate,0.9032258064516129,777,balanced,NA,NA,0.4,0.6000000000000001,NA,NA
gamma_f,0.5,pianoMPC,avg_fatigue,0.5724838709677429,777,balanced,NA,NA,0.4,0.6000000000000001,NA,NA
gamma_f,0.5,pianoMPC,learn_slope,0.0015360983102918587,777,balanced,NA,NA,0.4,0.6000000000000001,NA,NA
gamma_f,0.5,pianoMPC,ttm,51.0,874,balanced,NA,NA,0.4,0.6000000000000001,NA,NA
gamma_f,0.5,pianoMPC,feasible_rate,0.8431372549019608,874,balanced,NA,NA,0.4,0.6000000000000001,NA,NA
gamma_f,0.5,pianoMPC,avg_fatigue,0.5956078431372557,874,balanced,NA,NA,0.4,0.6000000000000001,NA,NA
gamma_f,0.5,pianoMPC,learn_slope,0.002262443438914027,874,balanced,NA,NA,0.4,0.6000000000000001,NA,NA
gamma_f,-0.5,dqn,ttm,144.0,1,balanced,NA,NA,0.4,0.2,NA,NA
gamma_f,-0.5,dqn,feasible_rate,0.8402777777777778,1,balanced,NA,NA,0.4,0.2,NA,NA
gamma_f,-0.5,dqn,avg_fatigue,0.600633333333333,1,balanced,NA,NA,0.4,0.2,NA,NA
gamma_f,-0.5,dqn,learn_slope,0.00028735632183908046,1,balanced,NA,NA,0.4,0.2,NA,NA
gamma_f,-0.5,dqn,ttm,600.0,98,balanced,NA,NA,0.4,0.2,NA,NA
gamma_f,-0.5,dqn,feasible_rate,0.965,98,balanced,NA,NA,0.4,0.2,NA,NA
gamma_f,-0.5,dqn,avg_fatigue,0.5040796485663357,98,balanced,NA,NA,0.4,0.2,NA,NA
gamma_f,-0.5,dqn,learn_slope,0.0,98,balanced,NA,NA,0.4,0.2,NA,NA
gamma_f,-0.5,dqn,ttm,67.0,195,balanced,NA,NA,0.4,0.2,NA,NA
gamma_f,-0.5,dqn,feasible_rate,0.9402985074626866,195,balanced,NA,NA,0.4,0.2,NA,NA
gamma_f,-0.5,dqn,avg_fatigue,0.487134328358209,195,balanced,NA,NA,0.4,0.2,NA,NA
gamma_f,-0.5,dqn,learn_slope,0.0013169446883230904,195,balanced,NA,NA,0.4,0.2,NA,NA
gamma_f,-0.5,dqn,ttm,57.0,292,balanced,NA,NA,0.4,0.2,NA,NA
gamma_f,-0.5,dqn,feasible_rate,0.9122807017543859,292,balanced,NA,NA,0.4,0.2,NA,NA
gamma_f,-0.5,dqn,avg_fatigue,0.5368245614035088,292,balanced,NA,NA,0.4,0.2,NA,NA
gamma_f,-0.5,dqn,learn_slope,0.0018148820326678765,292,balanced,NA,NA,0.4,0.2,NA,NA
gamma_f,-0.5,dqn,ttm,71.0,389,balanced,NA,NA,0.4,0.2,NA,NA
gamma_f,-0.5,dqn,feasible_rate,0.8873239436619719,389,balanced,NA,NA,0.4,0.2,NA,NA
gamma_f,-0.5,dqn,avg_fatigue,0.5004788732394365,389,balanced,NA,NA,0.4,0.2,NA,NA
gamma_f,-0.5,dqn,learn_slope,0.0011737089201877935,389,balanced,NA,NA,0.4,0.2,NA,NA
gamma_f,-0.5,dqn,ttm,63.0,486,balanced,NA,NA,0.4,0.2,NA,NA
gamma_f,-0.5,dqn,feasible_rate,0.9841269841269842,486,balanced,NA,NA,0.4,0.2,NA,NA
gamma_f,-0.5,dqn,avg_fatigue,0.45225396825396846,486,balanced,NA,NA,0.4,0.2,NA,NA
gamma_f,-0.5,dqn,learn_slope,0.0014880952380952382,486,balanced,NA,NA,0.4,0.2,NA,NA
gamma_f,-0.5,dqn,ttm,114.0,583,balanced,NA,NA,0.4,0.2,NA,NA
gamma_f,-0.5,dqn,feasible_rate,0.9298245614035088,583,balanced,NA,NA,0.4,0.2,NA,NA
gamma_f,-0.5,dqn,avg_fatigue,0.5412456140350875,583,balanced,NA,NA,0.4,0.2,NA,NA
gamma_f,-0.5,dqn,learn_slope,0.0004576659038901602,583,balanced,NA,NA,0.4,0.2,NA,NA
gamma_f,-0.5,dqn,ttm,51.0,680,balanced,NA,NA,0.4,0.2,NA,NA
gamma_f,-0.5,dqn,feasible_rate,0.9215686274509804,680,balanced,NA,NA,0.4,0.2,NA,NA
gamma_f,-0.5,dqn,avg_fatigue,0.5372156862745098,680,balanced,NA,NA,0.4,0.2,NA,NA
gamma_f,-0.5,dqn,learn_slope,0.002262443438914027,680,balanced,NA,NA,0.4,0.2,NA,NA
gamma_f,-0.5,dqn,ttm,361.0,777,balanced,NA,NA,0.4,0.2,NA,NA
gamma_f,-0.5,dqn,feasible_rate,0.9529085872576177,777,balanced,NA,NA,0.4,0.2,NA,NA
gamma_f,-0.5,dqn,avg_fatigue,0.5260014137038402,777,balanced,NA,NA,0.4,0.2,NA,NA
gamma_f,-0.5,dqn,learn_slope,4.591297959933273e-05,777,balanced,NA,NA,0.4,0.2,NA,NA
gamma_f,-0.5,dqn,ttm,600.0,874,balanced,NA,NA,0.4,0.2,NA,NA
gamma_f,-0.5,dqn,feasible_rate,0.9299999999999999,874,balanced,NA,NA,0.4,0.2,NA,NA
gamma_f,-0.5,dqn,avg_fatigue,0.5224987381580287,874,balanced,NA,NA,0.4,0.2,NA,NA
gamma_f,-0.5,dqn,learn_slope,0.0,874,balanced,NA,NA,0.4,0.2,NA,NA
gamma_f,-0.25,dqn,ttm,144.0,1,balanced,NA,NA,0.4,0.30000000000000004,NA,NA
gamma_f,-0.25,dqn,feasible_rate,0.8402777777777778,1,balanced,NA,NA,0.4,0.30000000000000004,NA,NA
gamma_f,-0.25,dqn,avg_fatigue,0.600633333333333,1,balanced,NA,NA,0.4,0.30000000000000004,NA,NA
gamma_f,-0.25,dqn,learn_slope,0.00028735632183908046,1,balanced,NA,NA,0.4,0.30000000000000004,NA,NA
gamma_f,-0.25,dqn,ttm,600.0,98,balanced,NA,NA,0.4,0.30000000000000004,NA,NA
gamma_f,-0.25,dqn,feasible_rate,0.965,98,balanced,NA,NA,0.4,0.30000000000000004,NA,NA
gamma_f,-0.25,dqn,avg_fatigue,0.5040796485663357,98,balanced,NA,NA,0.4,0.30000000000000004,NA,NA
gamma_f,-0.25,dqn,learn_slope,0.0,98,balanced,NA,NA,0.4,0.30000000000000004,NA,NA
gamma_f,-0.25,dqn,ttm,67.0,195,balanced,NA,NA,0.4,0.30000000000000004,NA,NA
gamma_f,-0.25,dqn,feasible_rate,0.9402985074626866,195,balanced,NA,NA,0.4,0.30000000000000004,NA,NA
gamma_f,-0.25,dqn,avg_fatigue,0.487134328358209,195,balanced,NA,NA,0.4,0.30000000000000004,NA,NA
gamma_f,-0.25,dqn,learn_slope,0.0013169446883230904,195,balanced,NA,NA,0.4,0.30000000000000004,NA,NA
gamma_f,-0.25,dqn,ttm,60.0,292,balanced,NA,NA,0.4,0.30000000000000004,NA,NA
gamma_f,-0.25,dqn,feasible_rate,0.8166666666666667,292,balanced,NA,NA,0.4,0.30000000000000004,NA,NA
gamma_f,-0.25,dqn,avg_fatigue,0.5725499999999999,292,balanced,NA,NA,0.4,0.30000000000000004,NA,NA
gamma_f,-0.25,dqn,learn_slope,0.001639344262295082,292,balanced,NA,NA,0.4,0.30000000000000004,NA,NA
gamma_f,-0.25,dqn,ttm,71.0,389,balanced,NA,NA,0.4,0.30000000000000004,NA,NA
gamma_f,-0.25,dqn,feasible_rate,0.8873239436619719,389,balanced,NA,NA,0.4,0.30000000000000004,NA,NA
gamma_f,-0.25,dqn,avg_fatigue,0.5004788732394365,389,balanced,NA,NA,0.4,0.30000000000000004,NA,NA
gamma_f,-0.25,dqn,learn_slope,0.0011737089201877935,389,balanced,NA,NA,0.4,0.30000000000000004,NA,NA
gamma_f,-0.25,dqn,ttm,63.0,486,balanced,NA,NA,0.4,0.30000000000000004,NA,NA
gamma_f,-0.25,dqn,feasible_rate,0.9841269841269842,486,balanced,NA,NA,0.4,0.30000000000000004,NA,NA
gamma_f,-0.25,dqn,avg_fatigue,0.45225396825396846,486,balanced,NA,NA,0.4,0.30000000000000004,NA,NA
gamma_f,-0.25,dqn,learn_slope,0.0014880952380952382,486,balanced,NA,NA,0.4,0.30000000000000004,NA,NA
gamma_f,-0.25,dqn,ttm,114.0,583,balanced,NA,NA,0.4,0.30000000000000004,NA,NA
gamma_f,-0.25,dqn,feasible_rate,0.9210526315789473,583,balanced,NA,NA,0.4,0.30000000000000004,NA,NA
gamma_f,-0.25,dqn,avg_fatigue,0.5451228070175437,583,balanced,NA,NA,0.4,0.30000000000000004,NA,NA
gamma_f,-0.25,dqn,learn_slope,0.0004576659038901602,583,balanced,NA,NA,0.4,0.30000000000000004,NA,NA
gamma_f,-0.25,dqn,ttm,51.0,680,balanced,NA,NA,0.4,0.30000000000000004,NA,NA
gamma_f,-0.25,dqn,feasible_rate,0.9215686274509804,680,balanced,NA,NA,0.4,0.30000000000000004,NA,NA
gamma_f,-0.25,dqn,avg_fatigue,0.5372156862745098,680,balanced,NA,NA,0.4,0.30000000000000004,NA,NA
gamma_f,-0.25,dqn,learn_slope,0.002262443438914027,680,balanced,NA,NA,0.4,0.30000000000000004,NA,NA
gamma_f,-0.25,dqn,ttm,376.0,777,balanced,NA,NA,0.4,0.30000000000000004,NA,NA
gamma_f,-0.25,dqn,feasible_rate,0.9521276595744681,777,balanced,NA,NA,0.4,0.30000000000000004,NA,NA
gamma_f,-0.25,dqn,avg_fatigue,0.5236271138436174,777,balanced,NA,NA,0.4,0.30000000000000004,NA,NA
gamma_f,-0.25,dqn,learn_slope,4.2327445115412834e-05,777,balanced,NA,NA,0.4,0.30000000000000004,NA,NA
gamma_f,-0.25,dqn,ttm,600.0,874,balanced,NA,NA,0.4,0.30000000000000004,NA,NA
gamma_f,-0.25,dqn,feasible_rate,0.9233333333333333,874,balanced,NA,NA,0.4,0.30000000000000004,NA,NA
gamma_f,-0.25,dqn,avg_fatigue,0.5391764210861811,874,balanced,NA,NA,0.4,0.30000000000000004,NA,NA
gamma_f,-0.25,dqn,learn_slope,0.0,874,balanced,NA,NA,0.4,0.30000000000000004,NA,NA
gamma_f,0.0,dqn,ttm,144.0,1,balanced,NA,NA,0.4,0.4,NA,NA
gamma_f,0.0,dqn,feasible_rate,0.8402777777777778,1,balanced,NA,NA,0.4,0.4,NA,NA
gamma_f,0.0,dqn,avg_fatigue,0.600633333333333,1,balanced,NA,NA,0.4,0.4,NA,NA
gamma_f,0.0,dqn,learn_slope,0.00028735632183908046,1,balanced,NA,NA,0.4,0.4,NA,NA
gamma_f,0.0,dqn,ttm,600.0,98,balanced,NA,NA,0.4,0.4,NA,NA
gamma_f,0.0,dqn,feasible_rate,0.965,98,balanced,NA,NA,0.4,0.4,NA,NA
gamma_f,0.0,dqn,avg_fatigue,0.5040796485663357,98,balanced,NA,NA,0.4,0.4,NA,NA
gamma_f,0.0,dqn,learn_slope,0.0,98,balanced,NA,NA,0.4,0.4,NA,NA
gamma_f,0.0,dqn,ttm,77.0,195,balanced,NA,NA,0.4,0.4,NA,NA
gamma_f,0.0,dqn,feasible_rate,0.974025974025974,195,balanced,NA,NA,0.4,0.4,NA,NA
gamma_f,0.0,dqn,avg_fatigue,0.4789480519480519,195,balanced,NA,NA,0.4,0.4,NA,NA
gamma_f,0.0,dqn,learn_slope,0.000999000999000999,195,balanced,NA,NA,0.4,0.4,NA,NA
gamma_f,0.0,dqn,ttm,57.0,292,balanced,NA,NA,0.4,0.4,NA,NA
gamma_f,0.0,dqn,feasible_rate,0.8771929824561404,292,balanced,NA,NA,0.4,0.4,NA,NA
gamma_f,0.0,dqn,avg_fatigue,0.5564385964912281,292,balanced,NA,NA,0.4,0.4,NA,NA
gamma_f,0.0,dqn,learn_slope,0.0018148820326678765,292,balanced,NA,NA,0.4,0.4,NA,NA
gamma_f,0.0,dqn,ttm,80.0,389,balanced,NA,NA,0.4,0.4,NA,NA
gamma_f,0.0,dqn,feasible_rate,0.9,389,balanced,NA,NA,0.4,0.4,NA,NA
gamma_f,0.0,dqn,avg_fatigue,0.5235624999999997,389,balanced,NA,NA,0.4,0.4,NA,NA
gamma_f,0.0,dqn,learn_slope,0.000925925925925926,389,balanced,NA,NA,0.4,0.4,NA,NA
gamma_f,0.0,dqn,ttm,63.0,486,balanced,NA,NA,0.4,0.4,NA,NA
gamma_f,0.0,dqn,feasible_rate,0.9841269841269842,486,balanced,NA,NA,0.4,0.4,NA,NA
gamma_f,0.0,dqn,avg_fatigue,0.45225396825396846,486,balanced,NA,NA,0.4,0.4,NA,NA
gamma_f,0.0,dqn,learn_slope,0.0014880952380952382,486,balanced,NA,NA,0.4,0.4,NA,NA
gamma_f,0.0,dqn,ttm,56.0,583,balanced,NA,NA,0.4,0.4,NA,NA
gamma_f,0.0,dqn,feasible_rate,0.9464285714285714,583,balanced,NA,NA,0.4,0.4,NA,NA
gamma_f,0.0,dqn,avg_fatigue,0.4877857142857144,583,balanced,NA,NA,0.4,0.4,NA,NA
gamma_f,0.0,dqn,learn_slope,0.0018796992481203004,583,balanced,NA,NA,0.4,0.4,NA,NA
gamma_f,0.0,dqn,ttm,51.0,680,balanced,NA,NA,0.4,0.4,NA,NA
gamma_f,0.0,dqn,feasible_rate,0.9215686274509804,680,balanced,NA,NA,0.4,0.4,NA,NA
gamma_f,0.0,dqn,avg_fatigue,0.5372156862745098,680,balanced,NA,NA,0.4,0.4,NA,NA
gamma_f,0.0,dqn,learn_slope,0.002262443438914027,680,balanced,NA,NA,0.4,0.4,NA,NA
gamma_f,0.0,dqn,ttm,376.0,777,balanced,NA,NA,0.4,0.4,NA,NA
gamma_f,0.0,dqn,feasible_rate,0.9521276595744681,777,balanced,NA,NA,0.4,0.4,NA,NA
gamma_f,0.0,dqn,avg_fatigue,0.5236271138436174,777,balanced,NA,NA,0.4,0.4,NA,NA
gamma_f,0.0,dqn,learn_slope,4.2327445115412834e-05,777,balanced,NA,NA,0.4,0.4,NA,NA
gamma_f,0.0,dqn,ttm,600.0,874,balanced,NA,NA,0.4,0.4,NA,NA
gamma_f,0.0,dqn,feasible_rate,0.9233333333333333,874,balanced,NA,NA,0.4,0.4,NA,NA
gamma_f,0.0,dqn,avg_fatigue,0.5391764210861811,874,balanced,NA,NA,0.4,0.4,NA,NA
gamma_f,0.0,dqn,learn_slope,0.0,874,balanced,NA,NA,0.4,0.4,NA,NA
gamma_f,0.25,dqn,ttm,144.0,1,balanced,NA,NA,0.4,0.5,NA,NA
gamma_f,0.25,dqn,feasible_rate,0.8402777777777778,1,balanced,NA,NA,0.4,0.5,NA,NA
gamma_f,0.25,dqn,avg_fatigue,0.600633333333333,1,balanced,NA,NA,0.4,0.5,NA,NA
gamma_f,0.25,dqn,learn_slope,0.00028735632183908046,1,balanced,NA,NA,0.4,0.5,NA,NA
gamma_f,0.25,dqn,ttm,600.0,98,balanced,NA,NA,0.4,0.5,NA,NA
gamma_f,0.25,dqn,feasible_rate,0.965,98,balanced,NA,NA,0.4,0.5,NA,NA
gamma_f,0.25,dqn,avg_fatigue,0.5040796485663357,98,balanced,NA,NA,0.4,0.5,NA,NA
gamma_f,0.25,dqn,learn_slope,0.0,98,balanced,NA,NA,0.4,0.5,NA,NA
gamma_f,0.25,dqn,ttm,66.0,195,balanced,NA,NA,0.4,0.5,NA,NA
gamma_f,0.25,dqn,feasible_rate,0.9545454545454546,195,balanced,NA,NA,0.4,0.5,NA,NA
gamma_f,0.25,dqn,avg_fatigue,0.4687878787878788,195,balanced,NA,NA,0.4,0.5,NA,NA
gamma_f,0.25,dqn,learn_slope,0.0013568521031207597,195,balanced,NA,NA,0.4,0.5,NA,NA
gamma_f,0.25,dqn,ttm,57.0,292,balanced,NA,NA,0.4,0.5,NA,NA
gamma_f,0.25,dqn,feasible_rate,0.8947368421052632,292,balanced,NA,NA,0.4,0.5,NA,NA
gamma_f,0.25,dqn,avg_fatigue,0.5513157894736842,292,balanced,NA,NA,0.4,0.5,NA,NA
gamma_f,0.25,dqn,learn_slope,0.0018148820326678765,292,balanced,NA,NA,0.4,0.5,NA,NA
gamma_f,0.25,dqn,ttm,80.0,389,balanced,NA,NA,0.4,0.5,NA,NA
gamma_f,0.25,dqn,feasible_rate,0.9,389,balanced,NA,NA,0.4,0.5,NA,NA
gamma_f,0.25,dqn,avg_fatigue,0.5235624999999997,389,balanced,NA,NA,0.4,0.5,NA,NA
gamma_f,0.25,dqn,learn_slope,0.000925925925925926,389,balanced,NA,NA,0.4,0.5,NA,NA
gamma_f,0.25,dqn,ttm,40.0,486,balanced,NA,NA,0.4,0.5,NA,NA
gamma_f,0.25,dqn,feasible_rate,0.95,486,balanced,NA,NA,0.4,0.5,NA,NA
gamma_f,0.25,dqn,avg_fatigue,0.4579750000000001,486,balanced,NA,NA,0.4,0.5,NA,NA
gamma_f,0.25,dqn,learn_slope,0.003658536585365854,486,balanced,NA,NA,0.4,0.5,NA,NA
gamma_f,0.25,dqn,ttm,56.0,583,balanced,NA,NA,0.4,0.5,NA,NA
gamma_f,0.25,dqn,feasible_rate,0.9464285714285714,583,balanced,NA,NA,0.4,0.5,NA,NA
gamma_f,0.25,dqn,avg_fatigue,0.4877857142857144,583,balanced,NA,NA,0.4,0.5,NA,NA
gamma_f,0.25,dqn,learn_slope,0.0018796992481203004,583,balanced,NA,NA,0.4,0.5,NA,NA
gamma_f,0.25,dqn,ttm,51.0,680,balanced,NA,NA,0.4,0.5,NA,NA
gamma_f,0.25,dqn,feasible_rate,0.9215686274509804,680,balanced,NA,NA,0.4,0.5,NA,NA
gamma_f,0.25,dqn,avg_fatigue,0.5372156862745098,680,balanced,NA,NA,0.4,0.5,NA,NA
gamma_f,0.25,dqn,learn_slope,0.002262443438914027,680,balanced,NA,NA,0.4,0.5,NA,NA
gamma_f,0.25,dqn,ttm,600.0,777,balanced,NA,NA,0.4,0.5,NA,NA
gamma_f,0.25,dqn,feasible_rate,0.9316666666666666,777,balanced,NA,NA,0.4,0.5,NA,NA
gamma_f,0.25,dqn,avg_fatigue,0.537468276754893,777,balanced,NA,NA,0.4,0.5,NA,NA
gamma_f,0.25,dqn,learn_slope,0.0,777,balanced,NA,NA,0.4,0.5,NA,NA
gamma_f,0.25,dqn,ttm,600.0,874,balanced,NA,NA,0.4,0.5,NA,NA
gamma_f,0.25,dqn,feasible_rate,0.9233333333333333,874,balanced,NA,NA,0.4,0.5,NA,NA
gamma_f,0.25,dqn,avg_fatigue,0.5391764210861811,874,balanced,NA,NA,0.4,0.5,NA,NA
gamma_f,0.25,dqn,learn_slope,0.0,874,balanced,NA,NA,0.4,0.5,NA,NA
gamma_f,0.5,dqn,ttm,144.0,1,balanced,NA,NA,0.4,0.6000000000000001,NA,NA
gamma_f,0.5,dqn,feasible_rate,0.8402777777777778,1,balanced,NA,NA,0.4,0.6000000000000001,NA,NA
gamma_f,0.5,dqn,avg_fatigue,0.600633333333333,1,balanced,NA,NA,0.4,0.6000000000000001,NA,NA
gamma_f,0.5,dqn,learn_slope,0.00028735632183908046,1,balanced,NA,NA,0.4,0.6000000000000001,NA,NA
gamma_f,0.5,dqn,ttm,600.0,98,balanced,NA,NA,0.4,0.6000000000000001,NA,NA
gamma_f,0.5,dqn,feasible_rate,0.965,98,balanced,NA,NA,0.4,0.6000000000000001,NA,NA
gamma_f,0.5,dqn,avg_fatigue,0.5040796485663357,98,balanced,NA,NA,0.4,0.6000000000000001,NA,NA
gamma_f,0.5,dqn,learn_slope,0.0,98,balanced,NA,NA,0.4,0.6000000000000001,NA,NA
gamma_f,0.5,dqn,ttm,66.0,195,balanced,NA,NA,0.4,0.6000000000000001,NA,NA
gamma_f,0.5,dqn,feasible_rate,0.9545454545454546,195,balanced,NA,NA,0.4,0.6000000000000001,NA,NA
gamma_f,0.5,dqn,avg_fatigue,0.4687878787878788,195,balanced,NA,NA,0.4,0.6000000000000001,NA,NA
gamma_f,0.5,dqn,learn_slope,0.0013568521031207597,195,balanced,NA,NA,0.4,0.6000000000000001,NA,NA
gamma_f,0.5,dqn,ttm,57.0,292,balanced,NA,NA,0.4,0.6000000000000001,NA,NA
gamma_f,0.5,dqn,feasible_rate,0.8947368421052632,292,balanced,NA,NA,0.4,0.6000000000000001,NA,NA
gamma_f,0.5,dqn,avg_fatigue,0.5513157894736842,292,balanced,NA,NA,0.4,0.6000000000000001,NA,NA
gamma_f,0.5,dqn,learn_slope,0.0018148820326678765,292,balanced,NA,NA,0.4,0.6000000000000001,NA,NA
gamma_f,0.5,dqn,ttm,80.0,389,balanced,NA,NA,0.4,0.6000000000000001,NA,NA
gamma_f,0.5,dqn,feasible_rate,0.9,389,balanced,NA,NA,0.4,0.6000000000000001,NA,NA
gamma_f,0.5,dqn,avg_fatigue,0.5235624999999997,389,balanced,NA,NA,0.4,0.6000000000000001,NA,NA
gamma_f,0.5,dqn,learn_slope,0.000925925925925926,389,balanced,NA,NA,0.4,0.6000000000000001,NA,NA
gamma_f,0.5,dqn,ttm,40.0,486,balanced,NA,NA,0.4,0.6000000000000001,NA,NA
gamma_f,0.5,dqn,feasible_rate,0.95,486,balanced,NA,NA,0.4,0.6000000000000001,NA,NA
gamma_f,0.5,dqn,avg_fatigue,0.4579750000000001,486,balanced,NA,NA,0.4,0.6000000000000001,NA,NA
gamma_f,0.5,dqn,learn_slope,0.003658536585365854,486,balanced,NA,NA,0.4,0.6000000000000001,NA,NA
gamma_f,0.5,dqn,ttm,56.0,583,balanced,NA,NA,0.4,0.6000000000000001,NA,NA
gamma_f,0.5,dqn,feasible_rate,0.9464285714285714,583,balanced,NA,NA,0.4,0.6000000000000001,NA,NA
gamma_f,0.5,dqn,avg_fatigue,0.4877857142857144,583,balanced,NA,NA,0.4,0.6000000000000001,NA,NA
gamma_f,0.5,dqn,learn_slope,0.0018796992481203004,583,balanced,NA,NA,0.4,0.6000000000000001,NA,NA
gamma_f,0.5,dqn,ttm,51.0,680,balanced,NA,NA,0.4,0.6000000000000001,NA,NA
gamma_f,0.5,dqn,feasible_rate,0.9215686274509804,680,balanced,NA,NA,0.4,0.6000000000000001,NA,NA
gamma_f,0.5,dqn,avg_fatigue,0.5372156862745098,680,balanced,NA,NA,0.4,0.6000000000000001,NA,NA
gamma_f,0.5,dqn,learn_slope,0.002262443438914027,680,balanced,NA,NA,0.4,0.6000000000000001,NA,NA
gamma_f,0.5,dqn,ttm,600.0,777,balanced,NA,NA,0.4,0.6000000000000001,NA,NA
gamma_f,0.5,dqn,feasible_rate,0.9316666666666666,777,balanced,NA,NA,0.4,0.6000000000000001,NA,NA
gamma_f,0.5,dqn,avg_fatigue,0.537468276754893,777,balanced,NA,NA,0.4,0.6000000000000001,NA,NA
gamma_f,0.5,dqn,learn_slope,0.0,777,balanced,NA,NA,0.4,0.6000000000000001,NA,NA
gamma_f,0.5,dqn,ttm,600.0,874,balanced,NA,NA,0.4,0.6000000000000001,NA,NA
gamma_f,0.5,dqn,feasible_rate,0.9233333333333333,874,balanced,NA,NA,0.4,0.6000000000000001,NA,NA
gamma_f,0.5,dqn,avg_fatigue,0.5391764210861811,874,balanced,NA,NA,0.4,0.6000000000000001,NA,NA
gamma_f,0.5,dqn,learn_slope,0.0,874,balanced,NA,NA,0.4,0.6000000000000001,NA,NA
gamma_f,-0.5,bayesianmab,ttm,135.0,1,balanced,NA,NA,0.4,0.2,NA,NA
gamma_f,-0.5,bayesianmab,feasible_rate,0.9185185185185185,1,balanced,NA,NA,0.4,0.2,NA,NA
gamma_f,-0.5,bayesianmab,avg_fatigue,0.48523277777777785,1,balanced,NA,NA,0.4,0.2,NA,NA
gamma_f,-0.5,bayesianmab,learn_slope,0.000326797385620915,1,balanced,NA,NA,0.4,0.2,NA,NA
gamma_f,-0.5,bayesianmab,ttm,48.0,98,balanced,NA,NA,0.4,0.2,NA,NA
gamma_f,-0.5,bayesianmab,feasible_rate,0.9375,98,balanced,NA,NA,0.4,0.2,NA,NA
gamma_f,-0.5,bayesianmab,avg_fatigue,0.43668750000000006,98,balanced,NA,NA,0.4,0.2,NA,NA
gamma_f,-0.5,bayesianmab,learn_slope,0.002551020408163265,98,balanced,NA,NA,0.4,0.2,NA,NA
gamma_f,-0.5,bayesianmab,ttm,207.0,195,balanced,NA,NA,0.4,0.2,NA,NA
gamma_f,-0.5,bayesianmab,feasible_rate,0.9033816425120773,195,balanced,NA,NA,0.4,0.2,NA,NA
gamma_f,-0.5,bayesianmab,avg_fatigue,0.5686919477053142,195,balanced,NA,NA,0.4,0.2,NA,NA
gamma_f,-0.5,bayesianmab,learn_slope,0.00013935340022296544,195,balanced,NA,NA,0.4,0.2,NA,NA
gamma_f,-0.5,bayesianmab,ttm,75.0,292,balanced,NA,NA,0.4,0.2,NA,NA
gamma_f,-0.5,bayesianmab,feasible_rate,0.9333333333333333,292,balanced,NA,NA,0.4,0.2,NA,NA
gamma_f,-0.5,bayesianmab,avg_fatigue,0.5348933333333336,292,balanced,NA,NA,0.4,0.2,NA,NA
gamma_f,-0.5,bayesianmab,learn_slope,0.0010526315789473684,292,balanced,NA,NA,0.4,0.2,NA,NA
gamma_f,-0.5,bayesianmab,ttm,33.0,389,balanced,NA,NA,0.4,0.2,NA,NA
gamma_f,-0.5,bayesianmab,feasible_rate,0.9696969696969697,389,balanced,NA,NA,0.4,0.2,NA,NA
gamma_f,-0.5,bayesianmab,avg_fatigue,0.31745454545454554,389,balanced,NA,NA,0.4,0.2,NA,NA
gamma_f,-0.5,bayesianmab,learn_slope,0.0053475935828877,389,balanced,NA,NA,0.4,0.2,NA,NA
gamma_f,-0.5,bayesianmab,ttm,45.0,486,balanced,NA,NA,0.4,0.2,NA,NA
gamma_f,-0.5,bayesianmab,feasible_rate,0.8666666666666667,486,balanced,NA,NA,0.4,0.2,NA,NA
gamma_f,-0.5,bayesianmab,avg_fatigue,0.5739999999999998,486,balanced,NA,NA,0.4,0.2,NA,NA
gamma_f,-0.5,bayesianmab,learn_slope,0.002898550724637681,486,balanced,NA,NA,0.4,0.2,NA,NA
gamma_f,-0.5,bayesianmab,ttm,168.0,583,balanced,NA,NA,0.4,0.2,NA,NA
gamma_f,-0.5,bayesianmab,feasible_rate,0.9285714285714286,583,balanced,NA,NA,0.4,0.2,NA,NA
gamma_f,-0.5,bayesianmab,avg_fatigue,0.5533738095238099,583,balanced,NA,NA,0.4,0.2,NA,NA
gamma_f,-0.5,bayesianmab,learn_slope,0.00021132713440405744,583,balanced,NA,NA,0.4,0.2,NA,NA
gamma_f,-0.5,bayesianmab,ttm,45.0,680,balanced,NA,NA,0.4,0.2,NA,NA
gamma_f,-0.5,bayesianmab,feasible_rate,0.9111111111111111,680,balanced,NA,NA,0.4,0.2,NA,NA
gamma_f,-0.5,bayesianmab,avg_fatigue,0.5345555555555557,680,balanced,NA,NA,0.4,0.2,NA,NA
gamma_f,-0.5,bayesianmab,learn_slope,0.002898550724637681,680,balanced,NA,NA,0.4,0.2,NA,NA
gamma_f,-0.5,bayesianmab,ttm,49.0,777,balanced,NA,NA,0.4,0.2,NA,NA
gamma_f,-0.5,bayesianmab,feasible_rate,0.8571428571428572,777,balanced,NA,NA,0.4,0.2,NA,NA
gamma_f,-0.5,bayesianmab,avg_fatigue,0.553244897959184,777,balanced,NA,NA,0.4,0.2,NA,NA
gamma_f,-0.5,bayesianmab,learn_slope,0.002448979591836734,777,balanced,NA,NA,0.4,0.2,NA,NA
gamma_f,-0.5,bayesianmab,ttm,50.0,874,balanced,NA,NA,0.4,0.2,NA,NA
gamma_f,-0.5,bayesianmab,feasible_rate,0.88,874,balanced,NA,NA,0.4,0.2,NA,NA
gamma_f,-0.5,bayesianmab,avg_fatigue,0.5653199999999999,874,balanced,NA,NA,0.4,0.2,NA,NA
gamma_f,-0.5,bayesianmab,learn_slope,0.002352941176470588,874,balanced,NA,NA,0.4,0.2,NA,NA
gamma_f,-0.25,bayesianmab,ttm,135.0,1,balanced,NA,NA,0.4,0.30000000000000004,NA,NA
gamma_f,-0.25,bayesianmab,feasible_rate,0.9185185185185185,1,balanced,NA,NA,0.4,0.30000000000000004,NA,NA
gamma_f,-0.25,bayesianmab,avg_fatigue,0.48523277777777785,1,balanced,NA,NA,0.4,0.30000000000000004,NA,NA
gamma_f,-0.25,bayesianmab,learn_slope,0.000326797385620915,1,balanced,NA,NA,0.4,0.30000000000000004,NA,NA
gamma_f,-0.25,bayesianmab,ttm,48.0,98,balanced,NA,NA,0.4,0.30000000000000004,NA,NA
gamma_f,-0.25,bayesianmab,feasible_rate,0.9375,98,balanced,NA,NA,0.4,0.30000000000000004,NA,NA
gamma_f,-0.25,bayesianmab,avg_fatigue,0.43668750000000006,98,balanced,NA,NA,0.4,0.30000000000000004,NA,NA
gamma_f,-0.25,bayesianmab,learn_slope,0.002551020408163265,98,balanced,NA,NA,0.4,0.30000000000000004,NA,NA
gamma_f,-0.25,bayesianmab,ttm,127.0,195,balanced,NA,NA,0.4,0.30000000000000004,NA,NA
gamma_f,-0.25,bayesianmab,feasible_rate,0.889763779527559,195,balanced,NA,NA,0.4,0.30000000000000004,NA,NA
gamma_f,-0.25,bayesianmab,avg_fatigue,0.5640740944881891,195,balanced,NA,NA,0.4,0.30000000000000004,NA,NA
gamma_f,-0.25,bayesianmab,learn_slope,0.00036909448818897637,195,balanced,NA,NA,0.4,0.30000000000000004,NA,NA
gamma_f,-0.25,bayesianmab,ttm,75.0,292,balanced,NA,NA,0.4,0.30000000000000004,NA,NA
gamma_f,-0.25,bayesianmab,feasible_rate,0.9333333333333333,292,balanced,NA,NA,0.4,0.30000000000000004,NA,NA
gamma_f,-0.25,bayesianmab,avg_fatigue,0.5349733333333336,292,balanced,NA,NA,0.4,0.30000000000000004,NA,NA
gamma_f,-0.25,bayesianmab,learn_slope,0.0010526315789473684,292,balanced,NA,NA,0.4,0.30000000000000004,NA,NA
gamma_f,-0.25,bayesianmab,ttm,33.0,389,balanced,NA,NA,0.4,0.30000000000000004,NA,NA
gamma_f,-0.25,bayesianmab,feasible_rate,0.9696969696969697,389,balanced,NA,NA,0.4,0.30000000000000004,NA,NA
gamma_f,-0.25,bayesianmab,avg_fatigue,0.31745454545454554,389,balanced,NA,NA,0.4,0.30000000000000004,NA,NA
gamma_f,-0.25,bayesianmab,learn_slope,0.0053475935828877,389,balanced,NA,NA,0.4,0.30000000000000004,NA,NA
gamma_f,-0.25,bayesianmab,ttm,40.0,486,balanced,NA,NA,0.4,0.30000000000000004,NA,NA
gamma_f,-0.25,bayesianmab,feasible_rate,0.85,486,balanced,NA,NA,0.4,0.30000000000000004,NA,NA
gamma_f,-0.25,bayesianmab,avg_fatigue,0.5788249999999999,486,balanced,NA,NA,0.4,0.30000000000000004,NA,NA
gamma_f,-0.25,bayesianmab,learn_slope,0.003658536585365854,486,balanced,NA,NA,0.4,0.30000000000000004,NA,NA
gamma_f,-0.25,bayesianmab,ttm,117.0,583,balanced,NA,NA,0.4,0.30000000000000004,NA,NA
gamma_f,-0.25,bayesianmab,feasible_rate,0.905982905982906,583,balanced,NA,NA,0.4,0.30000000000000004,NA,NA
gamma_f,-0.25,bayesianmab,avg_fatigue,0.5484358974358976,583,balanced,NA,NA,0.4,0.30000000000000004,NA,NA
gamma_f,-0.25,bayesianmab,learn_slope,0.000434593654932638,583,balanced,NA,NA,0.4,0.30000000000000004,NA,NA
gamma_f,-0.25,bayesianmab,ttm,45.0,680,balanced,NA,NA,0.4,0.30000000000000004,NA,NA
gamma_f,-0.25,bayesianmab,feasible_rate,0.9111111111111111,680,balanced,NA,NA,0.4,0.30000000000000004,NA,NA
gamma_f,-0.25,bayesianmab,avg_fatigue,0.5345555555555557,680,balanced,NA,NA,0.4,0.30000000000000004,NA,NA
gamma_f,-0.25,bayesianmab,learn_slope,0.002898550724637681,680,balanced,NA,NA,0.4,0.30000000000000004,NA,NA
gamma_f,-0.25,bayesianmab,ttm,49.0,777,balanced,NA,NA,0.4,0.30000000000000004,NA,NA
gamma_f,-0.25,bayesianmab,feasible_rate,0.8571428571428572,777,balanced,NA,NA,0.4,0.30000000000000004,NA,NA
gamma_f,-0.25,bayesianmab,avg_fatigue,0.553244897959184,777,balanced,NA,NA,0.4,0.30000000000000004,NA,NA
gamma_f,-0.25,bayesianmab,learn_slope,0.002448979591836734,777,balanced,NA,NA,0.4,0.30000000000000004,NA,NA
gamma_f,-0.25,bayesianmab,ttm,50.0,874,balanced,NA,NA,0.4,0.30000000000000004,NA,NA
gamma_f,-0.25,bayesianmab,feasible_rate,0.9,874,balanced,NA,NA,0.4,0.30000000000000004,NA,NA
gamma_f,-0.25,bayesianmab,avg_fatigue,0.5492799999999999,874,balanced,NA,NA,0.4,0.30000000000000004,NA,NA
gamma_f,-0.25,bayesianmab,learn_slope,0.002352941176470588,874,balanced,NA,NA,0.4,0.30000000000000004,NA,NA
gamma_f,0.0,bayesianmab,ttm,135.0,1,balanced,NA,NA,0.4,0.4,NA,NA
gamma_f,0.0,bayesianmab,feasible_rate,0.9185185185185185,1,balanced,NA,NA,0.4,0.4,NA,NA
gamma_f,0.0,bayesianmab,avg_fatigue,0.48523277777777785,1,balanced,NA,NA,0.4,0.4,NA,NA
gamma_f,0.0,bayesianmab,learn_slope,0.000326797385620915,1,balanced,NA,NA,0.4,0.4,NA,NA
gamma_f,0.0,bayesianmab,ttm,48.0,98,balanced,NA,NA,0.4,0.4,NA,NA
gamma_f,0.0,bayesianmab,feasible_rate,0.9375,98,balanced,NA,NA,0.4,0.4,NA,NA
gamma_f,0.0,bayesianmab,avg_fatigue,0.43668750000000006,98,balanced,NA,NA,0.4,0.4,NA,NA
gamma_f,0.0,bayesianmab,learn_slope,0.002551020408163265,98,balanced,NA,NA,0.4,0.4,NA,NA
gamma_f,0.0,bayesianmab,ttm,63.0,195,balanced,NA,NA,0.4,0.4,NA,NA
gamma_f,0.0,bayesianmab,feasible_rate,0.9206349206349207,195,balanced,NA,NA,0.4,0.4,NA,NA
gamma_f,0.0,bayesianmab,avg_fatigue,0.5250000000000004,195,balanced,NA,NA,0.4,0.4,NA,NA
gamma_f,0.0,bayesianmab,learn_slope,0.0014880952380952382,195,balanced,NA,NA,0.4,0.4,NA,NA
gamma_f,0.0,bayesianmab,ttm,113.0,292,balanced,NA,NA,0.4,0.4,NA,NA
gamma_f,0.0,bayesianmab,feasible_rate,0.8495575221238938,292,balanced,NA,NA,0.4,0.4,NA,NA
gamma_f,0.0,bayesianmab,avg_fatigue,0.588336283185841,292,balanced,NA,NA,0.4,0.4,NA,NA
gamma_f,0.0,bayesianmab,learn_slope,0.0004657661853749418,292,balanced,NA,NA,0.4,0.4,NA,NA
gamma_f,0.0,bayesianmab,ttm,33.0,389,balanced,NA,NA,0.4,0.4,NA,NA
gamma_f,0.0,bayesianmab,feasible_rate,0.9696969696969697,389,balanced,NA,NA,0.4,0.4,NA,NA
gamma_f,0.0,bayesianmab,avg_fatigue,0.31745454545454554,389,balanced,NA,NA,0.4,0.4,NA,NA
gamma_f,0.0,bayesianmab,learn_slope,0.0053475935828877,389,balanced,NA,NA,0.4,0.4,NA,NA
gamma_f,0.0,bayesianmab,ttm,40.0,486,balanced,NA,NA,0.4,0.4,NA,NA
gamma_f,0.0,bayesianmab,feasible_rate,0.85,486,balanced,NA,NA,0.4,0.4,NA,NA
gamma_f,0.0,bayesianmab,avg_fatigue,0.5788249999999999,486,balanced,NA,NA,0.4,0.4,NA,NA
gamma_f,0.0,bayesianmab,learn_slope,0.003658536585365854,486,balanced,NA,NA,0.4,0.4,NA,NA
gamma_f,0.0,bayesianmab,ttm,117.0,583,balanced,NA,NA,0.4,0.4,NA,NA
gamma_f,0.0,bayesianmab,feasible_rate,0.8974358974358975,583,balanced,NA,NA,0.4,0.4,NA,NA
gamma_f,0.0,bayesianmab,avg_fatigue,0.5519743589743591,583,balanced,NA,NA,0.4,0.4,NA,NA
gamma_f,0.0,bayesianmab,learn_slope,0.000434593654932638,583,balanced,NA,NA,0.4,0.4,NA,NA
gamma_f,0.0,bayesianmab,ttm,45.0,680,balanced,NA,NA,0.4,0.4,NA,NA
gamma_f,0.0,bayesianmab,feasible_rate,0.9111111111111111,680,balanced,NA,NA,0.4,0.4,NA,NA
gamma_f,0.0,bayesianmab,avg_fatigue,0.5345555555555557,680,balanced,NA,NA,0.4,0.4,NA,NA
gamma_f,0.0,bayesianmab,learn_slope,0.002898550724637681,680,balanced,NA,NA,0.4,0.4,NA,NA
gamma_f,0.0,bayesianmab,ttm,49.0,777,balanced,NA,NA,0.4,0.4,NA,NA
gamma_f,0.0,bayesianmab,feasible_rate,0.8571428571428572,777,balanced,NA,NA,0.4,0.4,NA,NA
gamma_f,0.0,bayesianmab,avg_fatigue,0.553244897959184,777,balanced,NA,NA,0.4,0.4,NA,NA
gamma_f,0.0,bayesianmab,learn_slope,0.002448979591836734,777,balanced,NA,NA,0.4,0.4,NA,NA
gamma_f,0.0,bayesianmab,ttm,50.0,874,balanced,NA,NA,0.4,0.4,NA,NA
gamma_f,0.0,bayesianmab,feasible_rate,0.9,874,balanced,NA,NA,0.4,0.4,NA,NA
gamma_f,0.0,bayesianmab,avg_fatigue,0.5492799999999999,874,balanced,NA,NA,0.4,0.4,NA,NA
gamma_f,0.0,bayesianmab,learn_slope,0.002352941176470588,874,balanced,NA,NA,0.4,0.4,NA,NA
gamma_f,0.25,bayesianmab,ttm,135.0,1,balanced,NA,NA,0.4,0.5,NA,NA
gamma_f,0.25,bayesianmab,feasible_rate,0.9185185185185185,1,balanced,NA,NA,0.4,0.5,NA,NA
gamma_f,0.25,bayesianmab,avg_fatigue,0.48523277777777785,1,balanced,NA,NA,0.4,0.5,NA,NA
gamma_f,0.25,bayesianmab,learn_slope,0.000326797385620915,1,balanced,NA,NA,0.4,0.5,NA,NA
gamma_f,0.25,bayesianmab,ttm,70.0,98,balanced,NA,NA,0.4,0.5,NA,NA
gamma_f,0.25,bayesianmab,feasible_rate,0.9,98,balanced,NA,NA,0.4,0.5,NA,NA
gamma_f,0.25,bayesianmab,avg_fatigue,0.4827285714285713,98,balanced,NA,NA,0.4,0.5,NA,NA
gamma_f,0.25,bayesianmab,learn_slope,0.0012072434607645875,98,balanced,NA,NA,0.4,0.5,NA,NA
gamma_f,0.25,bayesianmab,ttm,78.0,195,balanced,NA,NA,0.4,0.5,NA,NA
gamma_f,0.25,bayesianmab,feasible_rate,0.8846153846153846,195,balanced,NA,NA,0.4,0.5,NA,NA
gamma_f,0.25,bayesianmab,avg_fatigue,0.5560512820512822,195,balanced,NA,NA,0.4,0.5,NA,NA
gamma_f,0.25,bayesianmab,learn_slope,0.0009737098344693282,195,balanced,NA,NA,0.4,0.5,NA,NA
gamma_f,0.25,bayesianmab,ttm,113.0,292,balanced,NA,NA,0.4,0.5,NA,NA
gamma_f,0.25,bayesianmab,feasible_rate,0.8584070796460177,292,balanced,NA,NA,0.4,0.5,NA,NA
gamma_f,0.25,bayesianmab,avg_fatigue,0.586053097345133,292,balanced,NA,NA,0.4,0.5,NA,NA
gamma_f,0.25,bayesianmab,learn_slope,0.0004657661853749418,292,balanced,NA,NA,0.4,0.5,NA,NA
gamma_f,0.25,bayesianmab,ttm,33.0,389,balanced,NA,NA,0.4,0.5,NA,NA
gamma_f,0.25,bayesianmab,feasible_rate,0.9696969696969697,389,balanced,NA,NA,0.4,0.5,NA,NA
gamma_f,0.25,bayesianmab,avg_fatigue,0.31745454545454554,389,balanced,NA,NA,0.4,0.5,NA,NA
gamma_f,0.25,bayesianmab,learn_slope,0.0053475935828877,389,balanced,NA,NA,0.4,0.5,NA,NA
gamma_f,0.25,bayesianmab,ttm,41.0,486,balanced,NA,NA,0.4,0.5,NA,NA
gamma_f,0.25,bayesianmab,feasible_rate,0.8292682926829268,486,balanced,NA,NA,0.4,0.5,NA,NA
gamma_f,0.25,bayesianmab,avg_fatigue,0.5870243902439022,486,balanced,NA,NA,0.4,0.5,NA,NA
gamma_f,0.25,bayesianmab,learn_slope,0.003484320557491289,486,balanced,NA,NA,0.4,0.5,NA,NA
gamma_f,0.25,bayesianmab,ttm,35.0,583,balanced,NA,NA,0.4,0.5,NA,NA
gamma_f,0.25,bayesianmab,feasible_rate,0.8857142857142857,583,balanced,NA,NA,0.4,0.5,NA,NA
gamma_f,0.25,bayesianmab,avg_fatigue,0.5527142857142859,583,balanced,NA,NA,0.4,0.5,NA,NA
gamma_f,0.25,bayesianmab,learn_slope,0.004761904761904761,583,balanced,NA,NA,0.4,0.5,NA,NA
gamma_f,0.25,bayesianmab,ttm,54.0,680,balanced,NA,NA,0.4,0.5,NA,NA
gamma_f,0.25,bayesianmab,feasible_rate,0.9074074074074074,680,balanced,NA,NA,0.4,0.5,NA,NA
gamma_f,0.25,bayesianmab,avg_fatigue,0.5646666666666667,680,balanced,NA,NA,0.4,0.5,NA,NA
gamma_f,0.25,bayesianmab,learn_slope,0.00202020202020202,680,balanced,NA,NA,0.4,0.5,NA,NA
gamma_f,0.25,bayesianmab,ttm,47.0,777,balanced,NA,NA,0.4,0.5,NA,NA
gamma_f,0.25,bayesianmab,feasible_rate,0.8936170212765957,777,balanced,NA,NA,0.4,0.5,NA,NA
gamma_f,0.25,bayesianmab,avg_fatigue,0.5327659574468088,777,balanced,NA,NA,0.4,0.5,NA,NA
gamma_f,0.25,bayesianmab,learn_slope,0.0026595744680851063,777,balanced,NA,NA,0.4,0.5,NA,NA
gamma_f,0.25,bayesianmab,ttm,50.0,874,balanced,NA,NA,0.4,0.5,NA,NA
gamma_f,0.25,bayesianmab,feasible_rate,0.9,874,balanced,NA,NA,0.4,0.5,NA,NA
gamma_f,0.25,bayesianmab,avg_fatigue,0.5492799999999999,874,balanced,NA,NA,0.4,0.5,NA,NA
gamma_f,0.25,bayesianmab,learn_slope,0.002352941176470588,874,balanced,NA,NA,0.4,0.5,NA,NA
gamma_f,0.5,bayesianmab,ttm,135.0,1,balanced,NA,NA,0.4,0.6000000000000001,NA,NA
gamma_f,0.5,bayesianmab,feasible_rate,0.9185185185185185,1,balanced,NA,NA,0.4,0.6000000000000001,NA,NA
gamma_f,0.5,bayesianmab,avg_fatigue,0.48523277777777785,1,balanced,NA,NA,0.4,0.6000000000000001,NA,NA
gamma_f,0.5,bayesianmab,learn_slope,0.000326797385620915,1,balanced,NA,NA,0.4,0.6000000000000001,NA,NA
gamma_f,0.5,bayesianmab,ttm,70.0,98,balanced,NA,NA,0.4,0.6000000000000001,NA,NA
gamma_f,0.5,bayesianmab,feasible_rate,0.9,98,balanced,NA,NA,0.4,0.6000000000000001,NA,NA
gamma_f,0.5,bayesianmab,avg_fatigue,0.4827285714285713,98,balanced,NA,NA,0.4,0.6000000000000001,NA,NA
gamma_f,0.5,bayesianmab,learn_slope,0.0012072434607645875,98,balanced,NA,NA,0.4,0.6000000000000001,NA,NA
gamma_f,0.5,bayesianmab,ttm,78.0,195,balanced,NA,NA,0.4,0.6000000000000001,NA,NA
gamma_f,0.5,bayesianmab,feasible_rate,0.8717948717948718,195,balanced,NA,NA,0.4,0.6000000000000001,NA,NA
gamma_f,0.5,bayesianmab,avg_fatigue,0.5571282051282053,195,balanced,NA,NA,0.4,0.6000000000000001,NA,NA
gamma_f,0.5,bayesianmab,learn_slope,0.0009737098344693282,195,balanced,NA,NA,0.4,0.6000000000000001,NA,NA
gamma_f,0.5,bayesianmab,ttm,111.0,292,balanced,NA,NA,0.4,0.6000000000000001,NA,NA
gamma_f,0.5,bayesianmab,feasible_rate,0.8558558558558559,292,balanced,NA,NA,0.4,0.6000000000000001,NA,NA
gamma_f,0.5,bayesianmab,avg_fatigue,0.586972972972973,292,balanced,NA,NA,0.4,0.6000000000000001,NA,NA
gamma_f,0.5,bayesianmab,learn_slope,0.00048262548262548264,292,balanced,NA,NA,0.4,0.6000000000000001,NA,NA
gamma_f,0.5,bayesianmab,ttm,33.0,389,balanced,NA,NA,0.4,0.6000000000000001,NA,NA
gamma_f,0.5,bayesianmab,feasible_rate,0.9696969696969697,389,balanced,NA,NA,0.4,0.6000000000000001,NA,NA
gamma_f,0.5,bayesianmab,avg_fatigue,0.31745454545454554,389,balanced,NA,NA,0.4,0.6000000000000001,NA,NA
gamma_f,0.5,bayesianmab,learn_slope,0.0053475935828877,389,balanced,NA,NA,0.4,0.6000000000000001,NA,NA
gamma_f,0.5,bayesianmab,ttm,40.0,486,balanced,NA,NA,0.4,0.6000000000000001,NA,NA
gamma_f,0.5,bayesianmab,feasible_rate,0.875,486,balanced,NA,NA,0.4,0.6000000000000001,NA,NA
gamma_f,0.5,bayesianmab,avg_fatigue,0.5508499999999998,486,balanced,NA,NA,0.4,0.6000000000000001,NA,NA
gamma_f,0.5,bayesianmab,learn_slope,0.003658536585365854,486,balanced,NA,NA,0.4,0.6000000000000001,NA,NA
gamma_f,0.5,bayesianmab,ttm,35.0,583,balanced,NA,NA,0.4,0.6000000000000001,NA,NA
gamma_f,0.5,bayesianmab,feasible_rate,0.8857142857142857,583,balanced,NA,NA,0.4,0.6000000000000001,NA,NA
gamma_f,0.5,bayesianmab,avg_fatigue,0.5527142857142859,583,balanced,NA,NA,0.4,0.6000000000000001,NA,NA
gamma_f,0.5,bayesianmab,learn_slope,0.004761904761904761,583,balanced,NA,NA,0.4,0.6000000000000001,NA,NA
gamma_f,0.5,bayesianmab,ttm,54.0,680,balanced,NA,NA,0.4,0.6000000000000001,NA,NA
gamma_f,0.5,bayesianmab,feasible_rate,0.9074074074074074,680,balanced,NA,NA,0.4,0.6000000000000001,NA,NA
gamma_f,0.5,bayesianmab,avg_fatigue,0.5646666666666667,680,balanced,NA,NA,0.4,0.6000000000000001,NA,NA
gamma_f,0.5,bayesianmab,learn_slope,0.00202020202020202,680,balanced,NA,NA,0.4,0.6000000000000001,NA,NA
gamma_f,0.5,bayesianmab,ttm,47.0,777,balanced,NA,NA,0.4,0.6000000000000001,NA,NA
gamma_f,0.5,bayesianmab,feasible_rate,0.8936170212765957,777,balanced,NA,NA,0.4,0.6000000000000001,NA,NA
gamma_f,0.5,bayesianmab,avg_fatigue,0.5327659574468088,777,balanced,NA,NA,0.4,0.6000000000000001,NA,NA
gamma_f,0.5,bayesianmab,learn_slope,0.0026595744680851063,777,balanced,NA,NA,0.4,0.6000000000000001,NA,NA
gamma_f,0.5,bayesianmab,ttm,50.0,874,balanced,NA,NA,0.4,0.6000000000000001,NA,NA
gamma_f,0.5,bayesianmab,feasible_rate,0.9,874,balanced,NA,NA,0.4,0.6000000000000001,NA,NA
gamma_f,0.5,bayesianmab,avg_fatigue,0.5492799999999999,874,balanced,NA,NA,0.4,0.6000000000000001,NA,NA
gamma_f,0.5,bayesianmab,learn_slope,0.002352941176470588,874,balanced,NA,NA,0.4,0.6000000000000001,NA,NA
gamma_f,-0.5,ccb_df,ttm,74.0,1,balanced,NA,NA,0.4,0.2,NA,NA
gamma_f,-0.5,ccb_df,feasible_rate,0.9189189189189189,1,balanced,NA,NA,0.4,0.2,NA,NA
gamma_f,-0.5,ccb_df,avg_fatigue,0.5255,1,balanced,NA,NA,0.4,0.2,NA,NA
gamma_f,-0.5,ccb_df,learn_slope,0.001081081081081081,1,balanced,NA,NA,0.4,0.2,NA,NA
gamma_f,-0.5,ccb_df,ttm,64.0,98,balanced,NA,NA,0.4,0.2,NA,NA
gamma_f,-0.5,ccb_df,feasible_rate,0.9375,98,balanced,NA,NA,0.4,0.2,NA,NA
gamma_f,-0.5,ccb_df,avg_fatigue,0.520984375,98,balanced,NA,NA,0.4,0.2,NA,NA
gamma_f,-0.5,ccb_df,learn_slope,0.0014423076923076924,98,balanced,NA,NA,0.4,0.2,NA,NA
gamma_f,-0.5,ccb_df,ttm,86.0,195,balanced,NA,NA,0.4,0.2,NA,NA
gamma_f,-0.5,ccb_df,feasible_rate,0.9534883720930233,195,balanced,NA,NA,0.4,0.2,NA,NA
gamma_f,-0.5,ccb_df,avg_fatigue,0.5210697674418605,195,balanced,NA,NA,0.4,0.2,NA,NA
gamma_f,-0.5,ccb_df,learn_slope,0.0008019246190858059,195,balanced,NA,NA,0.4,0.2,NA,NA
gamma_f,-0.5,ccb_df,ttm,151.0,292,balanced,NA,NA,0.4,0.2,NA,NA
gamma_f,-0.5,ccb_df,feasible_rate,0.9337748344370861,292,balanced,NA,NA,0.4,0.2,NA,NA
gamma_f,-0.5,ccb_df,avg_fatigue,0.5212665562913904,292,balanced,NA,NA,0.4,0.2,NA,NA
gamma_f,-0.5,ccb_df,learn_slope,0.00026141512722202857,292,balanced,NA,NA,0.4,0.2,NA,NA
gamma_f,-0.5,ccb_df,ttm,83.0,389,balanced,NA,NA,0.4,0.2,NA,NA
gamma_f,-0.5,ccb_df,feasible_rate,0.9036144578313253,389,balanced,NA,NA,0.4,0.2,NA,NA
gamma_f,-0.5,ccb_df,avg_fatigue,0.5028795180722893,389,balanced,NA,NA,0.4,0.2,NA,NA
gamma_f,-0.5,ccb_df,learn_slope,0.0008605851979345953,389,balanced,NA,NA,0.4,0.2,NA,NA
gamma_f,-0.5,ccb_df,ttm,63.0,486,balanced,NA,NA,0.4,0.2,NA,NA
gamma_f,-0.5,ccb_df,feasible_rate,0.8571428571428572,486,balanced,NA,NA,0.4,0.2,NA,NA
gamma_f,-0.5,ccb_df,avg_fatigue,0.5763809523809525,486,balanced,NA,NA,0.4,0.2,NA,NA
gamma_f,-0.5,ccb_df,learn_slope,0.0014880952380952382,486,balanced,NA,NA,0.4,0.2,NA,NA
gamma_f,-0.5,ccb_df,ttm,72.0,583,balanced,NA,NA,0.4,0.2,NA,NA
gamma_f,-0.5,ccb_df,feasible_rate,0.9305555555555556,583,balanced,NA,NA,0.4,0.2,NA,NA
gamma_f,-0.5,ccb_df,avg_fatigue,0.5421666666666667,583,balanced,NA,NA,0.4,0.2,NA,NA
gamma_f,-0.5,ccb_df,learn_slope,0.001141552511415525,583,balanced,NA,NA,0.4,0.2,NA,NA
gamma_f,-0.5,ccb_df,ttm,231.0,680,balanced,NA,NA,0.4,0.2,NA,NA
gamma_f,-0.5,ccb_df,feasible_rate,0.935064935064935,680,balanced,NA,NA,0.4,0.2,NA,NA
gamma_f,-0.5,ccb_df,avg_fatigue,0.5332919136363635,680,balanced,NA,NA,0.4,0.2,NA,NA
gamma_f,-0.5,ccb_df,learn_slope,0.00011195700850873264,680,balanced,NA,NA,0.4,0.2,NA,NA
gamma_f,-0.5,ccb_df,ttm,128.0,777,balanced,NA,NA,0.4,0.2,NA,NA
gamma_f,-0.5,ccb_df,feasible_rate,0.9140625,777,balanced,NA,NA,0.4,0.2,NA,NA
gamma_f,-0.5,ccb_df,avg_fatigue,0.540544375,777,balanced,NA,NA,0.4,0.2,NA,NA
gamma_f,-0.5,ccb_df,learn_slope,0.0003633720930232558,777,balanced,NA,NA,0.4,0.2,NA,NA
gamma_f,-0.5,ccb_df,ttm,79.0,874,balanced,NA,NA,0.4,0.2,NA,NA
gamma_f,-0.5,ccb_df,feasible_rate,0.8734177215189873,874,balanced,NA,NA,0.4,0.2,NA,NA
gamma_f,-0.5,ccb_df,avg_fatigue,0.5605822784810127,874,balanced,NA,NA,0.4,0.2,NA,NA
gamma_f,-0.5,ccb_df,learn_slope,0.0009493670886075949,874,balanced,NA,NA,0.4,0.2,NA,NA
gamma_f,-0.25,ccb_df,ttm,74.0,1,balanced,NA,NA,0.4,0.30000000000000004,NA,NA
gamma_f,-0.25,ccb_df,feasible_rate,0.9189189189189189,1,balanced,NA,NA,0.4,0.30000000000000004,NA,NA
gamma_f,-0.25,ccb_df,avg_fatigue,0.5255,1,balanced,NA,NA,0.4,0.30000000000000004,NA,NA
gamma_f,-0.25,ccb_df,learn_slope,0.001081081081081081,1,balanced,NA,NA,0.4,0.30000000000000004,NA,NA
gamma_f,-0.25,ccb_df,ttm,127.0,98,balanced,NA,NA,0.4,0.30000000000000004,NA,NA
gamma_f,-0.25,ccb_df,feasible_rate,0.9291338582677166,98,balanced,NA,NA,0.4,0.30000000000000004,NA,NA
gamma_f,-0.25,ccb_df,avg_fatigue,0.5357296062992127,98,balanced,NA,NA,0.4,0.30000000000000004,NA,NA
gamma_f,-0.25,ccb_df,learn_slope,0.00036909448818897637,98,balanced,NA,NA,0.4,0.30000000000000004,NA,NA
gamma_f,-0.25,ccb_df,ttm,86.0,195,balanced,NA,NA,0.4,0.30000000000000004,NA,NA
gamma_f,-0.25,ccb_df,feasible_rate,0.9534883720930233,195,balanced,NA,NA,0.4,0.30000000000000004,NA,NA
gamma_f,-0.25,ccb_df,avg_fatigue,0.5210697674418605,195,balanced,NA,NA,0.4,0.30000000000000004,NA,NA
gamma_f,-0.25,ccb_df,learn_slope,0.0008019246190858059,195,balanced,NA,NA,0.4,0.30000000000000004,NA,NA
gamma_f,-0.25,ccb_df,ttm,141.0,292,balanced,NA,NA,0.4,0.30000000000000004,NA,NA
gamma_f,-0.25,ccb_df,feasible_rate,0.9290780141843972,292,balanced,NA,NA,0.4,0.30000000000000004,NA,NA
gamma_f,-0.25,ccb_df,avg_fatigue,0.52698219858156,292,balanced,NA,NA,0.4,0.30000000000000004,NA,NA
gamma_f,-0.25,ccb_df,learn_slope,0.00029967036260113877,292,balanced,NA,NA,0.4,0.30000000000000004,NA,NA
gamma_f,-0.25,ccb_df,ttm,85.0,389,balanced,NA,NA,0.4,0.30000000000000004,NA,NA
gamma_f,-0.25,ccb_df,feasible_rate,0.9647058823529412,389,balanced,NA,NA,0.4,0.30000000000000004,NA,NA
gamma_f,-0.25,ccb_df,avg_fatigue,0.48348235294117653,389,balanced,NA,NA,0.4,0.30000000000000004,NA,NA
gamma_f,-0.25,ccb_df,learn_slope,0.0008207934336525308,389,balanced,NA,NA,0.4,0.30000000000000004,NA,NA
gamma_f,-0.25,ccb_df,ttm,91.0,486,balanced,NA,NA,0.4,0.30000000000000004,NA,NA
gamma_f,-0.25,ccb_df,feasible_rate,0.8571428571428572,486,balanced,NA,NA,0.4,0.30000000000000004,NA,NA
gamma_f,-0.25,ccb_df,avg_fatigue,0.575835164835165,486,balanced,NA,NA,0.4,0.30000000000000004,NA,NA
gamma_f,-0.25,ccb_df,learn_slope,0.0007166746297181081,486,balanced,NA,NA,0.4,0.30000000000000004,NA,NA
gamma_f,-0.25,ccb_df,ttm,62.0,583,balanced,NA,NA,0.4,0.30000000000000004,NA,NA
gamma_f,-0.25,ccb_df,feasible_rate,0.9193548387096774,583,balanced,NA,NA,0.4,0.30000000000000004,NA,NA
gamma_f,-0.25,ccb_df,avg_fatigue,0.5497096774193548,583,balanced,NA,NA,0.4,0.30000000000000004,NA,NA
gamma_f,-0.25,ccb_df,learn_slope,0.0015360983102918587,583,balanced,NA,NA,0.4,0.30000000000000004,NA,NA
gamma_f,-0.25,ccb_df,ttm,154.0,680,balanced,NA,NA,0.4,0.30000000000000004,NA,NA
gamma_f,-0.25,ccb_df,feasible_rate,0.8766233766233766,680,balanced,NA,NA,0.4,0.30000000000000004,NA,NA
gamma_f,-0.25,ccb_df,avg_fatigue,0.568041883116883,680,balanced,NA,NA,0.4,0.30000000000000004,NA,NA
gamma_f,-0.25,ccb_df,learn_slope,0.00025136154168412233,680,balanced,NA,NA,0.4,0.30000000000000004,NA,NA
gamma_f,-0.25,ccb_df,ttm,128.0,777,balanced,NA,NA,0.4,0.30000000000000004,NA,NA
gamma_f,-0.25,ccb_df,feasible_rate,0.9140625,777,balanced,NA,NA,0.4,0.30000000000000004,NA,NA
gamma_f,-0.25,ccb_df,avg_fatigue,0.54002875,777,balanced,NA,NA,0.4,0.30000000000000004,NA,NA
gamma_f,-0.25,ccb_df,learn_slope,0.0003633720930232558,777,balanced,NA,NA,0.4,0.30000000000000004,NA,NA
gamma_f,-0.25,ccb_df,ttm,79.0,874,balanced,NA,NA,0.4,0.30000000000000004,NA,NA
gamma_f,-0.25,ccb_df,feasible_rate,0.8734177215189873,874,balanced,NA,NA,0.4,0.30000000000000004,NA,NA
gamma_f,-0.25,ccb_df,avg_fatigue,0.5604683544303799,874,balanced,NA,NA,0.4,0.30000000000000004,NA,NA
gamma_f,-0.25,ccb_df,learn_slope,0.0009493670886075949,874,balanced,NA,NA,0.4,0.30000000000000004,NA,NA
gamma_f,0.0,ccb_df,ttm,74.0,1,balanced,NA,NA,0.4,0.4,NA,NA
gamma_f,0.0,ccb_df,feasible_rate,0.9189189189189189,1,balanced,NA,NA,0.4,0.4,NA,NA
gamma_f,0.0,ccb_df,avg_fatigue,0.5255,1,balanced,NA,NA,0.4,0.4,NA,NA
gamma_f,0.0,ccb_df,learn_slope,0.001081081081081081,1,balanced,NA,NA,0.4,0.4,NA,NA
gamma_f,0.0,ccb_df,ttm,129.0,98,balanced,NA,NA,0.4,0.4,NA,NA
gamma_f,0.0,ccb_df,feasible_rate,0.9302325581395349,98,balanced,NA,NA,0.4,0.4,NA,NA
gamma_f,0.0,ccb_df,avg_fatigue,0.5432439534883722,98,balanced,NA,NA,0.4,0.4,NA,NA
gamma_f,0.0,ccb_df,learn_slope,0.00035778175313059033,98,balanced,NA,NA,0.4,0.4,NA,NA
gamma_f,0.0,ccb_df,ttm,86.0,195,balanced,NA,NA,0.4,0.4,NA,NA
gamma_f,0.0,ccb_df,feasible_rate,0.9534883720930233,195,balanced,NA,NA,0.4,0.4,NA,NA
gamma_f,0.0,ccb_df,avg_fatigue,0.5210697674418605,195,balanced,NA,NA,0.4,0.4,NA,NA
gamma_f,0.0,ccb_df,learn_slope,0.0008019246190858059,195,balanced,NA,NA,0.4,0.4,NA,NA
gamma_f,0.0,ccb_df,ttm,74.0,292,balanced,NA,NA,0.4,0.4,NA,NA
gamma_f,0.0,ccb_df,feasible_rate,0.9189189189189189,292,balanced,NA,NA,0.4,0.4,NA,NA
gamma_f,0.0,ccb_df,avg_fatigue,0.538027027027027,292,balanced,NA,NA,0.4,0.4,NA,NA
gamma_f,0.0,ccb_df,learn_slope,0.001081081081081081,292,balanced,NA,NA,0.4,0.4,NA,NA
gamma_f,0.0,ccb_df,ttm,85.0,389,balanced,NA,NA,0.4,0.4,NA,NA
gamma_f,0.0,ccb_df,feasible_rate,0.9647058823529412,389,balanced,NA,NA,0.4,0.4,NA,NA
gamma_f,0.0,ccb_df,avg_fatigue,0.48348235294117653,389,balanced,NA,NA,0.4,0.4,NA,NA
gamma_f,0.0,ccb_df,learn_slope,0.0008207934336525308,389,balanced,NA,NA,0.4,0.4,NA,NA
gamma_f,0.0,ccb_df,ttm,91.0,486,balanced,NA,NA,0.4,0.4,NA,NA
gamma_f,0.0,ccb_df,feasible_rate,0.8571428571428572,486,balanced,NA,NA,0.4,0.4,NA,NA
gamma_f,0.0,ccb_df,avg_fatigue,0.575835164835165,486,balanced,NA,NA,0.4,0.4,NA,NA
gamma_f,0.0,ccb_df,learn_slope,0.0007166746297181081,486,balanced,NA,NA,0.4,0.4,NA,NA
gamma_f,0.0,ccb_df,ttm,62.0,583,balanced,NA,NA,0.4,0.4,NA,NA
gamma_f,0.0,ccb_df,feasible_rate,0.9193548387096774,583,balanced,NA,NA,0.4,0.4,NA,NA
gamma_f,0.0,ccb_df,avg_fatigue,0.5497096774193548,583,balanced,NA,NA,0.4,0.4,NA,NA
gamma_f,0.0,ccb_df,learn_slope,0.0015360983102918587,583,balanced,NA,NA,0.4,0.4,NA,NA
gamma_f,0.0,ccb_df,ttm,166.0,680,balanced,NA,NA,0.4,0.4,NA,NA
gamma_f,0.0,ccb_df,feasible_rate,0.9036144578313253,680,balanced,NA,NA,0.4,0.4,NA,NA
gamma_f,0.0,ccb_df,avg_fatigue,0.5507653012048191,680,balanced,NA,NA,0.4,0.4,NA,NA
gamma_f,0.0,ccb_df,learn_slope,0.00021643460067816175,680,balanced,NA,NA,0.4,0.4,NA,NA
gamma_f,0.0,ccb_df,ttm,128.0,777,balanced,NA,NA,0.4,0.4,NA,NA
gamma_f,0.0,ccb_df,feasible_rate,0.9140625,777,balanced,NA,NA,0.4,0.4,NA,NA
gamma_f,0.0,ccb_df,avg_fatigue,0.5403334375,777,balanced,NA,NA,0.4,0.4,NA,NA
gamma_f,0.0,ccb_df,learn_slope,0.0003633720930232558,777,balanced,NA,NA,0.4,0.4,NA,NA
gamma_f,0.0,ccb_df,ttm,65.0,874,balanced,NA,NA,0.4,0.4,NA,NA
gamma_f,0.0,ccb_df,feasible_rate,0.8769230769230769,874,balanced,NA,NA,0.4,0.4,NA,NA
gamma_f,0.0,ccb_df,avg_fatigue,0.5448923076923078,874,balanced,NA,NA,0.4,0.4,NA,NA
gamma_f,0.0,ccb_df,learn_slope,0.0013986013986013986,874,balanced,NA,NA,0.4,0.4,NA,NA
gamma_f,0.25,ccb_df,ttm,74.0,1,balanced,NA,NA,0.4,0.5,NA,NA
gamma_f,0.25,ccb_df,feasible_rate,0.9189189189189189,1,balanced,NA,NA,0.4,0.5,NA,NA
gamma_f,0.25,ccb_df,avg_fatigue,0.5255,1,balanced,NA,NA,0.4,0.5,NA,NA
gamma_f,0.25,ccb_df,learn_slope,0.001081081081081081,1,balanced,NA,NA,0.4,0.5,NA,NA
gamma_f,0.25,ccb_df,ttm,122.0,98,balanced,NA,NA,0.4,0.5,NA,NA
gamma_f,0.25,ccb_df,feasible_rate,0.9016393442622951,98,balanced,NA,NA,0.4,0.5,NA,NA
gamma_f,0.25,ccb_df,avg_fatigue,0.5422275409836066,98,balanced,NA,NA,0.4,0.5,NA,NA
gamma_f,0.25,ccb_df,learn_slope,0.00039984006397441024,98,balanced,NA,NA,0.4,0.5,NA,NA
gamma_f,0.25,ccb_df,ttm,65.0,195,balanced,NA,NA,0.4,0.5,NA,NA
gamma_f,0.25,ccb_df,feasible_rate,0.9230769230769231,195,balanced,NA,NA,0.4,0.5,NA,NA
gamma_f,0.25,ccb_df,avg_fatigue,0.5515846153846155,195,balanced,NA,NA,0.4,0.5,NA,NA
gamma_f,0.25,ccb_df,learn_slope,0.0013986013986013986,195,balanced,NA,NA,0.4,0.5,NA,NA
gamma_f,0.25,ccb_df,ttm,74.0,292,balanced,NA,NA,0.4,0.5,NA,NA
gamma_f,0.25,ccb_df,feasible_rate,0.9189189189189189,292,balanced,NA,NA,0.4,0.5,NA,NA
gamma_f,0.25,ccb_df,avg_fatigue,0.538027027027027,292,balanced,NA,NA,0.4,0.5,NA,NA
gamma_f,0.25,ccb_df,learn_slope,0.001081081081081081,292,balanced,NA,NA,0.4,0.5,NA,NA
gamma_f,0.25,ccb_df,ttm,78.0,389,balanced,NA,NA,0.4,0.5,NA,NA
gamma_f,0.25,ccb_df,feasible_rate,0.9487179487179487,389,balanced,NA,NA,0.4,0.5,NA,NA
gamma_f,0.25,ccb_df,avg_fatigue,0.5088974358974359,389,balanced,NA,NA,0.4,0.5,NA,NA
gamma_f,0.25,ccb_df,learn_slope,0.0009737098344693282,389,balanced,NA,NA,0.4,0.5,NA,NA
gamma_f,0.25,ccb_df,ttm,91.0,486,balanced,NA,NA,0.4,0.5,NA,NA
gamma_f,0.25,ccb_df,feasible_rate,0.8571428571428572,486,balanced,NA,NA,0.4,0.5,NA,NA
gamma_f,0.25,ccb_df,avg_fatigue,0.575835164835165,486,balanced,NA,NA,0.4,0.5,NA,NA
gamma_f,0.25,ccb_df,learn_slope,0.0007166746297181081,486,balanced,NA,NA,0.4,0.5,NA,NA
gamma_f,0.25,ccb_df,ttm,62.0,583,balanced,NA,NA,0.4,0.5,NA,NA
gamma_f,0.25,ccb_df,feasible_rate,0.9193548387096774,583,balanced,NA,NA,0.4,0.5,NA,NA
gamma_f,0.25,ccb_df,avg_fatigue,0.5497096774193548,583,balanced,NA,NA,0.4,0.5,NA,NA
gamma_f,0.25,ccb_df,learn_slope,0.0015360983102918587,583,balanced,NA,NA,0.4,0.5,NA,NA
gamma_f,0.25,ccb_df,ttm,118.0,680,balanced,NA,NA,0.4,0.5,NA,NA
gamma_f,0.25,ccb_df,feasible_rate,0.8728813559322034,680,balanced,NA,NA,0.4,0.5,NA,NA
gamma_f,0.25,ccb_df,avg_fatigue,0.566313559322034,680,balanced,NA,NA,0.4,0.5,NA,NA
gamma_f,0.25,ccb_df,learn_slope,0.0004272895598917533,680,balanced,NA,NA,0.4,0.5,NA,NA
gamma_f,0.25,ccb_df,ttm,109.0,777,balanced,NA,NA,0.4,0.5,NA,NA
gamma_f,0.25,ccb_df,feasible_rate,0.8899082568807339,777,balanced,NA,NA,0.4,0.5,NA,NA
gamma_f,0.25,ccb_df,avg_fatigue,0.5572844036697246,777,balanced,NA,NA,0.4,0.5,NA,NA
gamma_f,0.25,ccb_df,learn_slope,0.0005004170141784821,777,balanced,NA,NA,0.4,0.5,NA,NA
gamma_f,0.25,ccb_df,ttm,87.0,874,balanced,NA,NA,0.4,0.5,NA,NA
gamma_f,0.25,ccb_df,feasible_rate,0.8735632183908046,874,balanced,NA,NA,0.4,0.5,NA,NA
gamma_f,0.25,ccb_df,avg_fatigue,0.555896551724138,874,balanced,NA,NA,0.4,0.5,NA,NA
gamma_f,0.25,ccb_df,learn_slope,0.0007836990595611285,874,balanced,NA,NA,0.4,0.5,NA,NA
gamma_f,0.5,ccb_df,ttm,77.0,1,balanced,NA,NA,0.4,0.6000000000000001,NA,NA
gamma_f,0.5,ccb_df,feasible_rate,0.935064935064935,1,balanced,NA,NA,0.4,0.6000000000000001,NA,NA
gamma_f,0.5,ccb_df,avg_fatigue,0.5376103896103896,1,balanced,NA,NA,0.4,0.6000000000000001,NA,NA
gamma_f,0.5,ccb_df,learn_slope,0.000999000999000999,1,balanced,NA,NA,0.4,0.6000000000000001,NA,NA
gamma_f,0.5,ccb_df,ttm,173.0,98,balanced,NA,NA,0.4,0.6000000000000001,NA,NA
gamma_f,0.5,ccb_df,feasible_rate,0.930635838150289,98,balanced,NA,NA,0.4,0.6000000000000001,NA,NA
gamma_f,0.5,ccb_df,avg_fatigue,0.5393017341040461,98,balanced,NA,NA,0.4,0.6000000000000001,NA,NA
gamma_f,0.5,ccb_df,learn_slope,0.00019932230416583617,98,balanced,NA,NA,0.4,0.6000000000000001,NA,NA
gamma_f,0.5,ccb_df,ttm,65.0,195,balanced,NA,NA,0.4,0.6000000000000001,NA,NA
gamma_f,0.5,ccb_df,feasible_rate,0.9230769230769231,195,balanced,NA,NA,0.4,0.6000000000000001,NA,NA
gamma_f,0.5,ccb_df,avg_fatigue,0.5515846153846155,195,balanced,NA,NA,0.4,0.6000000000000001,NA,NA
gamma_f,0.5,ccb_df,learn_slope,0.0013986013986013986,195,balanced,NA,NA,0.4,0.6000000000000001,NA,NA
gamma_f,0.5,ccb_df,ttm,125.0,292,balanced,NA,NA,0.4,0.6000000000000001,NA,NA
gamma_f,0.5,ccb_df,feasible_rate,0.92,292,balanced,NA,NA,0.4,0.6000000000000001,NA,NA
gamma_f,0.5,ccb_df,avg_fatigue,0.5446538,292,balanced,NA,NA,0.4,0.6000000000000001,NA,NA
gamma_f,0.5,ccb_df,learn_slope,0.00038095238095238096,292,balanced,NA,NA,0.4,0.6000000000000001,NA,NA
gamma_f,0.5,ccb_df,ttm,75.0,389,balanced,NA,NA,0.4,0.6000000000000001,NA,NA
gamma_f,0.5,ccb_df,feasible_rate,0.96,389,balanced,NA,NA,0.4,0.6000000000000001,NA,NA
gamma_f,0.5,ccb_df,avg_fatigue,0.5004133333333334,389,balanced,NA,NA,0.4,0.6000000000000001,NA,NA
gamma_f,0.5,ccb_df,learn_slope,0.0010526315789473684,389,balanced,NA,NA,0.4,0.6000000000000001,NA,NA
gamma_f,0.5,ccb_df,ttm,139.0,486,balanced,NA,NA,0.4,0.6000000000000001,NA,NA
gamma_f,0.5,ccb_df,feasible_rate,0.8992805755395683,486,balanced,NA,NA,0.4,0.6000000000000001,NA,NA
gamma_f,0.5,ccb_df,avg_fatigue,0.5397082014388489,486,balanced,NA,NA,0.4,0.6000000000000001,NA,NA
gamma_f,0.5,ccb_df,learn_slope,0.00030832476875642344,486,balanced,NA,NA,0.4,0.6000000000000001,NA,NA
gamma_f,0.5,ccb_df,ttm,62.0,583,balanced,NA,NA,0.4,0.6000000000000001,NA,NA
gamma_f,0.5,ccb_df,feasible_rate,0.9193548387096774,583,balanced,NA,NA,0.4,0.6000000000000001,NA,NA
gamma_f,0.5,ccb_df,avg_fatigue,0.5497096774193548,583,balanced,NA,NA,0.4,0.6000000000000001,NA,NA
gamma_f,0.5,ccb_df,learn_slope,0.0015360983102918587,583,balanced,NA,NA,0.4,0.6000000000000001,NA,NA
gamma_f,0.5,ccb_df,ttm,115.0,680,balanced,NA,NA,0.4,0.6000000000000001,NA,NA
gamma_f,0.5,ccb_df,feasible_rate,0.8869565217391304,680,balanced,NA,NA,0.4,0.6000000000000001,NA,NA
gamma_f,0.5,ccb_df,avg_fatigue,0.5685478260869565,680,balanced,NA,NA,0.4,0.6000000000000001,NA,NA
gamma_f,0.5,ccb_df,learn_slope,0.0004497751124437781,680,balanced,NA,NA,0.4,0.6000000000000001,NA,NA
gamma_f,0.5,ccb_df,ttm,109.0,777,balanced,NA,NA,0.4,0.6000000000000001,NA,NA
gamma_f,0.5,ccb_df,feasible_rate,0.8899082568807339,777,balanced,NA,NA,0.4,0.6000000000000001,NA,NA
gamma_f,0.5,ccb_df,avg_fatigue,0.5572844036697246,777,balanced,NA,NA,0.4,0.6000000000000001,NA,NA
gamma_f,0.5,ccb_df,learn_slope,0.0005004170141784821,777,balanced,NA,NA,0.4,0.6000000000000001,NA,NA
gamma_f,0.5,ccb_df,ttm,144.0,874,balanced,NA,NA,0.4,0.6000000000000001,NA,NA
gamma_f,0.5,ccb_df,feasible_rate,0.8541666666666666,874,balanced,NA,NA,0.4,0.6000000000000001,NA,NA
gamma_f,0.5,ccb_df,avg_fatigue,0.5627172222222223,874,balanced,NA,NA,0.4,0.6000000000000001,NA,NA
gamma_f,0.5,ccb_df,learn_slope,0.00028735632183908046,874,balanced,NA,NA,0.4,0.6000000000000001,NA,NA
gamma_f,-0.5,safe_ac,ttm,91.0,1,balanced,NA,NA,0.4,0.2,NA,NA
gamma_f,-0.5,safe_ac,feasible_rate,0.8681318681318682,1,balanced,NA,NA,0.4,0.2,NA,NA
gamma_f,-0.5,safe_ac,avg_fatigue,0.5665604395604396,1,balanced,NA,NA,0.4,0.2,NA,NA
gamma_f,-0.5,safe_ac,learn_slope,0.0007166746297181081,1,balanced,NA,NA,0.4,0.2,NA,NA
gamma_f,-0.5,safe_ac,ttm,57.0,98,balanced,NA,NA,0.4,0.2,NA,NA
gamma_f,-0.5,safe_ac,feasible_rate,0.8947368421052632,98,balanced,NA,NA,0.4,0.2,NA,NA
gamma_f,-0.5,safe_ac,avg_fatigue,0.5361754385964911,98,balanced,NA,NA,0.4,0.2,NA,NA
gamma_f,-0.5,safe_ac,learn_slope,0.0018148820326678765,98,balanced,NA,NA,0.4,0.2,NA,NA
gamma_f,-0.5,safe_ac,ttm,47.0,195,balanced,NA,NA,0.4,0.2,NA,NA
gamma_f,-0.5,safe_ac,feasible_rate,0.9361702127659575,195,balanced,NA,NA,0.4,0.2,NA,NA
gamma_f,-0.5,safe_ac,avg_fatigue,0.554531914893617,195,balanced,NA,NA,0.4,0.2,NA,NA
gamma_f,-0.5,safe_ac,learn_slope,0.0026595744680851063,195,balanced,NA,NA,0.4,0.2,NA,NA
gamma_f,-0.5,safe_ac,ttm,166.0,292,balanced,NA,NA,0.4,0.2,NA,NA
gamma_f,-0.5,safe_ac,feasible_rate,0.8975903614457832,292,balanced,NA,NA,0.4,0.2,NA,NA
gamma_f,-0.5,safe_ac,avg_fatigue,0.5594472289156623,292,balanced,NA,NA,0.4,0.2,NA,NA
gamma_f,-0.5,safe_ac,learn_slope,0.00021643460067816175,292,balanced,NA,NA,0.4,0.2,NA,NA
gamma_f,-0.5,safe_ac,ttm,59.0,389,balanced,NA,NA,0.4,0.2,NA,NA
gamma_f,-0.5,safe_ac,feasible_rate,0.8813559322033898,389,balanced,NA,NA,0.4,0.2,NA,NA
gamma_f,-0.5,safe_ac,avg_fatigue,0.5475084745762712,389,balanced,NA,NA,0.4,0.2,NA,NA
gamma_f,-0.5,safe_ac,learn_slope,0.001694915254237288,389,balanced,NA,NA,0.4,0.2,NA,NA
gamma_f,-0.5,safe_ac,ttm,87.0,486,balanced,NA,NA,0.4,0.2,NA,NA
gamma_f,-0.5,safe_ac,feasible_rate,0.8850574712643678,486,balanced,NA,NA,0.4,0.2,NA,NA
gamma_f,-0.5,safe_ac,avg_fatigue,0.5615517241379311,486,balanced,NA,NA,0.4,0.2,NA,NA
gamma_f,-0.5,safe_ac,learn_slope,0.0007836990595611285,486,balanced,NA,NA,0.4,0.2,NA,NA
gamma_f,-0.5,safe_ac,ttm,72.0,583,balanced,NA,NA,0.4,0.2,NA,NA
gamma_f,-0.5,safe_ac,feasible_rate,0.9861111111111112,583,balanced,NA,NA,0.4,0.2,NA,NA
gamma_f,-0.5,safe_ac,avg_fatigue,0.4999027777777777,583,balanced,NA,NA,0.4,0.2,NA,NA
gamma_f,-0.5,safe_ac,learn_slope,0.001141552511415525,583,balanced,NA,NA,0.4,0.2,NA,NA
gamma_f,-0.5,safe_ac,ttm,52.0,680,balanced,NA,NA,0.4,0.2,NA,NA
gamma_f,-0.5,safe_ac,feasible_rate,0.9807692307692307,680,balanced,NA,NA,0.4,0.2,NA,NA
gamma_f,-0.5,safe_ac,avg_fatigue,0.45680769230769236,680,balanced,NA,NA,0.4,0.2,NA,NA
gamma_f,-0.5,safe_ac,learn_slope,0.0021770682148040637,680,balanced,NA,NA,0.4,0.2,NA,NA
gamma_f,-0.5,safe_ac,ttm,113.0,777,balanced,NA,NA,0.4,0.2,NA,NA
gamma_f,-0.5,safe_ac,feasible_rate,0.9469026548672567,777,balanced,NA,NA,0.4,0.2,NA,NA
gamma_f,-0.5,safe_ac,avg_fatigue,0.5285044247787608,777,balanced,NA,NA,0.4,0.2,NA,NA
gamma_f,-0.5,safe_ac,learn_slope,0.0004657661853749418,777,balanced,NA,NA,0.4,0.2,NA,NA
gamma_f,-0.5,safe_ac,ttm,50.0,874,balanced,NA,NA,0.4,0.2,NA,NA
gamma_f,-0.5,safe_ac,feasible_rate,0.9,874,balanced,NA,NA,0.4,0.2,NA,NA
gamma_f,-0.5,safe_ac,avg_fatigue,0.5576599999999998,874,balanced,NA,NA,0.4,0.2,NA,NA
gamma_f,-0.5,safe_ac,learn_slope,0.002352941176470588,874,balanced,NA,NA,0.4,0.2,NA,NA
gamma_f,-0.25,safe_ac,ttm,91.0,1,balanced,NA,NA,0.4,0.30000000000000004,NA,NA
gamma_f,-0.25,safe_ac,feasible_rate,0.8681318681318682,1,balanced,NA,NA,0.4,0.30000000000000004,NA,NA
gamma_f,-0.25,safe_ac,avg_fatigue,0.5665604395604396,1,balanced,NA,NA,0.4,0.30000000000000004,NA,NA
gamma_f,-0.25,safe_ac,learn_slope,0.0007166746297181081,1,balanced,NA,NA,0.4,0.30000000000000004,NA,NA
gamma_f,-0.25,safe_ac,ttm,126.0,98,balanced,NA,NA,0.4,0.30000000000000004,NA,NA
gamma_f,-0.25,safe_ac,feasible_rate,0.9047619047619048,98,balanced,NA,NA,0.4,0.30000000000000004,NA,NA
gamma_f,-0.25,safe_ac,avg_fatigue,0.5426611111111106,98,balanced,NA,NA,0.4,0.30000000000000004,NA,NA
gamma_f,-0.25,safe_ac,learn_slope,0.0003749531308586427,98,balanced,NA,NA,0.4,0.30000000000000004,NA,NA
gamma_f,-0.25,safe_ac,ttm,47.0,195,balanced,NA,NA,0.4,0.30000000000000004,NA,NA
gamma_f,-0.25,safe_ac,feasible_rate,0.9361702127659575,195,balanced,NA,NA,0.4,0.30000000000000004,NA,NA
gamma_f,-0.25,safe_ac,avg_fatigue,0.554531914893617,195,balanced,NA,NA,0.4,0.30000000000000004,NA,NA
gamma_f,-0.25,safe_ac,learn_slope,0.0026595744680851063,195,balanced,NA,NA,0.4,0.30000000000000004,NA,NA
gamma_f,-0.25,safe_ac,ttm,74.0,292,balanced,NA,NA,0.4,0.30000000000000004,NA,NA
gamma_f,-0.25,safe_ac,feasible_rate,0.8648648648648649,292,balanced,NA,NA,0.4,0.30000000000000004,NA,NA
gamma_f,-0.25,safe_ac,avg_fatigue,0.5748243243243242,292,balanced,NA,NA,0.4,0.30000000000000004,NA,NA
gamma_f,-0.25,safe_ac,learn_slope,0.001081081081081081,292,balanced,NA,NA,0.4,0.30000000000000004,NA,NA
gamma_f,-0.25,safe_ac,ttm,59.0,389,balanced,NA,NA,0.4,0.30000000000000004,NA,NA
gamma_f,-0.25,safe_ac,feasible_rate,0.8813559322033898,389,balanced,NA,NA,0.4,0.30000000000000004,NA,NA
gamma_f,-0.25,safe_ac,avg_fatigue,0.5475084745762712,389,balanced,NA,NA,0.4,0.30000000000000004,NA,NA
gamma_f,-0.25,safe_ac,learn_slope,0.001694915254237288,389,balanced,NA,NA,0.4,0.30000000000000004,NA,NA
gamma_f,-0.25,safe_ac,ttm,87.0,486,balanced,NA,NA,0.4,0.30000000000000004,NA,NA
gamma_f,-0.25,safe_ac,feasible_rate,0.8850574712643678,486,balanced,NA,NA,0.4,0.30000000000000004,NA,NA
gamma_f,-0.25,safe_ac,avg_fatigue,0.5615517241379311,486,balanced,NA,NA,0.4,0.30000000000000004,NA,NA
gamma_f,-0.25,safe_ac,learn_slope,0.0007836990595611285,486,balanced,NA,NA,0.4,0.30000000000000004,NA,NA
gamma_f,-0.25,safe_ac,ttm,72.0,583,balanced,NA,NA,0.4,0.30000000000000004,NA,NA
gamma_f,-0.25,safe_ac,feasible_rate,0.9861111111111112,583,balanced,NA,NA,0.4,0.30000000000000004,NA,NA
gamma_f,-0.25,safe_ac,avg_fatigue,0.4999027777777777,583,balanced,NA,NA,0.4,0.30000000000000004,NA,NA
gamma_f,-0.25,safe_ac,learn_slope,0.001141552511415525,583,balanced,NA,NA,0.4,0.30000000000000004,NA,NA
gamma_f,-0.25,safe_ac,ttm,52.0,680,balanced,NA,NA,0.4,0.30000000000000004,NA,NA
gamma_f,-0.25,safe_ac,feasible_rate,0.9807692307692307,680,balanced,NA,NA,0.4,0.30000000000000004,NA,NA
gamma_f,-0.25,safe_ac,avg_fatigue,0.45680769230769236,680,balanced,NA,NA,0.4,0.30000000000000004,NA,NA
gamma_f,-0.25,safe_ac,learn_slope,0.0021770682148040637,680,balanced,NA,NA,0.4,0.30000000000000004,NA,NA
gamma_f,-0.25,safe_ac,ttm,113.0,777,balanced,NA,NA,0.4,0.30000000000000004,NA,NA
gamma_f,-0.25,safe_ac,feasible_rate,0.9469026548672567,777,balanced,NA,NA,0.4,0.30000000000000004,NA,NA
gamma_f,-0.25,safe_ac,avg_fatigue,0.5285044247787608,777,balanced,NA,NA,0.4,0.30000000000000004,NA,NA
gamma_f,-0.25,safe_ac,learn_slope,0.0004657661853749418,777,balanced,NA,NA,0.4,0.30000000000000004,NA,NA
gamma_f,-0.25,safe_ac,ttm,50.0,874,balanced,NA,NA,0.4,0.30000000000000004,NA,NA
gamma_f,-0.25,safe_ac,feasible_rate,0.9,874,balanced,NA,NA,0.4,0.30000000000000004,NA,NA
gamma_f,-0.25,safe_ac,avg_fatigue,0.5576599999999998,874,balanced,NA,NA,0.4,0.30000000000000004,NA,NA
gamma_f,-0.25,safe_ac,learn_slope,0.002352941176470588,874,balanced,NA,NA,0.4,0.30000000000000004,NA,NA
gamma_f,0.0,safe_ac,ttm,91.0,1,balanced,NA,NA,0.4,0.4,NA,NA
gamma_f,0.0,safe_ac,feasible_rate,0.8681318681318682,1,balanced,NA,NA,0.4,0.4,NA,NA
gamma_f,0.0,safe_ac,avg_fatigue,0.5665604395604396,1,balanced,NA,NA,0.4,0.4,NA,NA
gamma_f,0.0,safe_ac,learn_slope,0.0007166746297181081,1,balanced,NA,NA,0.4,0.4,NA,NA
gamma_f,0.0,safe_ac,ttm,126.0,98,balanced,NA,NA,0.4,0.4,NA,NA
gamma_f,0.0,safe_ac,feasible_rate,0.9047619047619048,98,balanced,NA,NA,0.4,0.4,NA,NA
gamma_f,0.0,safe_ac,avg_fatigue,0.5426611111111106,98,balanced,NA,NA,0.4,0.4,NA,NA
gamma_f,0.0,safe_ac,learn_slope,0.0003749531308586427,98,balanced,NA,NA,0.4,0.4,NA,NA
gamma_f,0.0,safe_ac,ttm,47.0,195,balanced,NA,NA,0.4,0.4,NA,NA
gamma_f,0.0,safe_ac,feasible_rate,0.9361702127659575,195,balanced,NA,NA,0.4,0.4,NA,NA
gamma_f,0.0,safe_ac,avg_fatigue,0.554531914893617,195,balanced,NA,NA,0.4,0.4,NA,NA
gamma_f,0.0,safe_ac,learn_slope,0.0026595744680851063,195,balanced,NA,NA,0.4,0.4,NA,NA
gamma_f,0.0,safe_ac,ttm,74.0,292,balanced,NA,NA,0.4,0.4,NA,NA
gamma_f,0.0,safe_ac,feasible_rate,0.8648648648648649,292,balanced,NA,NA,0.4,0.4,NA,NA
gamma_f,0.0,safe_ac,avg_fatigue,0.5748243243243242,292,balanced,NA,NA,0.4,0.4,NA,NA
gamma_f,0.0,safe_ac,learn_slope,0.001081081081081081,292,balanced,NA,NA,0.4,0.4,NA,NA
gamma_f,0.0,safe_ac,ttm,59.0,389,balanced,NA,NA,0.4,0.4,NA,NA
gamma_f,0.0,safe_ac,feasible_rate,0.8813559322033898,389,balanced,NA,NA,0.4,0.4,NA,NA
gamma_f,0.0,safe_ac,avg_fatigue,0.5475084745762712,389,balanced,NA,NA,0.4,0.4,NA,NA
gamma_f,0.0,safe_ac,learn_slope,0.001694915254237288,389,balanced,NA,NA,0.4,0.4,NA,NA
gamma_f,0.0,safe_ac,ttm,97.0,486,balanced,NA,NA,0.4,0.4,NA,NA
gamma_f,0.0,safe_ac,feasible_rate,0.8969072164948454,486,balanced,NA,NA,0.4,0.4,NA,NA
gamma_f,0.0,safe_ac,avg_fatigue,0.5611649484536082,486,balanced,NA,NA,0.4,0.4,NA,NA
gamma_f,0.0,safe_ac,learn_slope,0.0006311803071744162,486,balanced,NA,NA,0.4,0.4,NA,NA
gamma_f,0.0,safe_ac,ttm,72.0,583,balanced,NA,NA,0.4,0.4,NA,NA
gamma_f,0.0,safe_ac,feasible_rate,0.9861111111111112,583,balanced,NA,NA,0.4,0.4,NA,NA
gamma_f,0.0,safe_ac,avg_fatigue,0.4999027777777777,583,balanced,NA,NA,0.4,0.4,NA,NA
gamma_f,0.0,safe_ac,learn_slope,0.001141552511415525,583,balanced,NA,NA,0.4,0.4,NA,NA
gamma_f,0.0,safe_ac,ttm,52.0,680,balanced,NA,NA,0.4,0.4,NA,NA
gamma_f,0.0,safe_ac,feasible_rate,0.9807692307692307,680,balanced,NA,NA,0.4,0.4,NA,NA
gamma_f,0.0,safe_ac,avg_fatigue,0.45680769230769236,680,balanced,NA,NA,0.4,0.4,NA,NA
gamma_f,0.0,safe_ac,learn_slope,0.0021770682148040637,680,balanced,NA,NA,0.4,0.4,NA,NA
gamma_f,0.0,safe_ac,ttm,113.0,777,balanced,NA,NA,0.4,0.4,NA,NA
gamma_f,0.0,safe_ac,feasible_rate,0.9469026548672567,777,balanced,NA,NA,0.4,0.4,NA,NA
gamma_f,0.0,safe_ac,avg_fatigue,0.5285044247787608,777,balanced,NA,NA,0.4,0.4,NA,NA
gamma_f,0.0,safe_ac,learn_slope,0.0004657661853749418,777,balanced,NA,NA,0.4,0.4,NA,NA
gamma_f,0.0,safe_ac,ttm,50.0,874,balanced,NA,NA,0.4,0.4,NA,NA
gamma_f,0.0,safe_ac,feasible_rate,0.9,874,balanced,NA,NA,0.4,0.4,NA,NA
gamma_f,0.0,safe_ac,avg_fatigue,0.5576599999999998,874,balanced,NA,NA,0.4,0.4,NA,NA
gamma_f,0.0,safe_ac,learn_slope,0.002352941176470588,874,balanced,NA,NA,0.4,0.4,NA,NA
gamma_f,0.25,safe_ac,ttm,91.0,1,balanced,NA,NA,0.4,0.5,NA,NA
gamma_f,0.25,safe_ac,feasible_rate,0.8681318681318682,1,balanced,NA,NA,0.4,0.5,NA,NA
gamma_f,0.25,safe_ac,avg_fatigue,0.5665604395604396,1,balanced,NA,NA,0.4,0.5,NA,NA
gamma_f,0.25,safe_ac,learn_slope,0.0007166746297181081,1,balanced,NA,NA,0.4,0.5,NA,NA
gamma_f,0.25,safe_ac,ttm,126.0,98,balanced,NA,NA,0.4,0.5,NA,NA
gamma_f,0.25,safe_ac,feasible_rate,0.9047619047619048,98,balanced,NA,NA,0.4,0.5,NA,NA
gamma_f,0.25,safe_ac,avg_fatigue,0.5426611111111106,98,balanced,NA,NA,0.4,0.5,NA,NA
gamma_f,0.25,safe_ac,learn_slope,0.0003749531308586427,98,balanced,NA,NA,0.4,0.5,NA,NA
gamma_f,0.25,safe_ac,ttm,47.0,195,balanced,NA,NA,0.4,0.5,NA,NA
gamma_f,0.25,safe_ac,feasible_rate,0.9361702127659575,195,balanced,NA,NA,0.4,0.5,NA,NA
gamma_f,0.25,safe_ac,avg_fatigue,0.554531914893617,195,balanced,NA,NA,0.4,0.5,NA,NA
gamma_f,0.25,safe_ac,learn_slope,0.0026595744680851063,195,balanced,NA,NA,0.4,0.5,NA,NA
gamma_f,0.25,safe_ac,ttm,74.0,292,balanced,NA,NA,0.4,0.5,NA,NA
gamma_f,0.25,safe_ac,feasible_rate,0.8648648648648649,292,balanced,NA,NA,0.4,0.5,NA,NA
gamma_f,0.25,safe_ac,avg_fatigue,0.5748243243243242,292,balanced,NA,NA,0.4,0.5,NA,NA
gamma_f,0.25,safe_ac,learn_slope,0.001081081081081081,292,balanced,NA,NA,0.4,0.5,NA,NA
gamma_f,0.25,safe_ac,ttm,59.0,389,balanced,NA,NA,0.4,0.5,NA,NA
gamma_f,0.25,safe_ac,feasible_rate,0.8813559322033898,389,balanced,NA,NA,0.4,0.5,NA,NA
gamma_f,0.25,safe_ac,avg_fatigue,0.5475084745762712,389,balanced,NA,NA,0.4,0.5,NA,NA
gamma_f,0.25,safe_ac,learn_slope,0.001694915254237288,389,balanced,NA,NA,0.4,0.5,NA,NA
gamma_f,0.25,safe_ac,ttm,97.0,486,balanced,NA,NA,0.4,0.5,NA,NA
gamma_f,0.25,safe_ac,feasible_rate,0.8969072164948454,486,balanced,NA,NA,0.4,0.5,NA,NA
gamma_f,0.25,safe_ac,avg_fatigue,0.5611649484536082,486,balanced,NA,NA,0.4,0.5,NA,NA
gamma_f,0.25,safe_ac,learn_slope,0.0006311803071744162,486,balanced,NA,NA,0.4,0.5,NA,NA
gamma_f,0.25,safe_ac,ttm,72.0,583,balanced,NA,NA,0.4,0.5,NA,NA
gamma_f,0.25,safe_ac,feasible_rate,0.9861111111111112,583,balanced,NA,NA,0.4,0.5,NA,NA
gamma_f,0.25,safe_ac,avg_fatigue,0.4999027777777777,583,balanced,NA,NA,0.4,0.5,NA,NA
gamma_f,0.25,safe_ac,learn_slope,0.001141552511415525,583,balanced,NA,NA,0.4,0.5,NA,NA
gamma_f,0.25,safe_ac,ttm,52.0,680,balanced,NA,NA,0.4,0.5,NA,NA
gamma_f,0.25,safe_ac,feasible_rate,0.9807692307692307,680,balanced,NA,NA,0.4,0.5,NA,NA
gamma_f,0.25,safe_ac,avg_fatigue,0.45680769230769236,680,balanced,NA,NA,0.4,0.5,NA,NA
gamma_f,0.25,safe_ac,learn_slope,0.0021770682148040637,680,balanced,NA,NA,0.4,0.5,NA,NA
gamma_f,0.25,safe_ac,ttm,113.0,777,balanced,NA,NA,0.4,0.5,NA,NA
gamma_f,0.25,safe_ac,feasible_rate,0.9469026548672567,777,balanced,NA,NA,0.4,0.5,NA,NA
gamma_f,0.25,safe_ac,avg_fatigue,0.5285044247787608,777,balanced,NA,NA,0.4,0.5,NA,NA
gamma_f,0.25,safe_ac,learn_slope,0.0004657661853749418,777,balanced,NA,NA,0.4,0.5,NA,NA
gamma_f,0.25,safe_ac,ttm,50.0,874,balanced,NA,NA,0.4,0.5,NA,NA
gamma_f,0.25,safe_ac,feasible_rate,0.9,874,balanced,NA,NA,0.4,0.5,NA,NA
gamma_f,0.25,safe_ac,avg_fatigue,0.5576599999999998,874,balanced,NA,NA,0.4,0.5,NA,NA
gamma_f,0.25,safe_ac,learn_slope,0.002352941176470588,874,balanced,NA,NA,0.4,0.5,NA,NA
gamma_f,0.5,safe_ac,ttm,91.0,1,balanced,NA,NA,0.4,0.6000000000000001,NA,NA
gamma_f,0.5,safe_ac,feasible_rate,0.8681318681318682,1,balanced,NA,NA,0.4,0.6000000000000001,NA,NA
gamma_f,0.5,safe_ac,avg_fatigue,0.5665604395604396,1,balanced,NA,NA,0.4,0.6000000000000001,NA,NA
gamma_f,0.5,safe_ac,learn_slope,0.0007166746297181081,1,balanced,NA,NA,0.4,0.6000000000000001,NA,NA
gamma_f,0.5,safe_ac,ttm,126.0,98,balanced,NA,NA,0.4,0.6000000000000001,NA,NA
gamma_f,0.5,safe_ac,feasible_rate,0.9047619047619048,98,balanced,NA,NA,0.4,0.6000000000000001,NA,NA
gamma_f,0.5,safe_ac,avg_fatigue,0.5426611111111106,98,balanced,NA,NA,0.4,0.6000000000000001,NA,NA
gamma_f,0.5,safe_ac,learn_slope,0.0003749531308586427,98,balanced,NA,NA,0.4,0.6000000000000001,NA,NA
gamma_f,0.5,safe_ac,ttm,47.0,195,balanced,NA,NA,0.4,0.6000000000000001,NA,NA
gamma_f,0.5,safe_ac,feasible_rate,0.9361702127659575,195,balanced,NA,NA,0.4,0.6000000000000001,NA,NA
gamma_f,0.5,safe_ac,avg_fatigue,0.554531914893617,195,balanced,NA,NA,0.4,0.6000000000000001,NA,NA
gamma_f,0.5,safe_ac,learn_slope,0.0026595744680851063,195,balanced,NA,NA,0.4,0.6000000000000001,NA,NA
gamma_f,0.5,safe_ac,ttm,74.0,292,balanced,NA,NA,0.4,0.6000000000000001,NA,NA
gamma_f,0.5,safe_ac,feasible_rate,0.8648648648648649,292,balanced,NA,NA,0.4,0.6000000000000001,NA,NA
gamma_f,0.5,safe_ac,avg_fatigue,0.5748243243243242,292,balanced,NA,NA,0.4,0.6000000000000001,NA,NA
gamma_f,0.5,safe_ac,learn_slope,0.001081081081081081,292,balanced,NA,NA,0.4,0.6000000000000001,NA,NA
gamma_f,0.5,safe_ac,ttm,59.0,389,balanced,NA,NA,0.4,0.6000000000000001,NA,NA
gamma_f,0.5,safe_ac,feasible_rate,0.8813559322033898,389,balanced,NA,NA,0.4,0.6000000000000001,NA,NA
gamma_f,0.5,safe_ac,avg_fatigue,0.5475084745762712,389,balanced,NA,NA,0.4,0.6000000000000001,NA,NA
gamma_f,0.5,safe_ac,learn_slope,0.001694915254237288,389,balanced,NA,NA,0.4,0.6000000000000001,NA,NA
gamma_f,0.5,safe_ac,ttm,97.0,486,balanced,NA,NA,0.4,0.6000000000000001,NA,NA
gamma_f,0.5,safe_ac,feasible_rate,0.8969072164948454,486,balanced,NA,NA,0.4,0.6000000000000001,NA,NA
gamma_f,0.5,safe_ac,avg_fatigue,0.5611649484536082,486,balanced,NA,NA,0.4,0.6000000000000001,NA,NA
gamma_f,0.5,safe_ac,learn_slope,0.0006311803071744162,486,balanced,NA,NA,0.4,0.6000000000000001,NA,NA
gamma_f,0.5,safe_ac,ttm,72.0,583,balanced,NA,NA,0.4,0.6000000000000001,NA,NA
gamma_f,0.5,safe_ac,feasible_rate,0.9861111111111112,583,balanced,NA,NA,0.4,0.6000000000000001,NA,NA
gamma_f,0.5,safe_ac,avg_fatigue,0.4999027777777777,583,balanced,NA,NA,0.4,0.6000000000000001,NA,NA
gamma_f,0.5,safe_ac,learn_slope,0.001141552511415525,583,balanced,NA,NA,0.4,0.6000000000000001,NA,NA
gamma_f,0.5,safe_ac,ttm,52.0,680,balanced,NA,NA,0.4,0.6000000000000001,NA,NA
gamma_f,0.5,safe_ac,feasible_rate,0.9807692307692307,680,balanced,NA,NA,0.4,0.6000000000000001,NA,NA
gamma_f,0.5,safe_ac,avg_fatigue,0.45680769230769236,680,balanced,NA,NA,0.4,0.6000000000000001,NA,NA
gamma_f,0.5,safe_ac,learn_slope,0.0021770682148040637,680,balanced,NA,NA,0.4,0.6000000000000001,NA,NA
gamma_f,0.5,safe_ac,ttm,113.0,777,balanced,NA,NA,0.4,0.6000000000000001,NA,NA
gamma_f,0.5,safe_ac,feasible_rate,0.9469026548672567,777,balanced,NA,NA,0.4,0.6000000000000001,NA,NA
gamma_f,0.5,safe_ac,avg_fatigue,0.5285044247787608,777,balanced,NA,NA,0.4,0.6000000000000001,NA,NA
gamma_f,0.5,safe_ac,learn_slope,0.0004657661853749418,777,balanced,NA,NA,0.4,0.6000000000000001,NA,NA
gamma_f,0.5,safe_ac,ttm,50.0,874,balanced,NA,NA,0.4,0.6000000000000001,NA,NA
gamma_f,0.5,safe_ac,feasible_rate,0.9,874,balanced,NA,NA,0.4,0.6000000000000001,NA,NA
gamma_f,0.5,safe_ac,avg_fatigue,0.5576599999999998,874,balanced,NA,NA,0.4,0.6000000000000001,NA,NA
gamma_f,0.5,safe_ac,learn_slope,0.002352941176470588,874,balanced,NA,NA,0.4,0.6000000000000001,NA,NA
gamma_f,-0.5,autocurriculum,ttm,600.0,1,balanced,NA,NA,0.4,0.2,NA,NA
gamma_f,-0.5,autocurriculum,feasible_rate,0.9316666666666666,1,balanced,NA,NA,0.4,0.2,NA,NA
gamma_f,-0.5,autocurriculum,avg_fatigue,0.5353078647945031,1,balanced,NA,NA,0.4,0.2,NA,NA
gamma_f,-0.5,autocurriculum,learn_slope,0.0,1,balanced,NA,NA,0.4,0.2,NA,NA
gamma_f,-0.5,autocurriculum,ttm,600.0,98,balanced,NA,NA,0.4,0.2,NA,NA
gamma_f,-0.5,autocurriculum,feasible_rate,0.9366666666666666,98,balanced,NA,NA,0.4,0.2,NA,NA
gamma_f,-0.5,autocurriculum,avg_fatigue,0.5330981362776924,98,balanced,NA,NA,0.4,0.2,NA,NA
gamma_f,-0.5,autocurriculum,learn_slope,0.0,98,balanced,NA,NA,0.4,0.2,NA,NA
gamma_f,-0.5,autocurriculum,ttm,600.0,195,balanced,NA,NA,0.4,0.2,NA,NA
gamma_f,-0.5,autocurriculum,feasible_rate,0.9383333333333334,195,balanced,NA,NA,0.4,0.2,NA,NA
gamma_f,-0.5,autocurriculum,avg_fatigue,0.5258852680524648,195,balanced,NA,NA,0.4,0.2,NA,NA
gamma_f,-0.5,autocurriculum,learn_slope,0.0,195,balanced,NA,NA,0.4,0.2,NA,NA
gamma_f,-0.5,autocurriculum,ttm,600.0,292,balanced,NA,NA,0.4,0.2,NA,NA
gamma_f,-0.5,autocurriculum,feasible_rate,0.92,292,balanced,NA,NA,0.4,0.2,NA,NA
gamma_f,-0.5,autocurriculum,avg_fatigue,0.5342509327861482,292,balanced,NA,NA,0.4,0.2,NA,NA
gamma_f,-0.5,autocurriculum,learn_slope,0.0,292,balanced,NA,NA,0.4,0.2,NA,NA
gamma_f,-0.5,autocurriculum,ttm,600.0,389,balanced,NA,NA,0.4,0.2,NA,NA
gamma_f,-0.5,autocurriculum,feasible_rate,0.9416666666666667,389,balanced,NA,NA,0.4,0.2,NA,NA
gamma_f,-0.5,autocurriculum,avg_fatigue,0.5294468906505126,389,balanced,NA,NA,0.4,0.2,NA,NA
gamma_f,-0.5,autocurriculum,learn_slope,0.0,389,balanced,NA,NA,0.4,0.2,NA,NA
gamma_f,-0.5,autocurriculum,ttm,600.0,486,balanced,NA,NA,0.4,0.2,NA,NA
gamma_f,-0.5,autocurriculum,feasible_rate,0.9183333333333333,486,balanced,NA,NA,0.4,0.2,NA,NA
gamma_f,-0.5,autocurriculum,avg_fatigue,0.5372370764072943,486,balanced,NA,NA,0.4,0.2,NA,NA
gamma_f,-0.5,autocurriculum,learn_slope,0.0,486,balanced,NA,NA,0.4,0.2,NA,NA
gamma_f,-0.5,autocurriculum,ttm,600.0,583,balanced,NA,NA,0.4,0.2,NA,NA
gamma_f,-0.5,autocurriculum,feasible_rate,0.9333333333333333,583,balanced,NA,NA,0.4,0.2,NA,NA
gamma_f,-0.5,autocurriculum,avg_fatigue,0.5212384426302065,583,balanced,NA,NA,0.4,0.2,NA,NA
gamma_f,-0.5,autocurriculum,learn_slope,0.0,583,balanced,NA,NA,0.4,0.2,NA,NA
gamma_f,-0.5,autocurriculum,ttm,600.0,680,balanced,NA,NA,0.4,0.2,NA,NA
gamma_f,-0.5,autocurriculum,feasible_rate,0.9366666666666666,680,balanced,NA,NA,0.4,0.2,NA,NA
gamma_f,-0.5,autocurriculum,avg_fatigue,0.5183120762975901,680,balanced,NA,NA,0.4,0.2,NA,NA
gamma_f,-0.5,autocurriculum,learn_slope,0.0,680,balanced,NA,NA,0.4,0.2,NA,NA
gamma_f,-0.5,autocurriculum,ttm,600.0,777,balanced,NA,NA,0.4,0.2,NA,NA
gamma_f,-0.5,autocurriculum,feasible_rate,0.96,777,balanced,NA,NA,0.4,0.2,NA,NA
gamma_f,-0.5,autocurriculum,avg_fatigue,0.5131845791440768,777,balanced,NA,NA,0.4,0.2,NA,NA
gamma_f,-0.5,autocurriculum,learn_slope,0.0,777,balanced,NA,NA,0.4,0.2,NA,NA
gamma_f,-0.5,autocurriculum,ttm,600.0,874,balanced,NA,NA,0.4,0.2,NA,NA
gamma_f,-0.5,autocurriculum,feasible_rate,0.9333333333333333,874,balanced,NA,NA,0.4,0.2,NA,NA
gamma_f,-0.5,autocurriculum,avg_fatigue,0.530290058458074,874,balanced,NA,NA,0.4,0.2,NA,NA
gamma_f,-0.5,autocurriculum,learn_slope,0.0,874,balanced,NA,NA,0.4,0.2,NA,NA
gamma_f,-0.25,autocurriculum,ttm,600.0,1,balanced,NA,NA,0.4,0.30000000000000004,NA,NA
gamma_f,-0.25,autocurriculum,feasible_rate,0.9316666666666666,1,balanced,NA,NA,0.4,0.30000000000000004,NA,NA
gamma_f,-0.25,autocurriculum,avg_fatigue,0.5353078647945031,1,balanced,NA,NA,0.4,0.30000000000000004,NA,NA
gamma_f,-0.25,autocurriculum,learn_slope,0.0,1,balanced,NA,NA,0.4,0.30000000000000004,NA,NA
gamma_f,-0.25,autocurriculum,ttm,600.0,98,balanced,NA,NA,0.4,0.30000000000000004,NA,NA
gamma_f,-0.25,autocurriculum,feasible_rate,0.9366666666666666,98,balanced,NA,NA,0.4,0.30000000000000004,NA,NA
gamma_f,-0.25,autocurriculum,avg_fatigue,0.5330981362776924,98,balanced,NA,NA,0.4,0.30000000000000004,NA,NA
gamma_f,-0.25,autocurriculum,learn_slope,0.0,98,balanced,NA,NA,0.4,0.30000000000000004,NA,NA
gamma_f,-0.25,autocurriculum,ttm,600.0,195,balanced,NA,NA,0.4,0.30000000000000004,NA,NA
gamma_f,-0.25,autocurriculum,feasible_rate,0.9383333333333334,195,balanced,NA,NA,0.4,0.30000000000000004,NA,NA
gamma_f,-0.25,autocurriculum,avg_fatigue,0.5258852680524648,195,balanced,NA,NA,0.4,0.30000000000000004,NA,NA
gamma_f,-0.25,autocurriculum,learn_slope,0.0,195,balanced,NA,NA,0.4,0.30000000000000004,NA,NA
gamma_f,-0.25,autocurriculum,ttm,600.0,292,balanced,NA,NA,0.4,0.30000000000000004,NA,NA
gamma_f,-0.25,autocurriculum,feasible_rate,0.92,292,balanced,NA,NA,0.4,0.30000000000000004,NA,NA
gamma_f,-0.25,autocurriculum,avg_fatigue,0.5342509327861482,292,balanced,NA,NA,0.4,0.30000000000000004,NA,NA
gamma_f,-0.25,autocurriculum,learn_slope,0.0,292,balanced,NA,NA,0.4,0.30000000000000004,NA,NA
gamma_f,-0.25,autocurriculum,ttm,600.0,389,balanced,NA,NA,0.4,0.30000000000000004,NA,NA
gamma_f,-0.25,autocurriculum,feasible_rate,0.9416666666666667,389,balanced,NA,NA,0.4,0.30000000000000004,NA,NA
gamma_f,-0.25,autocurriculum,avg_fatigue,0.5294468906505126,389,balanced,NA,NA,0.4,0.30000000000000004,NA,NA
gamma_f,-0.25,autocurriculum,learn_slope,0.0,389,balanced,NA,NA,0.4,0.30000000000000004,NA,NA
gamma_f,-0.25,autocurriculum,ttm,600.0,486,balanced,NA,NA,0.4,0.30000000000000004,NA,NA
gamma_f,-0.25,autocurriculum,feasible_rate,0.9183333333333333,486,balanced,NA,NA,0.4,0.30000000000000004,NA,NA
gamma_f,-0.25,autocurriculum,avg_fatigue,0.5372370764072943,486,balanced,NA,NA,0.4,0.30000000000000004,NA,NA
gamma_f,-0.25,autocurriculum,learn_slope,0.0,486,balanced,NA,NA,0.4,0.30000000000000004,NA,NA
gamma_f,-0.25,autocurriculum,ttm,600.0,583,balanced,NA,NA,0.4,0.30000000000000004,NA,NA
gamma_f,-0.25,autocurriculum,feasible_rate,0.9333333333333333,583,balanced,NA,NA,0.4,0.30000000000000004,NA,NA
gamma_f,-0.25,autocurriculum,avg_fatigue,0.5212384426302065,583,balanced,NA,NA,0.4,0.30000000000000004,NA,NA
gamma_f,-0.25,autocurriculum,learn_slope,0.0,583,balanced,NA,NA,0.4,0.30000000000000004,NA,NA
gamma_f,-0.25,autocurriculum,ttm,600.0,680,balanced,NA,NA,0.4,0.30000000000000004,NA,NA
gamma_f,-0.25,autocurriculum,feasible_rate,0.9366666666666666,680,balanced,NA,NA,0.4,0.30000000000000004,NA,NA
gamma_f,-0.25,autocurriculum,avg_fatigue,0.5183120762975901,680,balanced,NA,NA,0.4,0.30000000000000004,NA,NA
gamma_f,-0.25,autocurriculum,learn_slope,0.0,680,balanced,NA,NA,0.4,0.30000000000000004,NA,NA
gamma_f,-0.25,autocurriculum,ttm,600.0,777,balanced,NA,NA,0.4,0.30000000000000004,NA,NA
gamma_f,-0.25,autocurriculum,feasible_rate,0.96,777,balanced,NA,NA,0.4,0.30000000000000004,NA,NA
gamma_f,-0.25,autocurriculum,avg_fatigue,0.5131845791440768,777,balanced,NA,NA,0.4,0.30000000000000004,NA,NA
gamma_f,-0.25,autocurriculum,learn_slope,0.0,777,balanced,NA,NA,0.4,0.30000000000000004,NA,NA
gamma_f,-0.25,autocurriculum,ttm,600.0,874,balanced,NA,NA,0.4,0.30000000000000004,NA,NA
gamma_f,-0.25,autocurriculum,feasible_rate,0.9333333333333333,874,balanced,NA,NA,0.4,0.30000000000000004,NA,NA
gamma_f,-0.25,autocurriculum,avg_fatigue,0.530290058458074,874,balanced,NA,NA,0.4,0.30000000000000004,NA,NA
gamma_f,-0.25,autocurriculum,learn_slope,0.0,874,balanced,NA,NA,0.4,0.30000000000000004,NA,NA
gamma_f,0.0,autocurriculum,ttm,600.0,1,balanced,NA,NA,0.4,0.4,NA,NA
gamma_f,0.0,autocurriculum,feasible_rate,0.9316666666666666,1,balanced,NA,NA,0.4,0.4,NA,NA
gamma_f,0.0,autocurriculum,avg_fatigue,0.5353078647945031,1,balanced,NA,NA,0.4,0.4,NA,NA
gamma_f,0.0,autocurriculum,learn_slope,0.0,1,balanced,NA,NA,0.4,0.4,NA,NA
gamma_f,0.0,autocurriculum,ttm,600.0,98,balanced,NA,NA,0.4,0.4,NA,NA
gamma_f,0.0,autocurriculum,feasible_rate,0.9366666666666666,98,balanced,NA,NA,0.4,0.4,NA,NA
gamma_f,0.0,autocurriculum,avg_fatigue,0.5330981362776924,98,balanced,NA,NA,0.4,0.4,NA,NA
gamma_f,0.0,autocurriculum,learn_slope,0.0,98,balanced,NA,NA,0.4,0.4,NA,NA
gamma_f,0.0,autocurriculum,ttm,600.0,195,balanced,NA,NA,0.4,0.4,NA,NA
gamma_f,0.0,autocurriculum,feasible_rate,0.9383333333333334,195,balanced,NA,NA,0.4,0.4,NA,NA
gamma_f,0.0,autocurriculum,avg_fatigue,0.5258852680524648,195,balanced,NA,NA,0.4,0.4,NA,NA
gamma_f,0.0,autocurriculum,learn_slope,0.0,195,balanced,NA,NA,0.4,0.4,NA,NA
gamma_f,0.0,autocurriculum,ttm,600.0,292,balanced,NA,NA,0.4,0.4,NA,NA
gamma_f,0.0,autocurriculum,feasible_rate,0.92,292,balanced,NA,NA,0.4,0.4,NA,NA
gamma_f,0.0,autocurriculum,avg_fatigue,0.5342509327861482,292,balanced,NA,NA,0.4,0.4,NA,NA
gamma_f,0.0,autocurriculum,learn_slope,0.0,292,balanced,NA,NA,0.4,0.4,NA,NA
gamma_f,0.0,autocurriculum,ttm,600.0,389,balanced,NA,NA,0.4,0.4,NA,NA
gamma_f,0.0,autocurriculum,feasible_rate,0.9416666666666667,389,balanced,NA,NA,0.4,0.4,NA,NA
gamma_f,0.0,autocurriculum,avg_fatigue,0.5294468906505126,389,balanced,NA,NA,0.4,0.4,NA,NA
gamma_f,0.0,autocurriculum,learn_slope,0.0,389,balanced,NA,NA,0.4,0.4,NA,NA
gamma_f,0.0,autocurriculum,ttm,600.0,486,balanced,NA,NA,0.4,0.4,NA,NA
gamma_f,0.0,autocurriculum,feasible_rate,0.9183333333333333,486,balanced,NA,NA,0.4,0.4,NA,NA
gamma_f,0.0,autocurriculum,avg_fatigue,0.5372370764072943,486,balanced,NA,NA,0.4,0.4,NA,NA
gamma_f,0.0,autocurriculum,learn_slope,0.0,486,balanced,NA,NA,0.4,0.4,NA,NA
gamma_f,0.0,autocurriculum,ttm,600.0,583,balanced,NA,NA,0.4,0.4,NA,NA
gamma_f,0.0,autocurriculum,feasible_rate,0.9333333333333333,583,balanced,NA,NA,0.4,0.4,NA,NA
gamma_f,0.0,autocurriculum,avg_fatigue,0.5212384426302065,583,balanced,NA,NA,0.4,0.4,NA,NA
gamma_f,0.0,autocurriculum,learn_slope,0.0,583,balanced,NA,NA,0.4,0.4,NA,NA
gamma_f,0.0,autocurriculum,ttm,600.0,680,balanced,NA,NA,0.4,0.4,NA,NA
gamma_f,0.0,autocurriculum,feasible_rate,0.9366666666666666,680,balanced,NA,NA,0.4,0.4,NA,NA
gamma_f,0.0,autocurriculum,avg_fatigue,0.5183120762975901,680,balanced,NA,NA,0.4,0.4,NA,NA
gamma_f,0.0,autocurriculum,learn_slope,0.0,680,balanced,NA,NA,0.4,0.4,NA,NA
gamma_f,0.0,autocurriculum,ttm,600.0,777,balanced,NA,NA,0.4,0.4,NA,NA
gamma_f,0.0,autocurriculum,feasible_rate,0.96,777,balanced,NA,NA,0.4,0.4,NA,NA
gamma_f,0.0,autocurriculum,avg_fatigue,0.5131845791440768,777,balanced,NA,NA,0.4,0.4,NA,NA
gamma_f,0.0,autocurriculum,learn_slope,0.0,777,balanced,NA,NA,0.4,0.4,NA,NA
gamma_f,0.0,autocurriculum,ttm,600.0,874,balanced,NA,NA,0.4,0.4,NA,NA
gamma_f,0.0,autocurriculum,feasible_rate,0.9333333333333333,874,balanced,NA,NA,0.4,0.4,NA,NA
gamma_f,0.0,autocurriculum,avg_fatigue,0.530290058458074,874,balanced,NA,NA,0.4,0.4,NA,NA
gamma_f,0.0,autocurriculum,learn_slope,0.0,874,balanced,NA,NA,0.4,0.4,NA,NA
gamma_f,0.25,autocurriculum,ttm,600.0,1,balanced,NA,NA,0.4,0.5,NA,NA
gamma_f,0.25,autocurriculum,feasible_rate,0.9316666666666666,1,balanced,NA,NA,0.4,0.5,NA,NA
gamma_f,0.25,autocurriculum,avg_fatigue,0.5353078647945031,1,balanced,NA,NA,0.4,0.5,NA,NA
gamma_f,0.25,autocurriculum,learn_slope,0.0,1,balanced,NA,NA,0.4,0.5,NA,NA
gamma_f,0.25,autocurriculum,ttm,600.0,98,balanced,NA,NA,0.4,0.5,NA,NA
gamma_f,0.25,autocurriculum,feasible_rate,0.9366666666666666,98,balanced,NA,NA,0.4,0.5,NA,NA
gamma_f,0.25,autocurriculum,avg_fatigue,0.5330981362776924,98,balanced,NA,NA,0.4,0.5,NA,NA
gamma_f,0.25,autocurriculum,learn_slope,0.0,98,balanced,NA,NA,0.4,0.5,NA,NA
gamma_f,0.25,autocurriculum,ttm,600.0,195,balanced,NA,NA,0.4,0.5,NA,NA
gamma_f,0.25,autocurriculum,feasible_rate,0.9383333333333334,195,balanced,NA,NA,0.4,0.5,NA,NA
gamma_f,0.25,autocurriculum,avg_fatigue,0.5258852680524648,195,balanced,NA,NA,0.4,0.5,NA,NA
gamma_f,0.25,autocurriculum,learn_slope,0.0,195,balanced,NA,NA,0.4,0.5,NA,NA
gamma_f,0.25,autocurriculum,ttm,600.0,292,balanced,NA,NA,0.4,0.5,NA,NA
gamma_f,0.25,autocurriculum,feasible_rate,0.92,292,balanced,NA,NA,0.4,0.5,NA,NA
gamma_f,0.25,autocurriculum,avg_fatigue,0.5342509327861482,292,balanced,NA,NA,0.4,0.5,NA,NA
gamma_f,0.25,autocurriculum,learn_slope,0.0,292,balanced,NA,NA,0.4,0.5,NA,NA
gamma_f,0.25,autocurriculum,ttm,600.0,389,balanced,NA,NA,0.4,0.5,NA,NA
gamma_f,0.25,autocurriculum,feasible_rate,0.9416666666666667,389,balanced,NA,NA,0.4,0.5,NA,NA
gamma_f,0.25,autocurriculum,avg_fatigue,0.5294468906505126,389,balanced,NA,NA,0.4,0.5,NA,NA
gamma_f,0.25,autocurriculum,learn_slope,0.0,389,balanced,NA,NA,0.4,0.5,NA,NA
gamma_f,0.25,autocurriculum,ttm,600.0,486,balanced,NA,NA,0.4,0.5,NA,NA
gamma_f,0.25,autocurriculum,feasible_rate,0.9183333333333333,486,balanced,NA,NA,0.4,0.5,NA,NA
gamma_f,0.25,autocurriculum,avg_fatigue,0.5372370764072943,486,balanced,NA,NA,0.4,0.5,NA,NA
gamma_f,0.25,autocurriculum,learn_slope,0.0,486,balanced,NA,NA,0.4,0.5,NA,NA
gamma_f,0.25,autocurriculum,ttm,600.0,583,balanced,NA,NA,0.4,0.5,NA,NA
gamma_f,0.25,autocurriculum,feasible_rate,0.9333333333333333,583,balanced,NA,NA,0.4,0.5,NA,NA
gamma_f,0.25,autocurriculum,avg_fatigue,0.5212384426302065,583,balanced,NA,NA,0.4,0.5,NA,NA
gamma_f,0.25,autocurriculum,learn_slope,0.0,583,balanced,NA,NA,0.4,0.5,NA,NA
gamma_f,0.25,autocurriculum,ttm,600.0,680,balanced,NA,NA,0.4,0.5,NA,NA
gamma_f,0.25,autocurriculum,feasible_rate,0.9366666666666666,680,balanced,NA,NA,0.4,0.5,NA,NA
gamma_f,0.25,autocurriculum,avg_fatigue,0.5183120762975901,680,balanced,NA,NA,0.4,0.5,NA,NA
gamma_f,0.25,autocurriculum,learn_slope,0.0,680,balanced,NA,NA,0.4,0.5,NA,NA
gamma_f,0.25,autocurriculum,ttm,600.0,777,balanced,NA,NA,0.4,0.5,NA,NA
gamma_f,0.25,autocurriculum,feasible_rate,0.96,777,balanced,NA,NA,0.4,0.5,NA,NA
gamma_f,0.25,autocurriculum,avg_fatigue,0.5131845791440768,777,balanced,NA,NA,0.4,0.5,NA,NA
gamma_f,0.25,autocurriculum,learn_slope,0.0,777,balanced,NA,NA,0.4,0.5,NA,NA
gamma_f,0.25,autocurriculum,ttm,600.0,874,balanced,NA,NA,0.4,0.5,NA,NA
gamma_f,0.25,autocurriculum,feasible_rate,0.9333333333333333,874,balanced,NA,NA,0.4,0.5,NA,NA
gamma_f,0.25,autocurriculum,avg_fatigue,0.530290058458074,874,balanced,NA,NA,0.4,0.5,NA,NA
gamma_f,0.25,autocurriculum,learn_slope,0.0,874,balanced,NA,NA,0.4,0.5,NA,NA
gamma_f,0.5,autocurriculum,ttm,600.0,1,balanced,NA,NA,0.4,0.6000000000000001,NA,NA
gamma_f,0.5,autocurriculum,feasible_rate,0.9316666666666666,1,balanced,NA,NA,0.4,0.6000000000000001,NA,NA
gamma_f,0.5,autocurriculum,avg_fatigue,0.5353078647945031,1,balanced,NA,NA,0.4,0.6000000000000001,NA,NA
gamma_f,0.5,autocurriculum,learn_slope,0.0,1,balanced,NA,NA,0.4,0.6000000000000001,NA,NA
gamma_f,0.5,autocurriculum,ttm,600.0,98,balanced,NA,NA,0.4,0.6000000000000001,NA,NA
gamma_f,0.5,autocurriculum,feasible_rate,0.9366666666666666,98,balanced,NA,NA,0.4,0.6000000000000001,NA,NA
gamma_f,0.5,autocurriculum,avg_fatigue,0.5330981362776924,98,balanced,NA,NA,0.4,0.6000000000000001,NA,NA
gamma_f,0.5,autocurriculum,learn_slope,0.0,98,balanced,NA,NA,0.4,0.6000000000000001,NA,NA
gamma_f,0.5,autocurriculum,ttm,600.0,195,balanced,NA,NA,0.4,0.6000000000000001,NA,NA
gamma_f,0.5,autocurriculum,feasible_rate,0.9383333333333334,195,balanced,NA,NA,0.4,0.6000000000000001,NA,NA
gamma_f,0.5,autocurriculum,avg_fatigue,0.5258852680524648,195,balanced,NA,NA,0.4,0.6000000000000001,NA,NA
gamma_f,0.5,autocurriculum,learn_slope,0.0,195,balanced,NA,NA,0.4,0.6000000000000001,NA,NA
gamma_f,0.5,autocurriculum,ttm,600.0,292,balanced,NA,NA,0.4,0.6000000000000001,NA,NA
gamma_f,0.5,autocurriculum,feasible_rate,0.92,292,balanced,NA,NA,0.4,0.6000000000000001,NA,NA
gamma_f,0.5,autocurriculum,avg_fatigue,0.5342509327861482,292,balanced,NA,NA,0.4,0.6000000000000001,NA,NA
gamma_f,0.5,autocurriculum,learn_slope,0.0,292,balanced,NA,NA,0.4,0.6000000000000001,NA,NA
gamma_f,0.5,autocurriculum,ttm,600.0,389,balanced,NA,NA,0.4,0.6000000000000001,NA,NA
gamma_f,0.5,autocurriculum,feasible_rate,0.9416666666666667,389,balanced,NA,NA,0.4,0.6000000000000001,NA,NA
gamma_f,0.5,autocurriculum,avg_fatigue,0.5294468906505126,389,balanced,NA,NA,0.4,0.6000000000000001,NA,NA
gamma_f,0.5,autocurriculum,learn_slope,0.0,389,balanced,NA,NA,0.4,0.6000000000000001,NA,NA
gamma_f,0.5,autocurriculum,ttm,600.0,486,balanced,NA,NA,0.4,0.6000000000000001,NA,NA
gamma_f,0.5,autocurriculum,feasible_rate,0.9183333333333333,486,balanced,NA,NA,0.4,0.6000000000000001,NA,NA
gamma_f,0.5,autocurriculum,avg_fatigue,0.5372370764072943,486,balanced,NA,NA,0.4,0.6000000000000001,NA,NA
gamma_f,0.5,autocurriculum,learn_slope,0.0,486,balanced,NA,NA,0.4,0.6000000000000001,NA,NA
gamma_f,0.5,autocurriculum,ttm,600.0,583,balanced,NA,NA,0.4,0.6000000000000001,NA,NA
gamma_f,0.5,autocurriculum,feasible_rate,0.9333333333333333,583,balanced,NA,NA,0.4,0.6000000000000001,NA,NA
gamma_f,0.5,autocurriculum,avg_fatigue,0.5212384426302065,583,balanced,NA,NA,0.4,0.6000000000000001,NA,NA
gamma_f,0.5,autocurriculum,learn_slope,0.0,583,balanced,NA,NA,0.4,0.6000000000000001,NA,NA
gamma_f,0.5,autocurriculum,ttm,600.0,680,balanced,NA,NA,0.4,0.6000000000000001,NA,NA
gamma_f,0.5,autocurriculum,feasible_rate,0.9366666666666666,680,balanced,NA,NA,0.4,0.6000000000000001,NA,NA
gamma_f,0.5,autocurriculum,avg_fatigue,0.5183120762975901,680,balanced,NA,NA,0.4,0.6000000000000001,NA,NA
gamma_f,0.5,autocurriculum,learn_slope,0.0,680,balanced,NA,NA,0.4,0.6000000000000001,NA,NA
gamma_f,0.5,autocurriculum,ttm,600.0,777,balanced,NA,NA,0.4,0.6000000000000001,NA,NA
gamma_f,0.5,autocurriculum,feasible_rate,0.96,777,balanced,NA,NA,0.4,0.6000000000000001,NA,NA
gamma_f,0.5,autocurriculum,avg_fatigue,0.5131845791440768,777,balanced,NA,NA,0.4,0.6000000000000001,NA,NA
gamma_f,0.5,autocurriculum,learn_slope,0.0,777,balanced,NA,NA,0.4,0.6000000000000001,NA,NA
gamma_f,0.5,autocurriculum,ttm,600.0,874,balanced,NA,NA,0.4,0.6000000000000001,NA,NA
gamma_f,0.5,autocurriculum,feasible_rate,0.9333333333333333,874,balanced,NA,NA,0.4,0.6000000000000001,NA,NA
gamma_f,0.5,autocurriculum,avg_fatigue,0.530290058458074,874,balanced,NA,NA,0.4,0.6000000000000001,NA,NA
gamma_f,0.5,autocurriculum,learn_slope,0.0,874,balanced,NA,NA,0.4,0.6000000000000001,NA,NA
kappa,-0.5,linucb,ttm,509.0,1,balanced,NA,NA,NA,NA,5.0,2.5
kappa,-0.5,linucb,feasible_rate,0.9764243614931237,1,balanced,NA,NA,NA,NA,5.0,2.5
kappa,-0.5,linucb,avg_fatigue,0.5676458489965193,1,balanced,NA,NA,NA,NA,5.0,2.5
kappa,-0.5,linucb,learn_slope,2.3113371085172773e-05,1,balanced,NA,NA,NA,NA,5.0,2.5
kappa,-0.5,linucb,ttm,299.0,98,balanced,NA,NA,NA,NA,5.0,2.5
kappa,-0.5,linucb,feasible_rate,0.9765886287625418,98,balanced,NA,NA,NA,NA,5.0,2.5
kappa,-0.5,linucb,avg_fatigue,0.5554210070468226,98,balanced,NA,NA,NA,NA,5.0,2.5
kappa,-0.5,linucb,learn_slope,6.68896321070234e-05,98,balanced,NA,NA,NA,NA,5.0,2.5
kappa,-0.5,linucb,ttm,269.0,195,balanced,NA,NA,NA,NA,5.0,2.5
kappa,-0.5,linucb,feasible_rate,0.9776951672862454,195,balanced,NA,NA,NA,NA,5.0,2.5
kappa,-0.5,linucb,avg_fatigue,0.5612540723048322,195,balanced,NA,NA,NA,NA,5.0,2.5
kappa,-0.5,linucb,learn_slope,8.261049153242462e-05,195,balanced,NA,NA,NA,NA,5.0,2.5
kappa,-0.5,linucb,ttm,260.0,292,balanced,NA,NA,NA,NA,5.0,2.5
kappa,-0.5,linucb,feasible_rate,0.9692307692307692,292,balanced,NA,NA,NA,NA,5.0,2.5
kappa,-0.5,linucb,avg_fatigue,0.5658008211538459,292,balanced,NA,NA,NA,NA,5.0,2.5
kappa,-0.5,linucb,learn_slope,8.841732979664014e-05,292,balanced,NA,NA,NA,NA,5.0,2.5
kappa,-0.5,linucb,ttm,600.0,389,balanced,NA,NA,NA,NA,5.0,2.5
kappa,-0.5,linucb,feasible_rate,0.9783333333333333,389,balanced,NA,NA,NA,NA,5.0,2.5
kappa,-0.5,linucb,avg_fatigue,0.5628547649250453,389,balanced,NA,NA,NA,NA,5.0,2.5
kappa,-0.5,linucb,learn_slope,0.0,389,balanced,NA,NA,NA,NA,5.0,2.5
kappa,-0.5,linucb,ttm,600.0,486,balanced,NA,NA,NA,NA,5.0,2.5
kappa,-0.5,linucb,feasible_rate,0.9766666666666667,486,balanced,NA,NA,NA,NA,5.0,2.5
kappa,-0.5,linucb,avg_fatigue,0.5608841610059662,486,balanced,NA,NA,NA,NA,5.0,2.5
kappa,-0.5,linucb,learn_slope,0.0,486,balanced,NA,NA,NA,NA,5.0,2.5
kappa,-0.5,linucb,ttm,440.0,583,balanced,NA,NA,NA,NA,5.0,2.5
kappa,-0.5,linucb,feasible_rate,0.9681818181818181,583,balanced,NA,NA,NA,NA,5.0,2.5
kappa,-0.5,linucb,avg_fatigue,0.5580739765240906,583,balanced,NA,NA,NA,NA,5.0,2.5
kappa,-0.5,linucb,learn_slope,3.092145949288806e-05,583,balanced,NA,NA,NA,NA,5.0,2.5
kappa,-0.5,linucb,ttm,101.0,680,balanced,NA,NA,NA,NA,5.0,2.5
kappa,-0.5,linucb,feasible_rate,0.9801980198019802,680,balanced,NA,NA,NA,NA,5.0,2.5
kappa,-0.5,linucb,avg_fatigue,0.5446732673267327,680,balanced,NA,NA,NA,NA,5.0,2.5
kappa,-0.5,linucb,learn_slope,0.0005824111822947001,680,balanced,NA,NA,NA,NA,5.0,2.5
kappa,-0.5,linucb,ttm,600.0,777,balanced,NA,NA,NA,NA,5.0,2.5
kappa,-0.5,linucb,feasible_rate,0.98,777,balanced,NA,NA,NA,NA,5.0,2.5
kappa,-0.5,linucb,avg_fatigue,0.5599823696698373,777,balanced,NA,NA,NA,NA,5.0,2.5
kappa,-0.5,linucb,learn_slope,0.0,777,balanced,NA,NA,NA,NA,5.0,2.5
kappa,-0.5,linucb,ttm,368.0,874,balanced,NA,NA,NA,NA,5.0,2.5
kappa,-0.5,linucb,feasible_rate,0.9728260869565217,874,balanced,NA,NA,NA,NA,5.0,2.5
kappa,-0.5,linucb,avg_fatigue,0.5645514111775676,874,balanced,NA,NA,NA,NA,5.0,2.5
kappa,-0.5,linucb,learn_slope,4.4185224460940264e-05,874,balanced,NA,NA,NA,NA,5.0,2.5
kappa,-0.25,linucb,ttm,215.0,1,balanced,NA,NA,NA,NA,5.0,3.75
kappa,-0.25,linucb,feasible_rate,0.9767441860465116,1,balanced,NA,NA,NA,NA,5.0,3.75
kappa,-0.25,linucb,avg_fatigue,0.5677793517441857,1,balanced,NA,NA,NA,NA,5.0,3.75
kappa,-0.25,linucb,learn_slope,0.00012919896640826875,1,balanced,NA,NA,NA,NA,5.0,3.75
kappa,-0.25,linucb,ttm,337.0,98,balanced,NA,NA,NA,NA,5.0,3.75
kappa,-0.25,linucb,feasible_rate,0.9821958456973294,98,balanced,NA,NA,NA,NA,5.0,3.75
kappa,-0.25,linucb,avg_fatigue,0.5587753076713643,98,balanced,NA,NA,NA,NA,5.0,3.75
kappa,-0.25,linucb,learn_slope,5.2675012729794743e-05,98,balanced,NA,NA,NA,NA,5.0,3.75
kappa,-0.25,linucb,ttm,284.0,195,balanced,NA,NA,NA,NA,5.0,3.75
kappa,-0.25,linucb,feasible_rate,0.9577464788732395,195,balanced,NA,NA,NA,NA,5.0,3.75
kappa,-0.25,linucb,avg_fatigue,0.5683531451989433,195,balanced,NA,NA,NA,NA,5.0,3.75
kappa,-0.25,linucb,learn_slope,7.412898443291327e-05,195,balanced,NA,NA,NA,NA,5.0,3.75
kappa,-0.25,linucb,ttm,442.0,292,balanced,NA,NA,NA,NA,5.0,3.75
kappa,-0.25,linucb,feasible_rate,0.9773755656108597,292,balanced,NA,NA,NA,NA,5.0,3.75
kappa,-0.25,linucb,avg_fatigue,0.564347657839546,292,balanced,NA,NA,NA,NA,5.0,3.75
kappa,-0.25,linucb,learn_slope,3.064257479341797e-05,292,balanced,NA,NA,NA,NA,5.0,3.75
kappa,-0.25,linucb,ttm,376.0,389,balanced,NA,NA,NA,NA,5.0,3.75
kappa,-0.25,linucb,feasible_rate,0.976063829787234,389,balanced,NA,NA,NA,NA,5.0,3.75
kappa,-0.25,linucb,avg_fatigue,0.5576715526009307,389,balanced,NA,NA,NA,NA,5.0,3.75
kappa,-0.25,linucb,learn_slope,4.2327445115412834e-05,389,balanced,NA,NA,NA,NA,5.0,3.75
kappa,-0.25,linucb,ttm,297.0,486,balanced,NA,NA,NA,NA,5.0,3.75
kappa,-0.25,linucb,feasible_rate,0.9865319865319865,486,balanced,NA,NA,NA,NA,5.0,3.75
kappa,-0.25,linucb,avg_fatigue,0.5562688121443603,486,balanced,NA,NA,NA,NA,5.0,3.75
kappa,-0.25,linucb,learn_slope,6.779201410073893e-05,486,balanced,NA,NA,NA,NA,5.0,3.75
kappa,-0.25,linucb,ttm,600.0,583,balanced,NA,NA,NA,NA,5.0,3.75
kappa,-0.25,linucb,feasible_rate,0.9733333333333334,583,balanced,NA,NA,NA,NA,5.0,3.75
kappa,-0.25,linucb,avg_fatigue,0.5570530740524007,583,balanced,NA,NA,NA,NA,5.0,3.75
kappa,-0.25,linucb,learn_slope,0.0,583,balanced,NA,NA,NA,NA,5.0,3.75
kappa,-0.25,linucb,ttm,59.0,680,balanced,NA,NA,NA,NA,5.0,3.75
kappa,-0.25,linucb,feasible_rate,0.9661016949152542,680,balanced,NA,NA,NA,NA,5.0,3.75
kappa,-0.25,linucb,avg_fatigue,0.555271186440678,680,balanced,NA,NA,NA,NA,5.0,3.75
kappa,-0.25,linucb,learn_slope,0.001694915254237288,680,balanced,NA,NA,NA,NA,5.0,3.75
kappa,-0.25,linucb,ttm,600.0,777,balanced,NA,NA,NA,NA,5.0,3.75
kappa,-0.25,linucb,feasible_rate,0.9733333333333334,777,balanced,NA,NA,NA,NA,5.0,3.75
kappa,-0.25,linucb,avg_fatigue,0.564080481836504,777,balanced,NA,NA,NA,NA,5.0,3.75
kappa,-0.25,linucb,learn_slope,0.0,777,balanced,NA,NA,NA,NA,5.0,3.75
kappa,-0.25,linucb,ttm,174.0,874,balanced,NA,NA,NA,NA,5.0,3.75
kappa,-0.25,linucb,feasible_rate,0.9712643678160919,874,balanced,NA,NA,NA,NA,5.0,3.75
kappa,-0.25,linucb,avg_fatigue,0.5664798850574713,874,balanced,NA,NA,NA,NA,5.0,3.75
kappa,-0.25,linucb,learn_slope,0.00019704433497536947,874,balanced,NA,NA,NA,NA,5.0,3.75
kappa,0.0,linucb,ttm,206.0,1,balanced,NA,NA,NA,NA,5.0,5.0
kappa,0.0,linucb,feasible_rate,0.970873786407767,1,balanced,NA,NA,NA,NA,5.0,5.0
kappa,0.0,linucb,avg_fatigue,0.5736449679611645,1,balanced,NA,NA,NA,NA,5.0,5.0
kappa,0.0,linucb,learn_slope,0.00014070634585619808,1,balanced,NA,NA,NA,NA,5.0,5.0
kappa,0.0,linucb,ttm,173.0,98,balanced,NA,NA,NA,NA,5.0,5.0
kappa,0.0,linucb,feasible_rate,0.9884393063583815,98,balanced,NA,NA,NA,NA,5.0,5.0
kappa,0.0,linucb,avg_fatigue,0.5447559248554913,98,balanced,NA,NA,NA,NA,5.0,5.0
kappa,0.0,linucb,learn_slope,0.00019932230416583617,98,balanced,NA,NA,NA,NA,5.0,5.0
kappa,0.0,linucb,ttm,284.0,195,balanced,NA,NA,NA,NA,5.0,5.0
kappa,0.0,linucb,feasible_rate,0.9859154929577465,195,balanced,NA,NA,NA,NA,5.0,5.0
kappa,0.0,linucb,avg_fatigue,0.5573504109295769,195,balanced,NA,NA,NA,NA,5.0,5.0
kappa,0.0,linucb,learn_slope,7.412898443291327e-05,195,balanced,NA,NA,NA,NA,5.0,5.0
kappa,0.0,linucb,ttm,485.0,292,balanced,NA,NA,NA,NA,5.0,5.0
kappa,0.0,linucb,feasible_rate,0.977319587628866,292,balanced,NA,NA,NA,NA,5.0,5.0
kappa,0.0,linucb,avg_fatigue,0.558901398416796,292,balanced,NA,NA,NA,NA,5.0,5.0
kappa,0.0,linucb,learn_slope,2.545500827287769e-05,292,balanced,NA,NA,NA,NA,5.0,5.0
kappa,0.0,linucb,ttm,266.0,389,balanced,NA,NA,NA,NA,5.0,5.0
kappa,0.0,linucb,feasible_rate,0.9661654135338346,389,balanced,NA,NA,NA,NA,5.0,5.0
kappa,0.0,linucb,avg_fatigue,0.5609910678571429,389,balanced,NA,NA,NA,NA,5.0,5.0
kappa,0.0,linucb,learn_slope,8.448086508405846e-05,389,balanced,NA,NA,NA,NA,5.0,5.0
kappa,0.0,linucb,ttm,263.0,486,balanced,NA,NA,NA,NA,5.0,5.0
kappa,0.0,linucb,feasible_rate,0.9847908745247148,486,balanced,NA,NA,NA,NA,5.0,5.0
kappa,0.0,linucb,avg_fatigue,0.5651214886882128,486,balanced,NA,NA,NA,NA,5.0,5.0
kappa,0.0,linucb,learn_slope,8.641548565502937e-05,486,balanced,NA,NA,NA,NA,5.0,5.0
kappa,0.0,linucb,ttm,600.0,583,balanced,NA,NA,NA,NA,5.0,5.0
kappa,0.0,linucb,feasible_rate,0.9666666666666667,583,balanced,NA,NA,NA,NA,5.0,5.0
kappa,0.0,linucb,avg_fatigue,0.56005259841405,583,balanced,NA,NA,NA,NA,5.0,5.0
kappa,0.0,linucb,learn_slope,0.0,583,balanced,NA,NA,NA,NA,5.0,5.0
kappa,0.0,linucb,ttm,59.0,680,balanced,NA,NA,NA,NA,5.0,5.0
kappa,0.0,linucb,feasible_rate,0.9661016949152542,680,balanced,NA,NA,NA,NA,5.0,5.0
kappa,0.0,linucb,avg_fatigue,0.555271186440678,680,balanced,NA,NA,NA,NA,5.0,5.0
kappa,0.0,linucb,learn_slope,0.001694915254237288,680,balanced,NA,NA,NA,NA,5.0,5.0
kappa,0.0,linucb,ttm,600.0,777,balanced,NA,NA,NA,NA,5.0,5.0
kappa,0.0,linucb,feasible_rate,0.975,777,balanced,NA,NA,NA,NA,5.0,5.0
kappa,0.0,linucb,avg_fatigue,0.5627816385031709,777,balanced,NA,NA,NA,NA,5.0,5.0
kappa,0.0,linucb,learn_slope,0.0,777,balanced,NA,NA,NA,NA,5.0,5.0
kappa,0.0,linucb,ttm,162.0,874,balanced,NA,NA,NA,NA,5.0,5.0
kappa,0.0,linucb,feasible_rate,0.9691358024691358,874,balanced,NA,NA,NA,NA,5.0,5.0
kappa,0.0,linucb,avg_fatigue,0.5611044444444443,874,balanced,NA,NA,NA,NA,5.0,5.0
kappa,0.0,linucb,learn_slope,0.00022722108611679165,874,balanced,NA,NA,NA,NA,5.0,5.0
kappa,0.25,linucb,ttm,244.0,1,balanced,NA,NA,NA,NA,5.0,6.25
kappa,0.25,linucb,feasible_rate,0.9795081967213115,1,balanced,NA,NA,NA,NA,5.0,6.25
kappa,0.25,linucb,avg_fatigue,0.5725010311475403,1,balanced,NA,NA,NA,NA,5.0,6.25
kappa,0.25,linucb,learn_slope,0.00010036801605888258,1,balanced,NA,NA,NA,NA,5.0,6.25
kappa,0.25,linucb,ttm,600.0,98,balanced,NA,NA,NA,NA,5.0,6.25
kappa,0.25,linucb,feasible_rate,0.975,98,balanced,NA,NA,NA,NA,5.0,6.25
kappa,0.25,linucb,avg_fatigue,0.5645366497688875,98,balanced,NA,NA,NA,NA,5.0,6.25
kappa,0.25,linucb,learn_slope,0.0,98,balanced,NA,NA,NA,NA,5.0,6.25
kappa,0.25,linucb,ttm,284.0,195,balanced,NA,NA,NA,NA,5.0,6.25
kappa,0.25,linucb,feasible_rate,0.9859154929577465,195,balanced,NA,NA,NA,NA,5.0,6.25
kappa,0.25,linucb,avg_fatigue,0.5573504109295769,195,balanced,NA,NA,NA,NA,5.0,6.25
kappa,0.25,linucb,learn_slope,7.412898443291327e-05,195,balanced,NA,NA,NA,NA,5.0,6.25
kappa,0.25,linucb,ttm,413.0,292,balanced,NA,NA,NA,NA,5.0,6.25
kappa,0.25,linucb,feasible_rate,0.9709443099273608,292,balanced,NA,NA,NA,NA,5.0,6.25
kappa,0.25,linucb,avg_fatigue,0.5654500074371848,292,balanced,NA,NA,NA,NA,5.0,6.25
kappa,0.25,linucb,learn_slope,3.5091413131206796e-05,292,balanced,NA,NA,NA,NA,5.0,6.25
kappa,0.25,linucb,ttm,266.0,389,balanced,NA,NA,NA,NA,5.0,6.25
kappa,0.25,linucb,feasible_rate,0.9661654135338346,389,balanced,NA,NA,NA,NA,5.0,6.25
kappa,0.25,linucb,avg_fatigue,0.5609910678571429,389,balanced,NA,NA,NA,NA,5.0,6.25
kappa,0.25,linucb,learn_slope,8.448086508405846e-05,389,balanced,NA,NA,NA,NA,5.0,6.25
kappa,0.25,linucb,ttm,198.0,486,balanced,NA,NA,NA,NA,5.0,6.25
kappa,0.25,linucb,feasible_rate,0.9848484848484849,486,balanced,NA,NA,NA,NA,5.0,6.25
kappa,0.25,linucb,avg_fatigue,0.565053888888889,486,balanced,NA,NA,NA,NA,5.0,6.25
kappa,0.25,linucb,learn_slope,0.00015227653418608191,486,balanced,NA,NA,NA,NA,5.0,6.25
kappa,0.25,linucb,ttm,600.0,583,balanced,NA,NA,NA,NA,5.0,6.25
kappa,0.25,linucb,feasible_rate,0.9733333333333334,583,balanced,NA,NA,NA,NA,5.0,6.25
kappa,0.25,linucb,avg_fatigue,0.5540883044156562,583,balanced,NA,NA,NA,NA,5.0,6.25
kappa,0.25,linucb,learn_slope,0.0,583,balanced,NA,NA,NA,NA,5.0,6.25
kappa,0.25,linucb,ttm,175.0,680,balanced,NA,NA,NA,NA,5.0,6.25
kappa,0.25,linucb,feasible_rate,0.9885714285714285,680,balanced,NA,NA,NA,NA,5.0,6.25
kappa,0.25,linucb,avg_fatigue,0.5477434285714285,680,balanced,NA,NA,NA,NA,5.0,6.25
kappa,0.25,linucb,learn_slope,0.0001948051948051948,680,balanced,NA,NA,NA,NA,5.0,6.25
kappa,0.25,linucb,ttm,600.0,777,balanced,NA,NA,NA,NA,5.0,6.25
kappa,0.25,linucb,feasible_rate,0.98,777,balanced,NA,NA,NA,NA,5.0,6.25
kappa,0.25,linucb,avg_fatigue,0.5566501014090369,777,balanced,NA,NA,NA,NA,5.0,6.25
kappa,0.25,linucb,learn_slope,0.0,777,balanced,NA,NA,NA,NA,5.0,6.25
kappa,0.25,linucb,ttm,162.0,874,balanced,NA,NA,NA,NA,5.0,6.25
kappa,0.25,linucb,feasible_rate,0.9691358024691358,874,balanced,NA,NA,NA,NA,5.0,6.25
kappa,0.25,linucb,avg_fatigue,0.5611044444444443,874,balanced,NA,NA,NA,NA,5.0,6.25
kappa,0.25,linucb,learn_slope,0.00022722108611679165,874,balanced,NA,NA,NA,NA,5.0,6.25
kappa,0.5,linucb,ttm,350.0,1,balanced,NA,NA,NA,NA,5.0,7.5
kappa,0.5,linucb,feasible_rate,0.9714285714285714,1,balanced,NA,NA,NA,NA,5.0,7.5
kappa,0.5,linucb,avg_fatigue,0.5748335797285703,1,balanced,NA,NA,NA,NA,5.0,7.5
kappa,0.5,linucb,learn_slope,4.884004884004884e-05,1,balanced,NA,NA,NA,NA,5.0,7.5
kappa,0.5,linucb,ttm,286.0,98,balanced,NA,NA,NA,NA,5.0,7.5
kappa,0.5,linucb,feasible_rate,0.9825174825174825,98,balanced,NA,NA,NA,NA,5.0,7.5
kappa,0.5,linucb,avg_fatigue,0.5572245211223773,98,balanced,NA,NA,NA,NA,5.0,7.5
kappa,0.5,linucb,learn_slope,7.309763407324383e-05,98,balanced,NA,NA,NA,NA,5.0,7.5
kappa,0.5,linucb,ttm,593.0,195,balanced,NA,NA,NA,NA,5.0,7.5
kappa,0.5,linucb,feasible_rate,0.9645868465430016,195,balanced,NA,NA,NA,NA,5.0,7.5
kappa,0.5,linucb,avg_fatigue,0.564136037095613,195,balanced,NA,NA,NA,NA,5.0,7.5
kappa,0.5,linucb,learn_slope,1.7033743846560035e-05,195,balanced,NA,NA,NA,NA,5.0,7.5
kappa,0.5,linucb,ttm,239.0,292,balanced,NA,NA,NA,NA,5.0,7.5
kappa,0.5,linucb,feasible_rate,0.9748953974895398,292,balanced,NA,NA,NA,NA,5.0,7.5
kappa,0.5,linucb,avg_fatigue,0.5644778148535563,292,balanced,NA,NA,NA,NA,5.0,7.5
kappa,0.5,linucb,learn_slope,0.00010460251046025105,292,balanced,NA,NA,NA,NA,5.0,7.5
kappa,0.5,linucb,ttm,483.0,389,balanced,NA,NA,NA,NA,5.0,7.5
kappa,0.5,linucb,feasible_rate,0.9565217391304348,389,balanced,NA,NA,NA,NA,5.0,7.5
kappa,0.5,linucb,avg_fatigue,0.5704799955881475,389,balanced,NA,NA,NA,NA,5.0,7.5
kappa,0.5,linucb,learn_slope,2.5666033571171912e-05,389,balanced,NA,NA,NA,NA,5.0,7.5
kappa,0.5,linucb,ttm,600.0,486,balanced,NA,NA,NA,NA,5.0,7.5
kappa,0.5,linucb,feasible_rate,0.97,486,balanced,NA,NA,NA,NA,5.0,7.5
kappa,0.5,linucb,avg_fatigue,0.5707800766041468,486,balanced,NA,NA,NA,NA,5.0,7.5
kappa,0.5,linucb,learn_slope,0.0,486,balanced,NA,NA,NA,NA,5.0,7.5
kappa,0.5,linucb,ttm,302.0,583,balanced,NA,NA,NA,NA,5.0,7.5
kappa,0.5,linucb,feasible_rate,0.9668874172185431,583,balanced,NA,NA,NA,NA,5.0,7.5
kappa,0.5,linucb,avg_fatigue,0.5594918815778145,583,balanced,NA,NA,NA,NA,5.0,7.5
kappa,0.5,linucb,learn_slope,6.55694708543702e-05,583,balanced,NA,NA,NA,NA,5.0,7.5
kappa,0.5,linucb,ttm,88.0,680,balanced,NA,NA,NA,NA,5.0,7.5
kappa,0.5,linucb,feasible_rate,0.9886363636363636,680,balanced,NA,NA,NA,NA,5.0,7.5
kappa,0.5,linucb,avg_fatigue,0.541715909090909,680,balanced,NA,NA,NA,NA,5.0,7.5
kappa,0.5,linucb,learn_slope,0.0007660878447395301,680,balanced,NA,NA,NA,NA,5.0,7.5
kappa,0.5,linucb,ttm,600.0,777,balanced,NA,NA,NA,NA,5.0,7.5
kappa,0.5,linucb,feasible_rate,0.9716666666666667,777,balanced,NA,NA,NA,NA,5.0,7.5
kappa,0.5,linucb,avg_fatigue,0.5657733304840201,777,balanced,NA,NA,NA,NA,5.0,7.5
kappa,0.5,linucb,learn_slope,0.0,777,balanced,NA,NA,NA,NA,5.0,7.5
kappa,0.5,linucb,ttm,390.0,874,balanced,NA,NA,NA,NA,5.0,7.5
kappa,0.5,linucb,feasible_rate,0.9769230769230769,874,balanced,NA,NA,NA,NA,5.0,7.5
kappa,0.5,linucb,avg_fatigue,0.5593122311255125,874,balanced,NA,NA,NA,NA,5.0,7.5
kappa,0.5,linucb,learn_slope,3.934684241589613e-05,874,balanced,NA,NA,NA,NA,5.0,7.5
kappa,-0.5,thompson,ttm,157.0,1,balanced,NA,NA,NA,NA,5.0,2.5
kappa,-0.5,thompson,feasible_rate,0.89171974522293,1,balanced,NA,NA,NA,NA,5.0,2.5
kappa,-0.5,thompson,avg_fatigue,0.5596243630573245,1,balanced,NA,NA,NA,NA,5.0,2.5
kappa,-0.5,thompson,learn_slope,0.00024187696525034265,1,balanced,NA,NA,NA,NA,5.0,2.5
kappa,-0.5,thompson,ttm,174.0,98,balanced,NA,NA,NA,NA,5.0,2.5
kappa,-0.5,thompson,feasible_rate,0.9425287356321839,98,balanced,NA,NA,NA,NA,5.0,2.5
kappa,-0.5,thompson,avg_fatigue,0.5361547126436779,98,balanced,NA,NA,NA,NA,5.0,2.5
kappa,-0.5,thompson,learn_slope,0.00019704433497536947,98,balanced,NA,NA,NA,NA,5.0,2.5
kappa,-0.5,thompson,ttm,40.0,195,balanced,NA,NA,NA,NA,5.0,2.5
kappa,-0.5,thompson,feasible_rate,0.825,195,balanced,NA,NA,NA,NA,5.0,2.5
kappa,-0.5,thompson,avg_fatigue,0.5568249999999999,195,balanced,NA,NA,NA,NA,5.0,2.5
kappa,-0.5,thompson,learn_slope,0.003658536585365854,195,balanced,NA,NA,NA,NA,5.0,2.5
kappa,-0.5,thompson,ttm,85.0,292,balanced,NA,NA,NA,NA,5.0,2.5
kappa,-0.5,thompson,feasible_rate,0.9294117647058824,292,balanced,NA,NA,NA,NA,5.0,2.5
kappa,-0.5,thompson,avg_fatigue,0.5357999999999999,292,balanced,NA,NA,NA,NA,5.0,2.5
kappa,-0.5,thompson,learn_slope,0.0008207934336525308,292,balanced,NA,NA,NA,NA,5.0,2.5
kappa,-0.5,thompson,ttm,153.0,389,balanced,NA,NA,NA,NA,5.0,2.5
kappa,-0.5,thompson,feasible_rate,0.9215686274509804,389,balanced,NA,NA,NA,NA,5.0,2.5
kappa,-0.5,thompson,avg_fatigue,0.5352099673202614,389,balanced,NA,NA,NA,NA,5.0,2.5
kappa,-0.5,thompson,learn_slope,0.00025464731347084286,389,balanced,NA,NA,NA,NA,5.0,2.5
kappa,-0.5,thompson,ttm,206.0,486,balanced,NA,NA,NA,NA,5.0,2.5
kappa,-0.5,thompson,feasible_rate,0.9029126213592233,486,balanced,NA,NA,NA,NA,5.0,2.5
kappa,-0.5,thompson,avg_fatigue,0.5574995429611649,486,balanced,NA,NA,NA,NA,5.0,2.5
kappa,-0.5,thompson,learn_slope,0.00014070634585619808,486,balanced,NA,NA,NA,NA,5.0,2.5
kappa,-0.5,thompson,ttm,285.0,583,balanced,NA,NA,NA,NA,5.0,2.5
kappa,-0.5,thompson,feasible_rate,0.8912280701754386,583,balanced,NA,NA,NA,NA,5.0,2.5
kappa,-0.5,thompson,avg_fatigue,0.5673453889473685,583,balanced,NA,NA,NA,NA,5.0,2.5
kappa,-0.5,thompson,learn_slope,7.36105999263894e-05,583,balanced,NA,NA,NA,NA,5.0,2.5
kappa,-0.5,thompson,ttm,148.0,680,balanced,NA,NA,NA,NA,5.0,2.5
kappa,-0.5,thompson,feasible_rate,0.9391891891891891,680,balanced,NA,NA,NA,NA,5.0,2.5
kappa,-0.5,thompson,avg_fatigue,0.5456185135135135,680,balanced,NA,NA,NA,NA,5.0,2.5
kappa,-0.5,thompson,learn_slope,0.00027208416470161435,680,balanced,NA,NA,NA,NA,5.0,2.5
kappa,-0.5,thompson,ttm,298.0,777,balanced,NA,NA,NA,NA,5.0,2.5
kappa,-0.5,thompson,feasible_rate,0.8523489932885906,777,balanced,NA,NA,NA,NA,5.0,2.5
kappa,-0.5,thompson,avg_fatigue,0.5814251857407715,777,balanced,NA,NA,NA,NA,5.0,2.5
kappa,-0.5,thompson,learn_slope,6.733855581243968e-05,777,balanced,NA,NA,NA,NA,5.0,2.5
kappa,-0.5,thompson,ttm,132.0,874,balanced,NA,NA,NA,NA,5.0,2.5
kappa,-0.5,thompson,feasible_rate,0.9015151515151515,874,balanced,NA,NA,NA,NA,5.0,2.5
kappa,-0.5,thompson,avg_fatigue,0.568095909090909,874,balanced,NA,NA,NA,NA,5.0,2.5
kappa,-0.5,thompson,learn_slope,0.0003417634996582365,874,balanced,NA,NA,NA,NA,5.0,2.5
kappa,-0.25,thompson,ttm,115.0,1,balanced,NA,NA,NA,NA,5.0,3.75
kappa,-0.25,thompson,feasible_rate,0.9217391304347826,1,balanced,NA,NA,NA,NA,5.0,3.75
kappa,-0.25,thompson,avg_fatigue,0.5410782608695651,1,balanced,NA,NA,NA,NA,5.0,3.75
kappa,-0.25,thompson,learn_slope,0.0004497751124437781,1,balanced,NA,NA,NA,NA,5.0,3.75
kappa,-0.25,thompson,ttm,63.0,98,balanced,NA,NA,NA,NA,5.0,3.75
kappa,-0.25,thompson,feasible_rate,0.8888888888888888,98,balanced,NA,NA,NA,NA,5.0,3.75
kappa,-0.25,thompson,avg_fatigue,0.5492539682539685,98,balanced,NA,NA,NA,NA,5.0,3.75
kappa,-0.25,thompson,learn_slope,0.0014880952380952382,98,balanced,NA,NA,NA,NA,5.0,3.75
kappa,-0.25,thompson,ttm,221.0,195,balanced,NA,NA,NA,NA,5.0,3.75
kappa,-0.25,thompson,feasible_rate,0.9049773755656109,195,balanced,NA,NA,NA,NA,5.0,3.75
kappa,-0.25,thompson,avg_fatigue,0.5612421366515828,195,balanced,NA,NA,NA,NA,5.0,3.75
kappa,-0.25,thompson,learn_slope,0.00012229423994129877,195,balanced,NA,NA,NA,NA,5.0,3.75
kappa,-0.25,thompson,ttm,279.0,292,balanced,NA,NA,NA,NA,5.0,3.75
kappa,-0.25,thompson,feasible_rate,0.910394265232975,292,balanced,NA,NA,NA,NA,5.0,3.75
kappa,-0.25,thompson,avg_fatigue,0.5558651645161286,292,balanced,NA,NA,NA,NA,5.0,3.75
kappa,-0.25,thompson,learn_slope,7.680491551459295e-05,292,balanced,NA,NA,NA,NA,5.0,3.75
kappa,-0.25,thompson,ttm,57.0,389,balanced,NA,NA,NA,NA,5.0,3.75
kappa,-0.25,thompson,feasible_rate,0.8771929824561404,389,balanced,NA,NA,NA,NA,5.0,3.75
kappa,-0.25,thompson,avg_fatigue,0.5420877192982454,389,balanced,NA,NA,NA,NA,5.0,3.75
kappa,-0.25,thompson,learn_slope,0.0018148820326678765,389,balanced,NA,NA,NA,NA,5.0,3.75
kappa,-0.25,thompson,ttm,336.0,486,balanced,NA,NA,NA,NA,5.0,3.75
kappa,-0.25,thompson,feasible_rate,0.9136904761904762,486,balanced,NA,NA,NA,NA,5.0,3.75
kappa,-0.25,thompson,avg_fatigue,0.5551994157976187,486,balanced,NA,NA,NA,NA,5.0,3.75
kappa,-0.25,thompson,learn_slope,5.2988554472234e-05,486,balanced,NA,NA,NA,NA,5.0,3.75
kappa,-0.25,thompson,ttm,56.0,583,balanced,NA,NA,NA,NA,5.0,3.75
kappa,-0.25,thompson,feasible_rate,0.8571428571428572,583,balanced,NA,NA,NA,NA,5.0,3.75
kappa,-0.25,thompson,avg_fatigue,0.5458928571428573,583,balanced,NA,NA,NA,NA,5.0,3.75
kappa,-0.25,thompson,learn_slope,0.0018796992481203004,583,balanced,NA,NA,NA,NA,5.0,3.75
kappa,-0.25,thompson,ttm,60.0,680,balanced,NA,NA,NA,NA,5.0,3.75
kappa,-0.25,thompson,feasible_rate,0.85,680,balanced,NA,NA,NA,NA,5.0,3.75
kappa,-0.25,thompson,avg_fatigue,0.5802499999999999,680,balanced,NA,NA,NA,NA,5.0,3.75
kappa,-0.25,thompson,learn_slope,0.001639344262295082,680,balanced,NA,NA,NA,NA,5.0,3.75
kappa,-0.25,thompson,ttm,96.0,777,balanced,NA,NA,NA,NA,5.0,3.75
kappa,-0.25,thompson,feasible_rate,0.8645833333333334,777,balanced,NA,NA,NA,NA,5.0,3.75
kappa,-0.25,thompson,avg_fatigue,0.5767395833333334,777,balanced,NA,NA,NA,NA,5.0,3.75
kappa,-0.25,thompson,learn_slope,0.0006443298969072165,777,balanced,NA,NA,NA,NA,5.0,3.75
kappa,-0.25,thompson,ttm,90.0,874,balanced,NA,NA,NA,NA,5.0,3.75
kappa,-0.25,thompson,feasible_rate,0.9111111111111111,874,balanced,NA,NA,NA,NA,5.0,3.75
kappa,-0.25,thompson,avg_fatigue,0.5569777777777776,874,balanced,NA,NA,NA,NA,5.0,3.75
kappa,-0.25,thompson,learn_slope,0.0007326007326007327,874,balanced,NA,NA,NA,NA,5.0,3.75
kappa,0.0,thompson,ttm,93.0,1,balanced,NA,NA,NA,NA,5.0,5.0
kappa,0.0,thompson,feasible_rate,0.946236559139785,1,balanced,NA,NA,NA,NA,5.0,5.0
kappa,0.0,thompson,avg_fatigue,0.5299354838709678,1,balanced,NA,NA,NA,NA,5.0,5.0
kappa,0.0,thompson,learn_slope,0.0006863417982155113,1,balanced,NA,NA,NA,NA,5.0,5.0
kappa,0.0,thompson,ttm,257.0,98,balanced,NA,NA,NA,NA,5.0,5.0
kappa,0.0,thompson,feasible_rate,0.8910505836575875,98,balanced,NA,NA,NA,NA,5.0,5.0
kappa,0.0,thompson,avg_fatigue,0.5626572341439686,98,balanced,NA,NA,NA,NA,5.0,5.0
kappa,0.0,thompson,learn_slope,9.04895484571532e-05,98,balanced,NA,NA,NA,NA,5.0,5.0
kappa,0.0,thompson,ttm,245.0,195,balanced,NA,NA,NA,NA,5.0,5.0
kappa,0.0,thompson,feasible_rate,0.9102040816326531,195,balanced,NA,NA,NA,NA,5.0,5.0
kappa,0.0,thompson,avg_fatigue,0.5501303760204084,195,balanced,NA,NA,NA,NA,5.0,5.0
kappa,0.0,thompson,learn_slope,9.955201592832254e-05,195,balanced,NA,NA,NA,NA,5.0,5.0
kappa,0.0,thompson,ttm,346.0,292,balanced,NA,NA,NA,NA,5.0,5.0
kappa,0.0,thompson,feasible_rate,0.8901734104046243,292,balanced,NA,NA,NA,NA,5.0,5.0
kappa,0.0,thompson,avg_fatigue,0.5661424402615606,292,balanced,NA,NA,NA,NA,5.0,5.0
kappa,0.0,thompson,learn_slope,4.997418000699638e-05,292,balanced,NA,NA,NA,NA,5.0,5.0
kappa,0.0,thompson,ttm,149.0,389,balanced,NA,NA,NA,NA,5.0,5.0
kappa,0.0,thompson,feasible_rate,0.8926174496644296,389,balanced,NA,NA,NA,NA,5.0,5.0
kappa,0.0,thompson,avg_fatigue,0.572317718120805,389,balanced,NA,NA,NA,NA,5.0,5.0
kappa,0.0,thompson,learn_slope,0.00026845637583892615,389,balanced,NA,NA,NA,NA,5.0,5.0
kappa,0.0,thompson,ttm,134.0,486,balanced,NA,NA,NA,NA,5.0,5.0
kappa,0.0,thompson,feasible_rate,0.8805970149253731,486,balanced,NA,NA,NA,NA,5.0,5.0
kappa,0.0,thompson,avg_fatigue,0.566713134328358,486,balanced,NA,NA,NA,NA,5.0,5.0
kappa,0.0,thompson,learn_slope,0.0003316749585406301,486,balanced,NA,NA,NA,NA,5.0,5.0
kappa,0.0,thompson,ttm,72.0,583,balanced,NA,NA,NA,NA,5.0,5.0
kappa,0.0,thompson,feasible_rate,0.9027777777777778,583,balanced,NA,NA,NA,NA,5.0,5.0
kappa,0.0,thompson,avg_fatigue,0.5559583333333332,583,balanced,NA,NA,NA,NA,5.0,5.0
kappa,0.0,thompson,learn_slope,0.001141552511415525,583,balanced,NA,NA,NA,NA,5.0,5.0
kappa,0.0,thompson,ttm,95.0,680,balanced,NA,NA,NA,NA,5.0,5.0
kappa,0.0,thompson,feasible_rate,0.9157894736842105,680,balanced,NA,NA,NA,NA,5.0,5.0
kappa,0.0,thompson,avg_fatigue,0.5641578947368419,680,balanced,NA,NA,NA,NA,5.0,5.0
kappa,0.0,thompson,learn_slope,0.0006578947368421052,680,balanced,NA,NA,NA,NA,5.0,5.0
kappa,0.0,thompson,ttm,141.0,777,balanced,NA,NA,NA,NA,5.0,5.0
kappa,0.0,thompson,feasible_rate,0.9361702127659575,777,balanced,NA,NA,NA,NA,5.0,5.0
kappa,0.0,thompson,avg_fatigue,0.5255294680851063,777,balanced,NA,NA,NA,NA,5.0,5.0
kappa,0.0,thompson,learn_slope,0.00029967036260113877,777,balanced,NA,NA,NA,NA,5.0,5.0
kappa,0.0,thompson,ttm,67.0,874,balanced,NA,NA,NA,NA,5.0,5.0
kappa,0.0,thompson,feasible_rate,0.9253731343283582,874,balanced,NA,NA,NA,NA,5.0,5.0
kappa,0.0,thompson,avg_fatigue,0.5394328358208955,874,balanced,NA,NA,NA,NA,5.0,5.0
kappa,0.0,thompson,learn_slope,0.0013169446883230904,874,balanced,NA,NA,NA,NA,5.0,5.0
kappa,0.25,thompson,ttm,206.0,1,balanced,NA,NA,NA,NA,5.0,6.25
kappa,0.25,thompson,feasible_rate,0.9514563106796117,1,balanced,NA,NA,NA,NA,5.0,6.25
kappa,0.25,thompson,avg_fatigue,0.5300094165048544,1,balanced,NA,NA,NA,NA,5.0,6.25
kappa,0.25,thompson,learn_slope,0.00014070634585619808,1,balanced,NA,NA,NA,NA,5.0,6.25
kappa,0.25,thompson,ttm,99.0,98,balanced,NA,NA,NA,NA,5.0,6.25
kappa,0.25,thompson,feasible_rate,0.8888888888888888,98,balanced,NA,NA,NA,NA,5.0,6.25
kappa,0.25,thompson,avg_fatigue,0.5704444444444442,98,balanced,NA,NA,NA,NA,5.0,6.25
kappa,0.25,thompson,learn_slope,0.0006060606060606061,98,balanced,NA,NA,NA,NA,5.0,6.25
kappa,0.25,thompson,ttm,47.0,195,balanced,NA,NA,NA,NA,5.0,6.25
kappa,0.25,thompson,feasible_rate,0.8936170212765957,195,balanced,NA,NA,NA,NA,5.0,6.25
kappa,0.25,thompson,avg_fatigue,0.5657446808510638,195,balanced,NA,NA,NA,NA,5.0,6.25
kappa,0.25,thompson,learn_slope,0.0026595744680851063,195,balanced,NA,NA,NA,NA,5.0,6.25
kappa,0.25,thompson,ttm,50.0,292,balanced,NA,NA,NA,NA,5.0,6.25
kappa,0.25,thompson,feasible_rate,0.92,292,balanced,NA,NA,NA,NA,5.0,6.25
kappa,0.25,thompson,avg_fatigue,0.5367399999999999,292,balanced,NA,NA,NA,NA,5.0,6.25
kappa,0.25,thompson,learn_slope,0.002352941176470588,292,balanced,NA,NA,NA,NA,5.0,6.25
kappa,0.25,thompson,ttm,149.0,389,balanced,NA,NA,NA,NA,5.0,6.25
kappa,0.25,thompson,feasible_rate,0.9530201342281879,389,balanced,NA,NA,NA,NA,5.0,6.25
kappa,0.25,thompson,avg_fatigue,0.5299052684563754,389,balanced,NA,NA,NA,NA,5.0,6.25
kappa,0.25,thompson,learn_slope,0.00026845637583892615,389,balanced,NA,NA,NA,NA,5.0,6.25
kappa,0.25,thompson,ttm,109.0,486,balanced,NA,NA,NA,NA,5.0,6.25
kappa,0.25,thompson,feasible_rate,0.8990825688073394,486,balanced,NA,NA,NA,NA,5.0,6.25
kappa,0.25,thompson,avg_fatigue,0.5611926605504586,486,balanced,NA,NA,NA,NA,5.0,6.25
kappa,0.25,thompson,learn_slope,0.0005004170141784821,486,balanced,NA,NA,NA,NA,5.0,6.25
kappa,0.25,thompson,ttm,113.0,583,balanced,NA,NA,NA,NA,5.0,6.25
kappa,0.25,thompson,feasible_rate,0.9292035398230089,583,balanced,NA,NA,NA,NA,5.0,6.25
kappa,0.25,thompson,avg_fatigue,0.5407699115044248,583,balanced,NA,NA,NA,NA,5.0,6.25
kappa,0.25,thompson,learn_slope,0.0004657661853749418,583,balanced,NA,NA,NA,NA,5.0,6.25
kappa,0.25,thompson,ttm,59.0,680,balanced,NA,NA,NA,NA,5.0,6.25
kappa,0.25,thompson,feasible_rate,0.847457627118644,680,balanced,NA,NA,NA,NA,5.0,6.25
kappa,0.25,thompson,avg_fatigue,0.537271186440678,680,balanced,NA,NA,NA,NA,5.0,6.25
kappa,0.25,thompson,learn_slope,0.001694915254237288,680,balanced,NA,NA,NA,NA,5.0,6.25
kappa,0.25,thompson,ttm,68.0,777,balanced,NA,NA,NA,NA,5.0,6.25
kappa,0.25,thompson,feasible_rate,0.8676470588235294,777,balanced,NA,NA,NA,NA,5.0,6.25
kappa,0.25,thompson,avg_fatigue,0.5771470588235295,777,balanced,NA,NA,NA,NA,5.0,6.25
kappa,0.25,thompson,learn_slope,0.0012787723785166241,777,balanced,NA,NA,NA,NA,5.0,6.25
kappa,0.25,thompson,ttm,162.0,874,balanced,NA,NA,NA,NA,5.0,6.25
kappa,0.25,thompson,feasible_rate,0.9135802469135803,874,balanced,NA,NA,NA,NA,5.0,6.25
kappa,0.25,thompson,avg_fatigue,0.5647869753086419,874,balanced,NA,NA,NA,NA,5.0,6.25
kappa,0.25,thompson,learn_slope,0.00022722108611679165,874,balanced,NA,NA,NA,NA,5.0,6.25
kappa,0.5,thompson,ttm,70.0,1,balanced,NA,NA,NA,NA,5.0,7.5
kappa,0.5,thompson,feasible_rate,0.8571428571428572,1,balanced,NA,NA,NA,NA,5.0,7.5
kappa,0.5,thompson,avg_fatigue,0.5663571428571429,1,balanced,NA,NA,NA,NA,5.0,7.5
kappa,0.5,thompson,learn_slope,0.0012072434607645875,1,balanced,NA,NA,NA,NA,5.0,7.5
kappa,0.5,thompson,ttm,44.0,98,balanced,NA,NA,NA,NA,5.0,7.5
kappa,0.5,thompson,feasible_rate,0.9090909090909091,98,balanced,NA,NA,NA,NA,5.0,7.5
kappa,0.5,thompson,avg_fatigue,0.5585227272727273,98,balanced,NA,NA,NA,NA,5.0,7.5
kappa,0.5,thompson,learn_slope,0.0030303030303030303,98,balanced,NA,NA,NA,NA,5.0,7.5
kappa,0.5,thompson,ttm,213.0,195,balanced,NA,NA,NA,NA,5.0,7.5
kappa,0.5,thompson,feasible_rate,0.9061032863849765,195,balanced,NA,NA,NA,NA,5.0,7.5
kappa,0.5,thompson,avg_fatigue,0.557321890962441,195,balanced,NA,NA,NA,NA,5.0,7.5
kappa,0.5,thompson,learn_slope,0.00013163090693694878,195,balanced,NA,NA,NA,NA,5.0,7.5
kappa,0.5,thompson,ttm,254.0,292,balanced,NA,NA,NA,NA,5.0,7.5
kappa,0.5,thompson,feasible_rate,0.9015748031496063,292,balanced,NA,NA,NA,NA,5.0,7.5
kappa,0.5,thompson,avg_fatigue,0.5608285799212595,292,balanced,NA,NA,NA,NA,5.0,7.5
kappa,0.5,thompson,learn_slope,9.263547938860583e-05,292,balanced,NA,NA,NA,NA,5.0,7.5
kappa,0.5,thompson,ttm,61.0,389,balanced,NA,NA,NA,NA,5.0,7.5
kappa,0.5,thompson,feasible_rate,0.9672131147540983,389,balanced,NA,NA,NA,NA,5.0,7.5
kappa,0.5,thompson,avg_fatigue,0.5223770491803278,389,balanced,NA,NA,NA,NA,5.0,7.5
kappa,0.5,thompson,learn_slope,0.0015864621893178213,389,balanced,NA,NA,NA,NA,5.0,7.5
kappa,0.5,thompson,ttm,158.0,486,balanced,NA,NA,NA,NA,5.0,7.5
kappa,0.5,thompson,feasible_rate,0.8987341772151899,486,balanced,NA,NA,NA,NA,5.0,7.5
kappa,0.5,thompson,avg_fatigue,0.5581977215189872,486,balanced,NA,NA,NA,NA,5.0,7.5
kappa,0.5,thompson,learn_slope,0.0002388344877000239,486,balanced,NA,NA,NA,NA,5.0,7.5
kappa,0.5,thompson,ttm,55.0,583,balanced,NA,NA,NA,NA,5.0,7.5
kappa,0.5,thompson,feasible_rate,0.8727272727272728,583,balanced,NA,NA,NA,NA,5.0,7.5
kappa,0.5,thompson,avg_fatigue,0.5274545454545453,583,balanced,NA,NA,NA,NA,5.0,7.5
kappa,0.5,thompson,learn_slope,0.001948051948051948,583,balanced,NA,NA,NA,NA,5.0,7.5
kappa,0.5,thompson,ttm,105.0,680,balanced,NA,NA,NA,NA,5.0,7.5
kappa,0.5,thompson,feasible_rate,0.9142857142857143,680,balanced,NA,NA,NA,NA,5.0,7.5
kappa,0.5,thompson,avg_fatigue,0.5454190476190475,680,balanced,NA,NA,NA,NA,5.0,7.5
kappa,0.5,thompson,learn_slope,0.0005390835579514825,680,balanced,NA,NA,NA,NA,5.0,7.5
kappa,0.5,thompson,ttm,110.0,777,balanced,NA,NA,NA,NA,5.0,7.5
kappa,0.5,thompson,feasible_rate,0.9272727272727272,777,balanced,NA,NA,NA,NA,5.0,7.5
kappa,0.5,thompson,avg_fatigue,0.5457181818181819,777,balanced,NA,NA,NA,NA,5.0,7.5
kappa,0.5,thompson,learn_slope,0.0004914004914004914,777,balanced,NA,NA,NA,NA,5.0,7.5
kappa,0.5,thompson,ttm,83.0,874,balanced,NA,NA,NA,NA,5.0,7.5
kappa,0.5,thompson,feasible_rate,0.8674698795180723,874,balanced,NA,NA,NA,NA,5.0,7.5
kappa,0.5,thompson,avg_fatigue,0.5877951807228914,874,balanced,NA,NA,NA,NA,5.0,7.5
kappa,0.5,thompson,learn_slope,0.0008605851979345953,874,balanced,NA,NA,NA,NA,5.0,7.5
kappa,-0.5,pianoMPC,ttm,29.0,1,balanced,NA,NA,NA,NA,5.0,2.5
kappa,-0.5,pianoMPC,feasible_rate,0.896551724137931,1,balanced,NA,NA,NA,NA,5.0,2.5
kappa,-0.5,pianoMPC,avg_fatigue,0.53648275862069,1,balanced,NA,NA,NA,NA,5.0,2.5
kappa,-0.5,pianoMPC,learn_slope,0.006896551724137931,1,balanced,NA,NA,NA,NA,5.0,2.5
kappa,-0.5,pianoMPC,ttm,56.0,98,balanced,NA,NA,NA,NA,5.0,2.5
kappa,-0.5,pianoMPC,feasible_rate,0.9285714285714286,98,balanced,NA,NA,NA,NA,5.0,2.5
kappa,-0.5,pianoMPC,avg_fatigue,0.5720714285714295,98,balanced,NA,NA,NA,NA,5.0,2.5
kappa,-0.5,pianoMPC,learn_slope,0.0018796992481203004,98,balanced,NA,NA,NA,NA,5.0,2.5
kappa,-0.5,pianoMPC,ttm,35.0,195,balanced,NA,NA,NA,NA,5.0,2.5
kappa,-0.5,pianoMPC,feasible_rate,0.8285714285714285,195,balanced,NA,NA,NA,NA,5.0,2.5
kappa,-0.5,pianoMPC,avg_fatigue,0.5624000000000005,195,balanced,NA,NA,NA,NA,5.0,2.5
kappa,-0.5,pianoMPC,learn_slope,0.004761904761904761,195,balanced,NA,NA,NA,NA,5.0,2.5
kappa,-0.5,pianoMPC,ttm,57.0,292,balanced,NA,NA,NA,NA,5.0,2.5
kappa,-0.5,pianoMPC,feasible_rate,0.8421052631578947,292,balanced,NA,NA,NA,NA,5.0,2.5
kappa,-0.5,pianoMPC,avg_fatigue,0.5921403508771936,292,balanced,NA,NA,NA,NA,5.0,2.5
kappa,-0.5,pianoMPC,learn_slope,0.0018148820326678765,292,balanced,NA,NA,NA,NA,5.0,2.5
kappa,-0.5,pianoMPC,ttm,50.0,389,balanced,NA,NA,NA,NA,5.0,2.5
kappa,-0.5,pianoMPC,feasible_rate,0.88,389,balanced,NA,NA,NA,NA,5.0,2.5
kappa,-0.5,pianoMPC,avg_fatigue,0.5793200000000008,389,balanced,NA,NA,NA,NA,5.0,2.5
kappa,-0.5,pianoMPC,learn_slope,0.002352941176470588,389,balanced,NA,NA,NA,NA,5.0,2.5
kappa,-0.5,pianoMPC,ttm,40.0,486,balanced,NA,NA,NA,NA,5.0,2.5
kappa,-0.5,pianoMPC,feasible_rate,0.85,486,balanced,NA,NA,NA,NA,5.0,2.5
kappa,-0.5,pianoMPC,avg_fatigue,0.5795500000000006,486,balanced,NA,NA,NA,NA,5.0,2.5
kappa,-0.5,pianoMPC,learn_slope,0.003658536585365854,486,balanced,NA,NA,NA,NA,5.0,2.5
kappa,-0.5,pianoMPC,ttm,29.0,583,balanced,NA,NA,NA,NA,5.0,2.5
kappa,-0.5,pianoMPC,feasible_rate,0.896551724137931,583,balanced,NA,NA,NA,NA,5.0,2.5
kappa,-0.5,pianoMPC,avg_fatigue,0.5331724137931038,583,balanced,NA,NA,NA,NA,5.0,2.5
kappa,-0.5,pianoMPC,learn_slope,0.006896551724137931,583,balanced,NA,NA,NA,NA,5.0,2.5
kappa,-0.5,pianoMPC,ttm,50.0,680,balanced,NA,NA,NA,NA,5.0,2.5
kappa,-0.5,pianoMPC,feasible_rate,0.94,680,balanced,NA,NA,NA,NA,5.0,2.5
kappa,-0.5,pianoMPC,avg_fatigue,0.5557200000000007,680,balanced,NA,NA,NA,NA,5.0,2.5
kappa,-0.5,pianoMPC,learn_slope,0.002352941176470588,680,balanced,NA,NA,NA,NA,5.0,2.5
kappa,-0.5,pianoMPC,ttm,62.0,777,balanced,NA,NA,NA,NA,5.0,2.5
kappa,-0.5,pianoMPC,feasible_rate,0.9032258064516129,777,balanced,NA,NA,NA,NA,5.0,2.5
kappa,-0.5,pianoMPC,avg_fatigue,0.5724838709677429,777,balanced,NA,NA,NA,NA,5.0,2.5
kappa,-0.5,pianoMPC,learn_slope,0.0015360983102918587,777,balanced,NA,NA,NA,NA,5.0,2.5
kappa,-0.5,pianoMPC,ttm,51.0,874,balanced,NA,NA,NA,NA,5.0,2.5
kappa,-0.5,pianoMPC,feasible_rate,0.8431372549019608,874,balanced,NA,NA,NA,NA,5.0,2.5
kappa,-0.5,pianoMPC,avg_fatigue,0.5956078431372557,874,balanced,NA,NA,NA,NA,5.0,2.5
kappa,-0.5,pianoMPC,learn_slope,0.002262443438914027,874,balanced,NA,NA,NA,NA,5.0,2.5
kappa,-0.25,pianoMPC,ttm,29.0,1,balanced,NA,NA,NA,NA,5.0,3.75
kappa,-0.25,pianoMPC,feasible_rate,0.896551724137931,1,balanced,NA,NA,NA,NA,5.0,3.75
kappa,-0.25,pianoMPC,avg_fatigue,0.53648275862069,1,balanced,NA,NA,NA,NA,5.0,3.75
kappa,-0.25,pianoMPC,learn_slope,0.006896551724137931,1,balanced,NA,NA,NA,NA,5.0,3.75
kappa,-0.25,pianoMPC,ttm,56.0,98,balanced,NA,NA,NA,NA,5.0,3.75
kappa,-0.25,pianoMPC,feasible_rate,0.9285714285714286,98,balanced,NA,NA,NA,NA,5.0,3.75
kappa,-0.25,pianoMPC,avg_fatigue,0.5720714285714295,98,balanced,NA,NA,NA,NA,5.0,3.75
kappa,-0.25,pianoMPC,learn_slope,0.0018796992481203004,98,balanced,NA,NA,NA,NA,5.0,3.75
kappa,-0.25,pianoMPC,ttm,35.0,195,balanced,NA,NA,NA,NA,5.0,3.75
kappa,-0.25,pianoMPC,feasible_rate,0.8285714285714285,195,balanced,NA,NA,NA,NA,5.0,3.75
kappa,-0.25,pianoMPC,avg_fatigue,0.5624000000000005,195,balanced,NA,NA,NA,NA,5.0,3.75
kappa,-0.25,pianoMPC,learn_slope,0.004761904761904761,195,balanced,NA,NA,NA,NA,5.0,3.75
kappa,-0.25,pianoMPC,ttm,57.0,292,balanced,NA,NA,NA,NA,5.0,3.75
kappa,-0.25,pianoMPC,feasible_rate,0.8421052631578947,292,balanced,NA,NA,NA,NA,5.0,3.75
kappa,-0.25,pianoMPC,avg_fatigue,0.5921403508771936,292,balanced,NA,NA,NA,NA,5.0,3.75
kappa,-0.25,pianoMPC,learn_slope,0.0018148820326678765,292,balanced,NA,NA,NA,NA,5.0,3.75
kappa,-0.25,pianoMPC,ttm,50.0,389,balanced,NA,NA,NA,NA,5.0,3.75
kappa,-0.25,pianoMPC,feasible_rate,0.88,389,balanced,NA,NA,NA,NA,5.0,3.75
kappa,-0.25,pianoMPC,avg_fatigue,0.5793200000000008,389,balanced,NA,NA,NA,NA,5.0,3.75
kappa,-0.25,pianoMPC,learn_slope,0.002352941176470588,389,balanced,NA,NA,NA,NA,5.0,3.75
kappa,-0.25,pianoMPC,ttm,40.0,486,balanced,NA,NA,NA,NA,5.0,3.75
kappa,-0.25,pianoMPC,feasible_rate,0.85,486,balanced,NA,NA,NA,NA,5.0,3.75
kappa,-0.25,pianoMPC,avg_fatigue,0.5795500000000006,486,balanced,NA,NA,NA,NA,5.0,3.75
kappa,-0.25,pianoMPC,learn_slope,0.003658536585365854,486,balanced,NA,NA,NA,NA,5.0,3.75
kappa,-0.25,pianoMPC,ttm,29.0,583,balanced,NA,NA,NA,NA,5.0,3.75
kappa,-0.25,pianoMPC,feasible_rate,0.896551724137931,583,balanced,NA,NA,NA,NA,5.0,3.75
kappa,-0.25,pianoMPC,avg_fatigue,0.5331724137931038,583,balanced,NA,NA,NA,NA,5.0,3.75
kappa,-0.25,pianoMPC,learn_slope,0.006896551724137931,583,balanced,NA,NA,NA,NA,5.0,3.75
kappa,-0.25,pianoMPC,ttm,50.0,680,balanced,NA,NA,NA,NA,5.0,3.75
kappa,-0.25,pianoMPC,feasible_rate,0.94,680,balanced,NA,NA,NA,NA,5.0,3.75
kappa,-0.25,pianoMPC,avg_fatigue,0.5557200000000007,680,balanced,NA,NA,NA,NA,5.0,3.75
kappa,-0.25,pianoMPC,learn_slope,0.002352941176470588,680,balanced,NA,NA,NA,NA,5.0,3.75
kappa,-0.25,pianoMPC,ttm,62.0,777,balanced,NA,NA,NA,NA,5.0,3.75
kappa,-0.25,pianoMPC,feasible_rate,0.9032258064516129,777,balanced,NA,NA,NA,NA,5.0,3.75
kappa,-0.25,pianoMPC,avg_fatigue,0.5724838709677429,777,balanced,NA,NA,NA,NA,5.0,3.75
kappa,-0.25,pianoMPC,learn_slope,0.0015360983102918587,777,balanced,NA,NA,NA,NA,5.0,3.75
kappa,-0.25,pianoMPC,ttm,29.0,874,balanced,NA,NA,NA,NA,5.0,3.75
kappa,-0.25,pianoMPC,feasible_rate,0.8620689655172413,874,balanced,NA,NA,NA,NA,5.0,3.75
kappa,-0.25,pianoMPC,avg_fatigue,0.5436551724137935,874,balanced,NA,NA,NA,NA,5.0,3.75
kappa,-0.25,pianoMPC,learn_slope,0.006896551724137931,874,balanced,NA,NA,NA,NA,5.0,3.75
kappa,0.0,pianoMPC,ttm,29.0,1,balanced,NA,NA,NA,NA,5.0,5.0
kappa,0.0,pianoMPC,feasible_rate,0.896551724137931,1,balanced,NA,NA,NA,NA,5.0,5.0
kappa,0.0,pianoMPC,avg_fatigue,0.53648275862069,1,balanced,NA,NA,NA,NA,5.0,5.0
kappa,0.0,pianoMPC,learn_slope,0.006896551724137931,1,balanced,NA,NA,NA,NA,5.0,5.0
kappa,0.0,pianoMPC,ttm,56.0,98,balanced,NA,NA,NA,NA,5.0,5.0
kappa,0.0,pianoMPC,feasible_rate,0.9285714285714286,98,balanced,NA,NA,NA,NA,5.0,5.0
kappa,0.0,pianoMPC,avg_fatigue,0.5720714285714295,98,balanced,NA,NA,NA,NA,5.0,5.0
kappa,0.0,pianoMPC,learn_slope,0.0018796992481203004,98,balanced,NA,NA,NA,NA,5.0,5.0
kappa,0.0,pianoMPC,ttm,35.0,195,balanced,NA,NA,NA,NA,5.0,5.0
kappa,0.0,pianoMPC,feasible_rate,0.8285714285714285,195,balanced,NA,NA,NA,NA,5.0,5.0
kappa,0.0,pianoMPC,avg_fatigue,0.5624000000000005,195,balanced,NA,NA,NA,NA,5.0,5.0
kappa,0.0,pianoMPC,learn_slope,0.004761904761904761,195,balanced,NA,NA,NA,NA,5.0,5.0
kappa,0.0,pianoMPC,ttm,57.0,292,balanced,NA,NA,NA,NA,5.0,5.0
kappa,0.0,pianoMPC,feasible_rate,0.8421052631578947,292,balanced,NA,NA,NA,NA,5.0,5.0
kappa,0.0,pianoMPC,avg_fatigue,0.5921403508771936,292,balanced,NA,NA,NA,NA,5.0,5.0
kappa,0.0,pianoMPC,learn_slope,0.0018148820326678765,292,balanced,NA,NA,NA,NA,5.0,5.0
kappa,0.0,pianoMPC,ttm,41.0,389,balanced,NA,NA,NA,NA,5.0,5.0
kappa,0.0,pianoMPC,feasible_rate,0.8536585365853658,389,balanced,NA,NA,NA,NA,5.0,5.0
kappa,0.0,pianoMPC,avg_fatigue,0.5744878048780494,389,balanced,NA,NA,NA,NA,5.0,5.0
kappa,0.0,pianoMPC,learn_slope,0.003484320557491289,389,balanced,NA,NA,NA,NA,5.0,5.0
kappa,0.0,pianoMPC,ttm,40.0,486,balanced,NA,NA,NA,NA,5.0,5.0
kappa,0.0,pianoMPC,feasible_rate,0.85,486,balanced,NA,NA,NA,NA,5.0,5.0
kappa,0.0,pianoMPC,avg_fatigue,0.5795500000000006,486,balanced,NA,NA,NA,NA,5.0,5.0
kappa,0.0,pianoMPC,learn_slope,0.003658536585365854,486,balanced,NA,NA,NA,NA,5.0,5.0
kappa,0.0,pianoMPC,ttm,29.0,583,balanced,NA,NA,NA,NA,5.0,5.0
kappa,0.0,pianoMPC,feasible_rate,0.896551724137931,583,balanced,NA,NA,NA,NA,5.0,5.0
kappa,0.0,pianoMPC,avg_fatigue,0.5331724137931038,583,balanced,NA,NA,NA,NA,5.0,5.0
kappa,0.0,pianoMPC,learn_slope,0.006896551724137931,583,balanced,NA,NA,NA,NA,5.0,5.0
kappa,0.0,pianoMPC,ttm,50.0,680,balanced,NA,NA,NA,NA,5.0,5.0
kappa,0.0,pianoMPC,feasible_rate,0.94,680,balanced,NA,NA,NA,NA,5.0,5.0
kappa,0.0,pianoMPC,avg_fatigue,0.5557200000000007,680,balanced,NA,NA,NA,NA,5.0,5.0
kappa,0.0,pianoMPC,learn_slope,0.002352941176470588,680,balanced,NA,NA,NA,NA,5.0,5.0
kappa,0.0,pianoMPC,ttm,62.0,777,balanced,NA,NA,NA,NA,5.0,5.0
kappa,0.0,pianoMPC,feasible_rate,0.9032258064516129,777,balanced,NA,NA,NA,NA,5.0,5.0
kappa,0.0,pianoMPC,avg_fatigue,0.5724838709677429,777,balanced,NA,NA,NA,NA,5.0,5.0
kappa,0.0,pianoMPC,learn_slope,0.0015360983102918587,777,balanced,NA,NA,NA,NA,5.0,5.0
kappa,0.0,pianoMPC,ttm,29.0,874,balanced,NA,NA,NA,NA,5.0,5.0
kappa,0.0,pianoMPC,feasible_rate,0.8620689655172413,874,balanced,NA,NA,NA,NA,5.0,5.0
kappa,0.0,pianoMPC,avg_fatigue,0.5436551724137935,874,balanced,NA,NA,NA,NA,5.0,5.0
kappa,0.0,pianoMPC,learn_slope,0.006896551724137931,874,balanced,NA,NA,NA,NA,5.0,5.0
kappa,0.25,pianoMPC,ttm,29.0,1,balanced,NA,NA,NA,NA,5.0,6.25
kappa,0.25,pianoMPC,feasible_rate,0.896551724137931,1,balanced,NA,NA,NA,NA,5.0,6.25
kappa,0.25,pianoMPC,avg_fatigue,0.53648275862069,1,balanced,NA,NA,NA,NA,5.0,6.25
kappa,0.25,pianoMPC,learn_slope,0.006896551724137931,1,balanced,NA,NA,NA,NA,5.0,6.25
kappa,0.25,pianoMPC,ttm,56.0,98,balanced,NA,NA,NA,NA,5.0,6.25
kappa,0.25,pianoMPC,feasible_rate,0.9285714285714286,98,balanced,NA,NA,NA,NA,5.0,6.25
kappa,0.25,pianoMPC,avg_fatigue,0.5720714285714295,98,balanced,NA,NA,NA,NA,5.0,6.25
kappa,0.25,pianoMPC,learn_slope,0.0018796992481203004,98,balanced,NA,NA,NA,NA,5.0,6.25
kappa,0.25,pianoMPC,ttm,35.0,195,balanced,NA,NA,NA,NA,5.0,6.25
kappa,0.25,pianoMPC,feasible_rate,0.8285714285714285,195,balanced,NA,NA,NA,NA,5.0,6.25
kappa,0.25,pianoMPC,avg_fatigue,0.5624000000000005,195,balanced,NA,NA,NA,NA,5.0,6.25
kappa,0.25,pianoMPC,learn_slope,0.004761904761904761,195,balanced,NA,NA,NA,NA,5.0,6.25
kappa,0.25,pianoMPC,ttm,57.0,292,balanced,NA,NA,NA,NA,5.0,6.25
kappa,0.25,pianoMPC,feasible_rate,0.8421052631578947,292,balanced,NA,NA,NA,NA,5.0,6.25
kappa,0.25,pianoMPC,avg_fatigue,0.5921403508771936,292,balanced,NA,NA,NA,NA,5.0,6.25
kappa,0.25,pianoMPC,learn_slope,0.0018148820326678765,292,balanced,NA,NA,NA,NA,5.0,6.25
kappa,0.25,pianoMPC,ttm,41.0,389,balanced,NA,NA,NA,NA,5.0,6.25
kappa,0.25,pianoMPC,feasible_rate,0.8536585365853658,389,balanced,NA,NA,NA,NA,5.0,6.25
kappa,0.25,pianoMPC,avg_fatigue,0.5744878048780494,389,balanced,NA,NA,NA,NA,5.0,6.25
kappa,0.25,pianoMPC,learn_slope,0.003484320557491289,389,balanced,NA,NA,NA,NA,5.0,6.25
kappa,0.25,pianoMPC,ttm,40.0,486,balanced,NA,NA,NA,NA,5.0,6.25
kappa,0.25,pianoMPC,feasible_rate,0.85,486,balanced,NA,NA,NA,NA,5.0,6.25
kappa,0.25,pianoMPC,avg_fatigue,0.5795500000000006,486,balanced,NA,NA,NA,NA,5.0,6.25
kappa,0.25,pianoMPC,learn_slope,0.003658536585365854,486,balanced,NA,NA,NA,NA,5.0,6.25
kappa,0.25,pianoMPC,ttm,29.0,583,balanced,NA,NA,NA,NA,5.0,6.25
kappa,0.25,pianoMPC,feasible_rate,0.896551724137931,583,balanced,NA,NA,NA,NA,5.0,6.25
kappa,0.25,pianoMPC,avg_fatigue,0.5331724137931038,583,balanced,NA,NA,NA,NA,5.0,6.25
kappa,0.25,pianoMPC,learn_slope,0.006896551724137931,583,balanced,NA,NA,NA,NA,5.0,6.25
kappa,0.25,pianoMPC,ttm,50.0,680,balanced,NA,NA,NA,NA,5.0,6.25
kappa,0.25,pianoMPC,feasible_rate,0.94,680,balanced,NA,NA,NA,NA,5.0,6.25
kappa,0.25,pianoMPC,avg_fatigue,0.5557200000000007,680,balanced,NA,NA,NA,NA,5.0,6.25
kappa,0.25,pianoMPC,learn_slope,0.002352941176470588,680,balanced,NA,NA,NA,NA,5.0,6.25
kappa,0.25,pianoMPC,ttm,62.0,777,balanced,NA,NA,NA,NA,5.0,6.25
kappa,0.25,pianoMPC,feasible_rate,0.9032258064516129,777,balanced,NA,NA,NA,NA,5.0,6.25
kappa,0.25,pianoMPC,avg_fatigue,0.5724838709677429,777,balanced,NA,NA,NA,NA,5.0,6.25
kappa,0.25,pianoMPC,learn_slope,0.0015360983102918587,777,balanced,NA,NA,NA,NA,5.0,6.25
kappa,0.25,pianoMPC,ttm,29.0,874,balanced,NA,NA,NA,NA,5.0,6.25
kappa,0.25,pianoMPC,feasible_rate,0.8620689655172413,874,balanced,NA,NA,NA,NA,5.0,6.25
kappa,0.25,pianoMPC,avg_fatigue,0.5436551724137935,874,balanced,NA,NA,NA,NA,5.0,6.25
kappa,0.25,pianoMPC,learn_slope,0.006896551724137931,874,balanced,NA,NA,NA,NA,5.0,6.25
kappa,0.5,pianoMPC,ttm,29.0,1,balanced,NA,NA,NA,NA,5.0,7.5
kappa,0.5,pianoMPC,feasible_rate,0.896551724137931,1,balanced,NA,NA,NA,NA,5.0,7.5
kappa,0.5,pianoMPC,avg_fatigue,0.53648275862069,1,balanced,NA,NA,NA,NA,5.0,7.5
kappa,0.5,pianoMPC,learn_slope,0.006896551724137931,1,balanced,NA,NA,NA,NA,5.0,7.5
kappa,0.5,pianoMPC,ttm,56.0,98,balanced,NA,NA,NA,NA,5.0,7.5
kappa,0.5,pianoMPC,feasible_rate,0.9285714285714286,98,balanced,NA,NA,NA,NA,5.0,7.5
kappa,0.5,pianoMPC,avg_fatigue,0.5720714285714295,98,balanced,NA,NA,NA,NA,5.0,7.5
kappa,0.5,pianoMPC,learn_slope,0.0018796992481203004,98,balanced,NA,NA,NA,NA,5.0,7.5
kappa,0.5,pianoMPC,ttm,35.0,195,balanced,NA,NA,NA,NA,5.0,7.5
kappa,0.5,pianoMPC,feasible_rate,0.8285714285714285,195,balanced,NA,NA,NA,NA,5.0,7.5
kappa,0.5,pianoMPC,avg_fatigue,0.5624000000000005,195,balanced,NA,NA,NA,NA,5.0,7.5
kappa,0.5,pianoMPC,learn_slope,0.004761904761904761,195,balanced,NA,NA,NA,NA,5.0,7.5
kappa,0.5,pianoMPC,ttm,57.0,292,balanced,NA,NA,NA,NA,5.0,7.5
kappa,0.5,pianoMPC,feasible_rate,0.8421052631578947,292,balanced,NA,NA,NA,NA,5.0,7.5
kappa,0.5,pianoMPC,avg_fatigue,0.5921403508771936,292,balanced,NA,NA,NA,NA,5.0,7.5
kappa,0.5,pianoMPC,learn_slope,0.0018148820326678765,292,balanced,NA,NA,NA,NA,5.0,7.5
kappa,0.5,pianoMPC,ttm,41.0,389,balanced,NA,NA,NA,NA,5.0,7.5
kappa,0.5,pianoMPC,feasible_rate,0.8536585365853658,389,balanced,NA,NA,NA,NA,5.0,7.5
kappa,0.5,pianoMPC,avg_fatigue,0.5744878048780494,389,balanced,NA,NA,NA,NA,5.0,7.5
kappa,0.5,pianoMPC,learn_slope,0.003484320557491289,389,balanced,NA,NA,NA,NA,5.0,7.5
kappa,0.5,pianoMPC,ttm,40.0,486,balanced,NA,NA,NA,NA,5.0,7.5
kappa,0.5,pianoMPC,feasible_rate,0.85,486,balanced,NA,NA,NA,NA,5.0,7.5
kappa,0.5,pianoMPC,avg_fatigue,0.5795500000000006,486,balanced,NA,NA,NA,NA,5.0,7.5
kappa,0.5,pianoMPC,learn_slope,0.003658536585365854,486,balanced,NA,NA,NA,NA,5.0,7.5
kappa,0.5,pianoMPC,ttm,29.0,583,balanced,NA,NA,NA,NA,5.0,7.5
kappa,0.5,pianoMPC,feasible_rate,0.896551724137931,583,balanced,NA,NA,NA,NA,5.0,7.5
kappa,0.5,pianoMPC,avg_fatigue,0.5331724137931038,583,balanced,NA,NA,NA,NA,5.0,7.5
kappa,0.5,pianoMPC,learn_slope,0.006896551724137931,583,balanced,NA,NA,NA,NA,5.0,7.5
kappa,0.5,pianoMPC,ttm,50.0,680,balanced,NA,NA,NA,NA,5.0,7.5
kappa,0.5,pianoMPC,feasible_rate,0.94,680,balanced,NA,NA,NA,NA,5.0,7.5
kappa,0.5,pianoMPC,avg_fatigue,0.5557200000000007,680,balanced,NA,NA,NA,NA,5.0,7.5
kappa,0.5,pianoMPC,learn_slope,0.002352941176470588,680,balanced,NA,NA,NA,NA,5.0,7.5
kappa,0.5,pianoMPC,ttm,62.0,777,balanced,NA,NA,NA,NA,5.0,7.5
kappa,0.5,pianoMPC,feasible_rate,0.9032258064516129,777,balanced,NA,NA,NA,NA,5.0,7.5
kappa,0.5,pianoMPC,avg_fatigue,0.5724838709677429,777,balanced,NA,NA,NA,NA,5.0,7.5
kappa,0.5,pianoMPC,learn_slope,0.0015360983102918587,777,balanced,NA,NA,NA,NA,5.0,7.5
kappa,0.5,pianoMPC,ttm,29.0,874,balanced,NA,NA,NA,NA,5.0,7.5
kappa,0.5,pianoMPC,feasible_rate,0.8620689655172413,874,balanced,NA,NA,NA,NA,5.0,7.5
kappa,0.5,pianoMPC,avg_fatigue,0.5436551724137935,874,balanced,NA,NA,NA,NA,5.0,7.5
kappa,0.5,pianoMPC,learn_slope,0.006896551724137931,874,balanced,NA,NA,NA,NA,5.0,7.5
kappa,-0.5,dqn,ttm,144.0,1,balanced,NA,NA,NA,NA,5.0,2.5
kappa,-0.5,dqn,feasible_rate,0.8402777777777778,1,balanced,NA,NA,NA,NA,5.0,2.5
kappa,-0.5,dqn,avg_fatigue,0.600633333333333,1,balanced,NA,NA,NA,NA,5.0,2.5
kappa,-0.5,dqn,learn_slope,0.00028735632183908046,1,balanced,NA,NA,NA,NA,5.0,2.5
kappa,-0.5,dqn,ttm,600.0,98,balanced,NA,NA,NA,NA,5.0,2.5
kappa,-0.5,dqn,feasible_rate,0.965,98,balanced,NA,NA,NA,NA,5.0,2.5
kappa,-0.5,dqn,avg_fatigue,0.5040796485663357,98,balanced,NA,NA,NA,NA,5.0,2.5
kappa,-0.5,dqn,learn_slope,0.0,98,balanced,NA,NA,NA,NA,5.0,2.5
kappa,-0.5,dqn,ttm,66.0,195,balanced,NA,NA,NA,NA,5.0,2.5
kappa,-0.5,dqn,feasible_rate,0.9545454545454546,195,balanced,NA,NA,NA,NA,5.0,2.5
kappa,-0.5,dqn,avg_fatigue,0.4687878787878788,195,balanced,NA,NA,NA,NA,5.0,2.5
kappa,-0.5,dqn,learn_slope,0.0013568521031207597,195,balanced,NA,NA,NA,NA,5.0,2.5
kappa,-0.5,dqn,ttm,57.0,292,balanced,NA,NA,NA,NA,5.0,2.5
kappa,-0.5,dqn,feasible_rate,0.8947368421052632,292,balanced,NA,NA,NA,NA,5.0,2.5
kappa,-0.5,dqn,avg_fatigue,0.5513157894736842,292,balanced,NA,NA,NA,NA,5.0,2.5
kappa,-0.5,dqn,learn_slope,0.0018148820326678765,292,balanced,NA,NA,NA,NA,5.0,2.5
kappa,-0.5,dqn,ttm,80.0,389,balanced,NA,NA,NA,NA,5.0,2.5
kappa,-0.5,dqn,feasible_rate,0.9,389,balanced,NA,NA,NA,NA,5.0,2.5
kappa,-0.5,dqn,avg_fatigue,0.5235624999999997,389,balanced,NA,NA,NA,NA,5.0,2.5
kappa,-0.5,dqn,learn_slope,0.000925925925925926,389,balanced,NA,NA,NA,NA,5.0,2.5
kappa,-0.5,dqn,ttm,40.0,486,balanced,NA,NA,NA,NA,5.0,2.5
kappa,-0.5,dqn,feasible_rate,0.95,486,balanced,NA,NA,NA,NA,5.0,2.5
kappa,-0.5,dqn,avg_fatigue,0.4579750000000001,486,balanced,NA,NA,NA,NA,5.0,2.5
kappa,-0.5,dqn,learn_slope,0.003658536585365854,486,balanced,NA,NA,NA,NA,5.0,2.5
kappa,-0.5,dqn,ttm,56.0,583,balanced,NA,NA,NA,NA,5.0,2.5
kappa,-0.5,dqn,feasible_rate,0.9464285714285714,583,balanced,NA,NA,NA,NA,5.0,2.5
kappa,-0.5,dqn,avg_fatigue,0.4877857142857144,583,balanced,NA,NA,NA,NA,5.0,2.5
kappa,-0.5,dqn,learn_slope,0.0018796992481203004,583,balanced,NA,NA,NA,NA,5.0,2.5
kappa,-0.5,dqn,ttm,51.0,680,balanced,NA,NA,NA,NA,5.0,2.5
kappa,-0.5,dqn,feasible_rate,0.9215686274509804,680,balanced,NA,NA,NA,NA,5.0,2.5
kappa,-0.5,dqn,avg_fatigue,0.5372156862745098,680,balanced,NA,NA,NA,NA,5.0,2.5
kappa,-0.5,dqn,learn_slope,0.002262443438914027,680,balanced,NA,NA,NA,NA,5.0,2.5
kappa,-0.5,dqn,ttm,600.0,777,balanced,NA,NA,NA,NA,5.0,2.5
kappa,-0.5,dqn,feasible_rate,0.9316666666666666,777,balanced,NA,NA,NA,NA,5.0,2.5
kappa,-0.5,dqn,avg_fatigue,0.537468276754893,777,balanced,NA,NA,NA,NA,5.0,2.5
kappa,-0.5,dqn,learn_slope,0.0,777,balanced,NA,NA,NA,NA,5.0,2.5
kappa,-0.5,dqn,ttm,600.0,874,balanced,NA,NA,NA,NA,5.0,2.5
kappa,-0.5,dqn,feasible_rate,0.9233333333333333,874,balanced,NA,NA,NA,NA,5.0,2.5
kappa,-0.5,dqn,avg_fatigue,0.5391764210861811,874,balanced,NA,NA,NA,NA,5.0,2.5
kappa,-0.5,dqn,learn_slope,0.0,874,balanced,NA,NA,NA,NA,5.0,2.5
kappa,-0.25,dqn,ttm,144.0,1,balanced,NA,NA,NA,NA,5.0,3.75
kappa,-0.25,dqn,feasible_rate,0.8402777777777778,1,balanced,NA,NA,NA,NA,5.0,3.75
kappa,-0.25,dqn,avg_fatigue,0.600633333333333,1,balanced,NA,NA,NA,NA,5.0,3.75
kappa,-0.25,dqn,learn_slope,0.00028735632183908046,1,balanced,NA,NA,NA,NA,5.0,3.75
kappa,-0.25,dqn,ttm,600.0,98,balanced,NA,NA,NA,NA,5.0,3.75
kappa,-0.25,dqn,feasible_rate,0.965,98,balanced,NA,NA,NA,NA,5.0,3.75
kappa,-0.25,dqn,avg_fatigue,0.5040796485663357,98,balanced,NA,NA,NA,NA,5.0,3.75
kappa,-0.25,dqn,learn_slope,0.0,98,balanced,NA,NA,NA,NA,5.0,3.75
kappa,-0.25,dqn,ttm,66.0,195,balanced,NA,NA,NA,NA,5.0,3.75
kappa,-0.25,dqn,feasible_rate,0.9545454545454546,195,balanced,NA,NA,NA,NA,5.0,3.75
kappa,-0.25,dqn,avg_fatigue,0.4687878787878788,195,balanced,NA,NA,NA,NA,5.0,3.75
kappa,-0.25,dqn,learn_slope,0.0013568521031207597,195,balanced,NA,NA,NA,NA,5.0,3.75
kappa,-0.25,dqn,ttm,57.0,292,balanced,NA,NA,NA,NA,5.0,3.75
kappa,-0.25,dqn,feasible_rate,0.8771929824561404,292,balanced,NA,NA,NA,NA,5.0,3.75
kappa,-0.25,dqn,avg_fatigue,0.5564385964912281,292,balanced,NA,NA,NA,NA,5.0,3.75
kappa,-0.25,dqn,learn_slope,0.0018148820326678765,292,balanced,NA,NA,NA,NA,5.0,3.75
kappa,-0.25,dqn,ttm,80.0,389,balanced,NA,NA,NA,NA,5.0,3.75
kappa,-0.25,dqn,feasible_rate,0.9,389,balanced,NA,NA,NA,NA,5.0,3.75
kappa,-0.25,dqn,avg_fatigue,0.5235624999999997,389,balanced,NA,NA,NA,NA,5.0,3.75
kappa,-0.25,dqn,learn_slope,0.000925925925925926,389,balanced,NA,NA,NA,NA,5.0,3.75
kappa,-0.25,dqn,ttm,40.0,486,balanced,NA,NA,NA,NA,5.0,3.75
kappa,-0.25,dqn,feasible_rate,0.95,486,balanced,NA,NA,NA,NA,5.0,3.75
kappa,-0.25,dqn,avg_fatigue,0.4579750000000001,486,balanced,NA,NA,NA,NA,5.0,3.75
kappa,-0.25,dqn,learn_slope,0.003658536585365854,486,balanced,NA,NA,NA,NA,5.0,3.75
kappa,-0.25,dqn,ttm,56.0,583,balanced,NA,NA,NA,NA,5.0,3.75
kappa,-0.25,dqn,feasible_rate,0.9464285714285714,583,balanced,NA,NA,NA,NA,5.0,3.75
kappa,-0.25,dqn,avg_fatigue,0.4877857142857144,583,balanced,NA,NA,NA,NA,5.0,3.75
kappa,-0.25,dqn,learn_slope,0.0018796992481203004,583,balanced,NA,NA,NA,NA,5.0,3.75
kappa,-0.25,dqn,ttm,51.0,680,balanced,NA,NA,NA,NA,5.0,3.75
kappa,-0.25,dqn,feasible_rate,0.9215686274509804,680,balanced,NA,NA,NA,NA,5.0,3.75
kappa,-0.25,dqn,avg_fatigue,0.5372156862745098,680,balanced,NA,NA,NA,NA,5.0,3.75
kappa,-0.25,dqn,learn_slope,0.002262443438914027,680,balanced,NA,NA,NA,NA,5.0,3.75
kappa,-0.25,dqn,ttm,376.0,777,balanced,NA,NA,NA,NA,5.0,3.75
kappa,-0.25,dqn,feasible_rate,0.9521276595744681,777,balanced,NA,NA,NA,NA,5.0,3.75
kappa,-0.25,dqn,avg_fatigue,0.5236271138436174,777,balanced,NA,NA,NA,NA,5.0,3.75
kappa,-0.25,dqn,learn_slope,4.2327445115412834e-05,777,balanced,NA,NA,NA,NA,5.0,3.75
kappa,-0.25,dqn,ttm,600.0,874,balanced,NA,NA,NA,NA,5.0,3.75
kappa,-0.25,dqn,feasible_rate,0.9233333333333333,874,balanced,NA,NA,NA,NA,5.0,3.75
kappa,-0.25,dqn,avg_fatigue,0.5391764210861811,874,balanced,NA,NA,NA,NA,5.0,3.75
kappa,-0.25,dqn,learn_slope,0.0,874,balanced,NA,NA,NA,NA,5.0,3.75
kappa,0.0,dqn,ttm,144.0,1,balanced,NA,NA,NA,NA,5.0,5.0
kappa,0.0,dqn,feasible_rate,0.8402777777777778,1,balanced,NA,NA,NA,NA,5.0,5.0
kappa,0.0,dqn,avg_fatigue,0.600633333333333,1,balanced,NA,NA,NA,NA,5.0,5.0
kappa,0.0,dqn,learn_slope,0.00028735632183908046,1,balanced,NA,NA,NA,NA,5.0,5.0
kappa,0.0,dqn,ttm,600.0,98,balanced,NA,NA,NA,NA,5.0,5.0
kappa,0.0,dqn,feasible_rate,0.965,98,balanced,NA,NA,NA,NA,5.0,5.0
kappa,0.0,dqn,avg_fatigue,0.5040796485663357,98,balanced,NA,NA,NA,NA,5.0,5.0
kappa,0.0,dqn,learn_slope,0.0,98,balanced,NA,NA,NA,NA,5.0,5.0
kappa,0.0,dqn,ttm,77.0,195,balanced,NA,NA,NA,NA,5.0,5.0
kappa,0.0,dqn,feasible_rate,0.974025974025974,195,balanced,NA,NA,NA,NA,5.0,5.0
kappa,0.0,dqn,avg_fatigue,0.4789480519480519,195,balanced,NA,NA,NA,NA,5.0,5.0
kappa,0.0,dqn,learn_slope,0.000999000999000999,195,balanced,NA,NA,NA,NA,5.0,5.0
kappa,0.0,dqn,ttm,57.0,292,balanced,NA,NA,NA,NA,5.0,5.0
kappa,0.0,dqn,feasible_rate,0.8771929824561404,292,balanced,NA,NA,NA,NA,5.0,5.0
kappa,0.0,dqn,avg_fatigue,0.5564385964912281,292,balanced,NA,NA,NA,NA,5.0,5.0
kappa,0.0,dqn,learn_slope,0.0018148820326678765,292,balanced,NA,NA,NA,NA,5.0,5.0
kappa,0.0,dqn,ttm,80.0,389,balanced,NA,NA,NA,NA,5.0,5.0
kappa,0.0,dqn,feasible_rate,0.9,389,balanced,NA,NA,NA,NA,5.0,5.0
kappa,0.0,dqn,avg_fatigue,0.5235624999999997,389,balanced,NA,NA,NA,NA,5.0,5.0
kappa,0.0,dqn,learn_slope,0.000925925925925926,389,balanced,NA,NA,NA,NA,5.0,5.0
kappa,0.0,dqn,ttm,63.0,486,balanced,NA,NA,NA,NA,5.0,5.0
kappa,0.0,dqn,feasible_rate,0.9841269841269842,486,balanced,NA,NA,NA,NA,5.0,5.0
kappa,0.0,dqn,avg_fatigue,0.45225396825396846,486,balanced,NA,NA,NA,NA,5.0,5.0
kappa,0.0,dqn,learn_slope,0.0014880952380952382,486,balanced,NA,NA,NA,NA,5.0,5.0
kappa,0.0,dqn,ttm,56.0,583,balanced,NA,NA,NA,NA,5.0,5.0
kappa,0.0,dqn,feasible_rate,0.9464285714285714,583,balanced,NA,NA,NA,NA,5.0,5.0
kappa,0.0,dqn,avg_fatigue,0.4877857142857144,583,balanced,NA,NA,NA,NA,5.0,5.0
kappa,0.0,dqn,learn_slope,0.0018796992481203004,583,balanced,NA,NA,NA,NA,5.0,5.0
kappa,0.0,dqn,ttm,51.0,680,balanced,NA,NA,NA,NA,5.0,5.0
kappa,0.0,dqn,feasible_rate,0.9215686274509804,680,balanced,NA,NA,NA,NA,5.0,5.0
kappa,0.0,dqn,avg_fatigue,0.5372156862745098,680,balanced,NA,NA,NA,NA,5.0,5.0
kappa,0.0,dqn,learn_slope,0.002262443438914027,680,balanced,NA,NA,NA,NA,5.0,5.0
kappa,0.0,dqn,ttm,376.0,777,balanced,NA,NA,NA,NA,5.0,5.0
kappa,0.0,dqn,feasible_rate,0.9521276595744681,777,balanced,NA,NA,NA,NA,5.0,5.0
kappa,0.0,dqn,avg_fatigue,0.5236271138436174,777,balanced,NA,NA,NA,NA,5.0,5.0
kappa,0.0,dqn,learn_slope,4.2327445115412834e-05,777,balanced,NA,NA,NA,NA,5.0,5.0
kappa,0.0,dqn,ttm,600.0,874,balanced,NA,NA,NA,NA,5.0,5.0
kappa,0.0,dqn,feasible_rate,0.9233333333333333,874,balanced,NA,NA,NA,NA,5.0,5.0
kappa,0.0,dqn,avg_fatigue,0.5391764210861811,874,balanced,NA,NA,NA,NA,5.0,5.0
kappa,0.0,dqn,learn_slope,0.0,874,balanced,NA,NA,NA,NA,5.0,5.0
kappa,0.25,dqn,ttm,144.0,1,balanced,NA,NA,NA,NA,5.0,6.25
kappa,0.25,dqn,feasible_rate,0.8402777777777778,1,balanced,NA,NA,NA,NA,5.0,6.25
kappa,0.25,dqn,avg_fatigue,0.600633333333333,1,balanced,NA,NA,NA,NA,5.0,6.25
kappa,0.25,dqn,learn_slope,0.00028735632183908046,1,balanced,NA,NA,NA,NA,5.0,6.25
kappa,0.25,dqn,ttm,600.0,98,balanced,NA,NA,NA,NA,5.0,6.25
kappa,0.25,dqn,feasible_rate,0.965,98,balanced,NA,NA,NA,NA,5.0,6.25
kappa,0.25,dqn,avg_fatigue,0.5040796485663357,98,balanced,NA,NA,NA,NA,5.0,6.25
kappa,0.25,dqn,learn_slope,0.0,98,balanced,NA,NA,NA,NA,5.0,6.25
kappa,0.25,dqn,ttm,77.0,195,balanced,NA,NA,NA,NA,5.0,6.25
kappa,0.25,dqn,feasible_rate,0.974025974025974,195,balanced,NA,NA,NA,NA,5.0,6.25
kappa,0.25,dqn,avg_fatigue,0.4789480519480519,195,balanced,NA,NA,NA,NA,5.0,6.25
kappa,0.25,dqn,learn_slope,0.000999000999000999,195,balanced,NA,NA,NA,NA,5.0,6.25
kappa,0.25,dqn,ttm,57.0,292,balanced,NA,NA,NA,NA,5.0,6.25
kappa,0.25,dqn,feasible_rate,0.8771929824561404,292,balanced,NA,NA,NA,NA,5.0,6.25
kappa,0.25,dqn,avg_fatigue,0.5564385964912281,292,balanced,NA,NA,NA,NA,5.0,6.25
kappa,0.25,dqn,learn_slope,0.0018148820326678765,292,balanced,NA,NA,NA,NA,5.0,6.25
kappa,0.25,dqn,ttm,52.0,389,balanced,NA,NA,NA,NA,5.0,6.25
kappa,0.25,dqn,feasible_rate,0.9038461538461539,389,balanced,NA,NA,NA,NA,5.0,6.25
kappa,0.25,dqn,avg_fatigue,0.4989423076923076,389,balanced,NA,NA,NA,NA,5.0,6.25
kappa,0.25,dqn,learn_slope,0.0021770682148040637,389,balanced,NA,NA,NA,NA,5.0,6.25
kappa,0.25,dqn,ttm,63.0,486,balanced,NA,NA,NA,NA,5.0,6.25
kappa,0.25,dqn,feasible_rate,0.9841269841269842,486,balanced,NA,NA,NA,NA,5.0,6.25
kappa,0.25,dqn,avg_fatigue,0.45225396825396846,486,balanced,NA,NA,NA,NA,5.0,6.25
kappa,0.25,dqn,learn_slope,0.0014880952380952382,486,balanced,NA,NA,NA,NA,5.0,6.25
kappa,0.25,dqn,ttm,56.0,583,balanced,NA,NA,NA,NA,5.0,6.25
kappa,0.25,dqn,feasible_rate,0.9464285714285714,583,balanced,NA,NA,NA,NA,5.0,6.25
kappa,0.25,dqn,avg_fatigue,0.4877857142857144,583,balanced,NA,NA,NA,NA,5.0,6.25
kappa,0.25,dqn,learn_slope,0.0018796992481203004,583,balanced,NA,NA,NA,NA,5.0,6.25
kappa,0.25,dqn,ttm,51.0,680,balanced,NA,NA,NA,NA,5.0,6.25
kappa,0.25,dqn,feasible_rate,0.9215686274509804,680,balanced,NA,NA,NA,NA,5.0,6.25
kappa,0.25,dqn,avg_fatigue,0.5372156862745098,680,balanced,NA,NA,NA,NA,5.0,6.25
kappa,0.25,dqn,learn_slope,0.002262443438914027,680,balanced,NA,NA,NA,NA,5.0,6.25
kappa,0.25,dqn,ttm,376.0,777,balanced,NA,NA,NA,NA,5.0,6.25
kappa,0.25,dqn,feasible_rate,0.9521276595744681,777,balanced,NA,NA,NA,NA,5.0,6.25
kappa,0.25,dqn,avg_fatigue,0.5236271138436174,777,balanced,NA,NA,NA,NA,5.0,6.25
kappa,0.25,dqn,learn_slope,4.2327445115412834e-05,777,balanced,NA,NA,NA,NA,5.0,6.25
kappa,0.25,dqn,ttm,600.0,874,balanced,NA,NA,NA,NA,5.0,6.25
kappa,0.25,dqn,feasible_rate,0.92,874,balanced,NA,NA,NA,NA,5.0,6.25
kappa,0.25,dqn,avg_fatigue,0.5371222739775031,874,balanced,NA,NA,NA,NA,5.0,6.25
kappa,0.25,dqn,learn_slope,0.0,874,balanced,NA,NA,NA,NA,5.0,6.25
kappa,0.5,dqn,ttm,144.0,1,balanced,NA,NA,NA,NA,5.0,7.5
kappa,0.5,dqn,feasible_rate,0.8402777777777778,1,balanced,NA,NA,NA,NA,5.0,7.5
kappa,0.5,dqn,avg_fatigue,0.600633333333333,1,balanced,NA,NA,NA,NA,5.0,7.5
kappa,0.5,dqn,learn_slope,0.00028735632183908046,1,balanced,NA,NA,NA,NA,5.0,7.5
kappa,0.5,dqn,ttm,600.0,98,balanced,NA,NA,NA,NA,5.0,7.5
kappa,0.5,dqn,feasible_rate,0.965,98,balanced,NA,NA,NA,NA,5.0,7.5
kappa,0.5,dqn,avg_fatigue,0.5040796485663357,98,balanced,NA,NA,NA,NA,5.0,7.5
kappa,0.5,dqn,learn_slope,0.0,98,balanced,NA,NA,NA,NA,5.0,7.5
kappa,0.5,dqn,ttm,77.0,195,balanced,NA,NA,NA,NA,5.0,7.5
kappa,0.5,dqn,feasible_rate,0.974025974025974,195,balanced,NA,NA,NA,NA,5.0,7.5
kappa,0.5,dqn,avg_fatigue,0.4789480519480519,195,balanced,NA,NA,NA,NA,5.0,7.5
kappa,0.5,dqn,learn_slope,0.000999000999000999,195,balanced,NA,NA,NA,NA,5.0,7.5
kappa,0.5,dqn,ttm,57.0,292,balanced,NA,NA,NA,NA,5.0,7.5
kappa,0.5,dqn,feasible_rate,0.8771929824561404,292,balanced,NA,NA,NA,NA,5.0,7.5
kappa,0.5,dqn,avg_fatigue,0.5564385964912281,292,balanced,NA,NA,NA,NA,5.0,7.5
kappa,0.5,dqn,learn_slope,0.0018148820326678765,292,balanced,NA,NA,NA,NA,5.0,7.5
kappa,0.5,dqn,ttm,52.0,389,balanced,NA,NA,NA,NA,5.0,7.5
kappa,0.5,dqn,feasible_rate,0.9038461538461539,389,balanced,NA,NA,NA,NA,5.0,7.5
kappa,0.5,dqn,avg_fatigue,0.4989423076923076,389,balanced,NA,NA,NA,NA,5.0,7.5
kappa,0.5,dqn,learn_slope,0.0021770682148040637,389,balanced,NA,NA,NA,NA,5.0,7.5
kappa,0.5,dqn,ttm,63.0,486,balanced,NA,NA,NA,NA,5.0,7.5
kappa,0.5,dqn,feasible_rate,0.9841269841269842,486,balanced,NA,NA,NA,NA,5.0,7.5
kappa,0.5,dqn,avg_fatigue,0.45225396825396846,486,balanced,NA,NA,NA,NA,5.0,7.5
kappa,0.5,dqn,learn_slope,0.0014880952380952382,486,balanced,NA,NA,NA,NA,5.0,7.5
kappa,0.5,dqn,ttm,56.0,583,balanced,NA,NA,NA,NA,5.0,7.5
kappa,0.5,dqn,feasible_rate,0.9464285714285714,583,balanced,NA,NA,NA,NA,5.0,7.5
kappa,0.5,dqn,avg_fatigue,0.4877857142857144,583,balanced,NA,NA,NA,NA,5.0,7.5
kappa,0.5,dqn,learn_slope,0.0018796992481203004,583,balanced,NA,NA,NA,NA,5.0,7.5
kappa,0.5,dqn,ttm,51.0,680,balanced,NA,NA,NA,NA,5.0,7.5
kappa,0.5,dqn,feasible_rate,0.9215686274509804,680,balanced,NA,NA,NA,NA,5.0,7.5
kappa,0.5,dqn,avg_fatigue,0.5372156862745098,680,balanced,NA,NA,NA,NA,5.0,7.5
kappa,0.5,dqn,learn_slope,0.002262443438914027,680,balanced,NA,NA,NA,NA,5.0,7.5
kappa,0.5,dqn,ttm,376.0,777,balanced,NA,NA,NA,NA,5.0,7.5
kappa,0.5,dqn,feasible_rate,0.9521276595744681,777,balanced,NA,NA,NA,NA,5.0,7.5
kappa,0.5,dqn,avg_fatigue,0.5236271138436174,777,balanced,NA,NA,NA,NA,5.0,7.5
kappa,0.5,dqn,learn_slope,4.2327445115412834e-05,777,balanced,NA,NA,NA,NA,5.0,7.5
kappa,0.5,dqn,ttm,600.0,874,balanced,NA,NA,NA,NA,5.0,7.5
kappa,0.5,dqn,feasible_rate,0.9216666666666666,874,balanced,NA,NA,NA,NA,5.0,7.5
kappa,0.5,dqn,avg_fatigue,0.5347110112364519,874,balanced,NA,NA,NA,NA,5.0,7.5
kappa,0.5,dqn,learn_slope,0.0,874,balanced,NA,NA,NA,NA,5.0,7.5
kappa,-0.5,bayesianmab,ttm,135.0,1,balanced,NA,NA,NA,NA,5.0,2.5
kappa,-0.5,bayesianmab,feasible_rate,0.9185185185185185,1,balanced,NA,NA,NA,NA,5.0,2.5
kappa,-0.5,bayesianmab,avg_fatigue,0.48523277777777785,1,balanced,NA,NA,NA,NA,5.0,2.5
kappa,-0.5,bayesianmab,learn_slope,0.000326797385620915,1,balanced,NA,NA,NA,NA,5.0,2.5
kappa,-0.5,bayesianmab,ttm,70.0,98,balanced,NA,NA,NA,NA,5.0,2.5
kappa,-0.5,bayesianmab,feasible_rate,0.9,98,balanced,NA,NA,NA,NA,5.0,2.5
kappa,-0.5,bayesianmab,avg_fatigue,0.48332857142857133,98,balanced,NA,NA,NA,NA,5.0,2.5
kappa,-0.5,bayesianmab,learn_slope,0.0012072434607645875,98,balanced,NA,NA,NA,NA,5.0,2.5
kappa,-0.5,bayesianmab,ttm,63.0,195,balanced,NA,NA,NA,NA,5.0,2.5
kappa,-0.5,bayesianmab,feasible_rate,0.9206349206349207,195,balanced,NA,NA,NA,NA,5.0,2.5
kappa,-0.5,bayesianmab,avg_fatigue,0.5250000000000004,195,balanced,NA,NA,NA,NA,5.0,2.5
kappa,-0.5,bayesianmab,learn_slope,0.0014880952380952382,195,balanced,NA,NA,NA,NA,5.0,2.5
kappa,-0.5,bayesianmab,ttm,113.0,292,balanced,NA,NA,NA,NA,5.0,2.5
kappa,-0.5,bayesianmab,feasible_rate,0.8584070796460177,292,balanced,NA,NA,NA,NA,5.0,2.5
kappa,-0.5,bayesianmab,avg_fatigue,0.586053097345133,292,balanced,NA,NA,NA,NA,5.0,2.5
kappa,-0.5,bayesianmab,learn_slope,0.0004657661853749418,292,balanced,NA,NA,NA,NA,5.0,2.5
kappa,-0.5,bayesianmab,ttm,33.0,389,balanced,NA,NA,NA,NA,5.0,2.5
kappa,-0.5,bayesianmab,feasible_rate,0.9696969696969697,389,balanced,NA,NA,NA,NA,5.0,2.5
kappa,-0.5,bayesianmab,avg_fatigue,0.31745454545454554,389,balanced,NA,NA,NA,NA,5.0,2.5
kappa,-0.5,bayesianmab,learn_slope,0.0053475935828877,389,balanced,NA,NA,NA,NA,5.0,2.5
kappa,-0.5,bayesianmab,ttm,40.0,486,balanced,NA,NA,NA,NA,5.0,2.5
kappa,-0.5,bayesianmab,feasible_rate,0.85,486,balanced,NA,NA,NA,NA,5.0,2.5
kappa,-0.5,bayesianmab,avg_fatigue,0.5788249999999999,486,balanced,NA,NA,NA,NA,5.0,2.5
kappa,-0.5,bayesianmab,learn_slope,0.003658536585365854,486,balanced,NA,NA,NA,NA,5.0,2.5
kappa,-0.5,bayesianmab,ttm,35.0,583,balanced,NA,NA,NA,NA,5.0,2.5
kappa,-0.5,bayesianmab,feasible_rate,0.8857142857142857,583,balanced,NA,NA,NA,NA,5.0,2.5
kappa,-0.5,bayesianmab,avg_fatigue,0.5527142857142859,583,balanced,NA,NA,NA,NA,5.0,2.5
kappa,-0.5,bayesianmab,learn_slope,0.004761904761904761,583,balanced,NA,NA,NA,NA,5.0,2.5
kappa,-0.5,bayesianmab,ttm,54.0,680,balanced,NA,NA,NA,NA,5.0,2.5
kappa,-0.5,bayesianmab,feasible_rate,0.9074074074074074,680,balanced,NA,NA,NA,NA,5.0,2.5
kappa,-0.5,bayesianmab,avg_fatigue,0.5646666666666667,680,balanced,NA,NA,NA,NA,5.0,2.5
kappa,-0.5,bayesianmab,learn_slope,0.00202020202020202,680,balanced,NA,NA,NA,NA,5.0,2.5
kappa,-0.5,bayesianmab,ttm,49.0,777,balanced,NA,NA,NA,NA,5.0,2.5
kappa,-0.5,bayesianmab,feasible_rate,0.8571428571428572,777,balanced,NA,NA,NA,NA,5.0,2.5
kappa,-0.5,bayesianmab,avg_fatigue,0.553244897959184,777,balanced,NA,NA,NA,NA,5.0,2.5
kappa,-0.5,bayesianmab,learn_slope,0.002448979591836734,777,balanced,NA,NA,NA,NA,5.0,2.5
kappa,-0.5,bayesianmab,ttm,50.0,874,balanced,NA,NA,NA,NA,5.0,2.5
kappa,-0.5,bayesianmab,feasible_rate,0.9,874,balanced,NA,NA,NA,NA,5.0,2.5
kappa,-0.5,bayesianmab,avg_fatigue,0.5492799999999999,874,balanced,NA,NA,NA,NA,5.0,2.5
kappa,-0.5,bayesianmab,learn_slope,0.002352941176470588,874,balanced,NA,NA,NA,NA,5.0,2.5
kappa,-0.25,bayesianmab,ttm,135.0,1,balanced,NA,NA,NA,NA,5.0,3.75
kappa,-0.25,bayesianmab,feasible_rate,0.9185185185185185,1,balanced,NA,NA,NA,NA,5.0,3.75
kappa,-0.25,bayesianmab,avg_fatigue,0.48523277777777785,1,balanced,NA,NA,NA,NA,5.0,3.75
kappa,-0.25,bayesianmab,learn_slope,0.000326797385620915,1,balanced,NA,NA,NA,NA,5.0,3.75
kappa,-0.25,bayesianmab,ttm,70.0,98,balanced,NA,NA,NA,NA,5.0,3.75
kappa,-0.25,bayesianmab,feasible_rate,0.9,98,balanced,NA,NA,NA,NA,5.0,3.75
kappa,-0.25,bayesianmab,avg_fatigue,0.48332857142857133,98,balanced,NA,NA,NA,NA,5.0,3.75
kappa,-0.25,bayesianmab,learn_slope,0.0012072434607645875,98,balanced,NA,NA,NA,NA,5.0,3.75
kappa,-0.25,bayesianmab,ttm,63.0,195,balanced,NA,NA,NA,NA,5.0,3.75
kappa,-0.25,bayesianmab,feasible_rate,0.9206349206349207,195,balanced,NA,NA,NA,NA,5.0,3.75
kappa,-0.25,bayesianmab,avg_fatigue,0.5250000000000004,195,balanced,NA,NA,NA,NA,5.0,3.75
kappa,-0.25,bayesianmab,learn_slope,0.0014880952380952382,195,balanced,NA,NA,NA,NA,5.0,3.75
kappa,-0.25,bayesianmab,ttm,113.0,292,balanced,NA,NA,NA,NA,5.0,3.75
kappa,-0.25,bayesianmab,feasible_rate,0.8584070796460177,292,balanced,NA,NA,NA,NA,5.0,3.75
kappa,-0.25,bayesianmab,avg_fatigue,0.586053097345133,292,balanced,NA,NA,NA,NA,5.0,3.75
kappa,-0.25,bayesianmab,learn_slope,0.0004657661853749418,292,balanced,NA,NA,NA,NA,5.0,3.75
kappa,-0.25,bayesianmab,ttm,33.0,389,balanced,NA,NA,NA,NA,5.0,3.75
kappa,-0.25,bayesianmab,feasible_rate,0.9696969696969697,389,balanced,NA,NA,NA,NA,5.0,3.75
kappa,-0.25,bayesianmab,avg_fatigue,0.31745454545454554,389,balanced,NA,NA,NA,NA,5.0,3.75
kappa,-0.25,bayesianmab,learn_slope,0.0053475935828877,389,balanced,NA,NA,NA,NA,5.0,3.75
kappa,-0.25,bayesianmab,ttm,40.0,486,balanced,NA,NA,NA,NA,5.0,3.75
kappa,-0.25,bayesianmab,feasible_rate,0.85,486,balanced,NA,NA,NA,NA,5.0,3.75
kappa,-0.25,bayesianmab,avg_fatigue,0.5788249999999999,486,balanced,NA,NA,NA,NA,5.0,3.75
kappa,-0.25,bayesianmab,learn_slope,0.003658536585365854,486,balanced,NA,NA,NA,NA,5.0,3.75
kappa,-0.25,bayesianmab,ttm,117.0,583,balanced,NA,NA,NA,NA,5.0,3.75
kappa,-0.25,bayesianmab,feasible_rate,0.8974358974358975,583,balanced,NA,NA,NA,NA,5.0,3.75
kappa,-0.25,bayesianmab,avg_fatigue,0.5519743589743591,583,balanced,NA,NA,NA,NA,5.0,3.75
kappa,-0.25,bayesianmab,learn_slope,0.000434593654932638,583,balanced,NA,NA,NA,NA,5.0,3.75
kappa,-0.25,bayesianmab,ttm,54.0,680,balanced,NA,NA,NA,NA,5.0,3.75
kappa,-0.25,bayesianmab,feasible_rate,0.9074074074074074,680,balanced,NA,NA,NA,NA,5.0,3.75
kappa,-0.25,bayesianmab,avg_fatigue,0.5646666666666667,680,balanced,NA,NA,NA,NA,5.0,3.75
kappa,-0.25,bayesianmab,learn_slope,0.00202020202020202,680,balanced,NA,NA,NA,NA,5.0,3.75
kappa,-0.25,bayesianmab,ttm,49.0,777,balanced,NA,NA,NA,NA,5.0,3.75
kappa,-0.25,bayesianmab,feasible_rate,0.8571428571428572,777,balanced,NA,NA,NA,NA,5.0,3.75
kappa,-0.25,bayesianmab,avg_fatigue,0.553244897959184,777,balanced,NA,NA,NA,NA,5.0,3.75
kappa,-0.25,bayesianmab,learn_slope,0.002448979591836734,777,balanced,NA,NA,NA,NA,5.0,3.75
kappa,-0.25,bayesianmab,ttm,50.0,874,balanced,NA,NA,NA,NA,5.0,3.75
kappa,-0.25,bayesianmab,feasible_rate,0.9,874,balanced,NA,NA,NA,NA,5.0,3.75
kappa,-0.25,bayesianmab,avg_fatigue,0.5492799999999999,874,balanced,NA,NA,NA,NA,5.0,3.75
kappa,-0.25,bayesianmab,learn_slope,0.002352941176470588,874,balanced,NA,NA,NA,NA,5.0,3.75
kappa,0.0,bayesianmab,ttm,135.0,1,balanced,NA,NA,NA,NA,5.0,5.0
kappa,0.0,bayesianmab,feasible_rate,0.9185185185185185,1,balanced,NA,NA,NA,NA,5.0,5.0
kappa,0.0,bayesianmab,avg_fatigue,0.48523277777777785,1,balanced,NA,NA,NA,NA,5.0,5.0
kappa,0.0,bayesianmab,learn_slope,0.000326797385620915,1,balanced,NA,NA,NA,NA,5.0,5.0
kappa,0.0,bayesianmab,ttm,48.0,98,balanced,NA,NA,NA,NA,5.0,5.0
kappa,0.0,bayesianmab,feasible_rate,0.9375,98,balanced,NA,NA,NA,NA,5.0,5.0
kappa,0.0,bayesianmab,avg_fatigue,0.43668750000000006,98,balanced,NA,NA,NA,NA,5.0,5.0
kappa,0.0,bayesianmab,learn_slope,0.002551020408163265,98,balanced,NA,NA,NA,NA,5.0,5.0
kappa,0.0,bayesianmab,ttm,63.0,195,balanced,NA,NA,NA,NA,5.0,5.0
kappa,0.0,bayesianmab,feasible_rate,0.9206349206349207,195,balanced,NA,NA,NA,NA,5.0,5.0
kappa,0.0,bayesianmab,avg_fatigue,0.5250000000000004,195,balanced,NA,NA,NA,NA,5.0,5.0
kappa,0.0,bayesianmab,learn_slope,0.0014880952380952382,195,balanced,NA,NA,NA,NA,5.0,5.0
kappa,0.0,bayesianmab,ttm,113.0,292,balanced,NA,NA,NA,NA,5.0,5.0
kappa,0.0,bayesianmab,feasible_rate,0.8495575221238938,292,balanced,NA,NA,NA,NA,5.0,5.0
kappa,0.0,bayesianmab,avg_fatigue,0.588336283185841,292,balanced,NA,NA,NA,NA,5.0,5.0
kappa,0.0,bayesianmab,learn_slope,0.0004657661853749418,292,balanced,NA,NA,NA,NA,5.0,5.0
kappa,0.0,bayesianmab,ttm,33.0,389,balanced,NA,NA,NA,NA,5.0,5.0
kappa,0.0,bayesianmab,feasible_rate,0.9696969696969697,389,balanced,NA,NA,NA,NA,5.0,5.0
kappa,0.0,bayesianmab,avg_fatigue,0.31745454545454554,389,balanced,NA,NA,NA,NA,5.0,5.0
kappa,0.0,bayesianmab,learn_slope,0.0053475935828877,389,balanced,NA,NA,NA,NA,5.0,5.0
kappa,0.0,bayesianmab,ttm,40.0,486,balanced,NA,NA,NA,NA,5.0,5.0
kappa,0.0,bayesianmab,feasible_rate,0.85,486,balanced,NA,NA,NA,NA,5.0,5.0
kappa,0.0,bayesianmab,avg_fatigue,0.5788249999999999,486,balanced,NA,NA,NA,NA,5.0,5.0
kappa,0.0,bayesianmab,learn_slope,0.003658536585365854,486,balanced,NA,NA,NA,NA,5.0,5.0
kappa,0.0,bayesianmab,ttm,117.0,583,balanced,NA,NA,NA,NA,5.0,5.0
kappa,0.0,bayesianmab,feasible_rate,0.8974358974358975,583,balanced,NA,NA,NA,NA,5.0,5.0
kappa,0.0,bayesianmab,avg_fatigue,0.5519743589743591,583,balanced,NA,NA,NA,NA,5.0,5.0
kappa,0.0,bayesianmab,learn_slope,0.000434593654932638,583,balanced,NA,NA,NA,NA,5.0,5.0
kappa,0.0,bayesianmab,ttm,45.0,680,balanced,NA,NA,NA,NA,5.0,5.0
kappa,0.0,bayesianmab,feasible_rate,0.9111111111111111,680,balanced,NA,NA,NA,NA,5.0,5.0
kappa,0.0,bayesianmab,avg_fatigue,0.5345555555555557,680,balanced,NA,NA,NA,NA,5.0,5.0
kappa,0.0,bayesianmab,learn_slope,0.002898550724637681,680,balanced,NA,NA,NA,NA,5.0,5.0
kappa,0.0,bayesianmab,ttm,49.0,777,balanced,NA,NA,NA,NA,5.0,5.0
kappa,0.0,bayesianmab,feasible_rate,0.8571428571428572,777,balanced,NA,NA,NA,NA,5.0,5.0
kappa,0.0,bayesianmab,avg_fatigue,0.553244897959184,777,balanced,NA,NA,NA,NA,5.0,5.0
kappa,0.0,bayesianmab,learn_slope,0.002448979591836734,777,balanced,NA,NA,NA,NA,5.0,5.0
kappa,0.0,bayesianmab,ttm,50.0,874,balanced,NA,NA,NA,NA,5.0,5.0
kappa,0.0,bayesianmab,feasible_rate,0.9,874,balanced,NA,NA,NA,NA,5.0,5.0
kappa,0.0,bayesianmab,avg_fatigue,0.5492799999999999,874,balanced,NA,NA,NA,NA,5.0,5.0
kappa,0.0,bayesianmab,learn_slope,0.002352941176470588,874,balanced,NA,NA,NA,NA,5.0,5.0
kappa,0.25,bayesianmab,ttm,135.0,1,balanced,NA,NA,NA,NA,5.0,6.25
kappa,0.25,bayesianmab,feasible_rate,0.9185185185185185,1,balanced,NA,NA,NA,NA,5.0,6.25
kappa,0.25,bayesianmab,avg_fatigue,0.48523277777777785,1,balanced,NA,NA,NA,NA,5.0,6.25
kappa,0.25,bayesianmab,learn_slope,0.000326797385620915,1,balanced,NA,NA,NA,NA,5.0,6.25
kappa,0.25,bayesianmab,ttm,48.0,98,balanced,NA,NA,NA,NA,5.0,6.25
kappa,0.25,bayesianmab,feasible_rate,0.9375,98,balanced,NA,NA,NA,NA,5.0,6.25
kappa,0.25,bayesianmab,avg_fatigue,0.43668750000000006,98,balanced,NA,NA,NA,NA,5.0,6.25
kappa,0.25,bayesianmab,learn_slope,0.002551020408163265,98,balanced,NA,NA,NA,NA,5.0,6.25
kappa,0.25,bayesianmab,ttm,78.0,195,balanced,NA,NA,NA,NA,5.0,6.25
kappa,0.25,bayesianmab,feasible_rate,0.8846153846153846,195,balanced,NA,NA,NA,NA,5.0,6.25
kappa,0.25,bayesianmab,avg_fatigue,0.5560512820512822,195,balanced,NA,NA,NA,NA,5.0,6.25
kappa,0.25,bayesianmab,learn_slope,0.0009737098344693282,195,balanced,NA,NA,NA,NA,5.0,6.25
kappa,0.25,bayesianmab,ttm,70.0,292,balanced,NA,NA,NA,NA,5.0,6.25
kappa,0.25,bayesianmab,feasible_rate,0.9285714285714286,292,balanced,NA,NA,NA,NA,5.0,6.25
kappa,0.25,bayesianmab,avg_fatigue,0.5363285714285715,292,balanced,NA,NA,NA,NA,5.0,6.25
kappa,0.25,bayesianmab,learn_slope,0.0012072434607645875,292,balanced,NA,NA,NA,NA,5.0,6.25
kappa,0.25,bayesianmab,ttm,33.0,389,balanced,NA,NA,NA,NA,5.0,6.25
kappa,0.25,bayesianmab,feasible_rate,0.9696969696969697,389,balanced,NA,NA,NA,NA,5.0,6.25
kappa,0.25,bayesianmab,avg_fatigue,0.31745454545454554,389,balanced,NA,NA,NA,NA,5.0,6.25
kappa,0.25,bayesianmab,learn_slope,0.0053475935828877,389,balanced,NA,NA,NA,NA,5.0,6.25
kappa,0.25,bayesianmab,ttm,40.0,486,balanced,NA,NA,NA,NA,5.0,6.25
kappa,0.25,bayesianmab,feasible_rate,0.875,486,balanced,NA,NA,NA,NA,5.0,6.25
kappa,0.25,bayesianmab,avg_fatigue,0.5276499999999998,486,balanced,NA,NA,NA,NA,5.0,6.25
kappa,0.25,bayesianmab,learn_slope,0.003658536585365854,486,balanced,NA,NA,NA,NA,5.0,6.25
kappa,0.25,bayesianmab,ttm,117.0,583,balanced,NA,NA,NA,NA,5.0,6.25
kappa,0.25,bayesianmab,feasible_rate,0.8974358974358975,583,balanced,NA,NA,NA,NA,5.0,6.25
kappa,0.25,bayesianmab,avg_fatigue,0.5519743589743591,583,balanced,NA,NA,NA,NA,5.0,6.25
kappa,0.25,bayesianmab,learn_slope,0.000434593654932638,583,balanced,NA,NA,NA,NA,5.0,6.25
kappa,0.25,bayesianmab,ttm,45.0,680,balanced,NA,NA,NA,NA,5.0,6.25
kappa,0.25,bayesianmab,feasible_rate,0.9111111111111111,680,balanced,NA,NA,NA,NA,5.0,6.25
kappa,0.25,bayesianmab,avg_fatigue,0.5345555555555557,680,balanced,NA,NA,NA,NA,5.0,6.25
kappa,0.25,bayesianmab,learn_slope,0.002898550724637681,680,balanced,NA,NA,NA,NA,5.0,6.25
kappa,0.25,bayesianmab,ttm,47.0,777,balanced,NA,NA,NA,NA,5.0,6.25
kappa,0.25,bayesianmab,feasible_rate,0.8936170212765957,777,balanced,NA,NA,NA,NA,5.0,6.25
kappa,0.25,bayesianmab,avg_fatigue,0.5327659574468088,777,balanced,NA,NA,NA,NA,5.0,6.25
kappa,0.25,bayesianmab,learn_slope,0.0026595744680851063,777,balanced,NA,NA,NA,NA,5.0,6.25
kappa,0.25,bayesianmab,ttm,50.0,874,balanced,NA,NA,NA,NA,5.0,6.25
kappa,0.25,bayesianmab,feasible_rate,0.9,874,balanced,NA,NA,NA,NA,5.0,6.25
kappa,0.25,bayesianmab,avg_fatigue,0.5492799999999999,874,balanced,NA,NA,NA,NA,5.0,6.25
kappa,0.25,bayesianmab,learn_slope,0.002352941176470588,874,balanced,NA,NA,NA,NA,5.0,6.25
kappa,0.5,bayesianmab,ttm,135.0,1,balanced,NA,NA,NA,NA,5.0,7.5
kappa,0.5,bayesianmab,feasible_rate,0.9185185185185185,1,balanced,NA,NA,NA,NA,5.0,7.5
kappa,0.5,bayesianmab,avg_fatigue,0.48523277777777785,1,balanced,NA,NA,NA,NA,5.0,7.5
kappa,0.5,bayesianmab,learn_slope,0.000326797385620915,1,balanced,NA,NA,NA,NA,5.0,7.5
kappa,0.5,bayesianmab,ttm,48.0,98,balanced,NA,NA,NA,NA,5.0,7.5
kappa,0.5,bayesianmab,feasible_rate,0.9375,98,balanced,NA,NA,NA,NA,5.0,7.5
kappa,0.5,bayesianmab,avg_fatigue,0.43668750000000006,98,balanced,NA,NA,NA,NA,5.0,7.5
kappa,0.5,bayesianmab,learn_slope,0.002551020408163265,98,balanced,NA,NA,NA,NA,5.0,7.5
kappa,0.5,bayesianmab,ttm,78.0,195,balanced,NA,NA,NA,NA,5.0,7.5
kappa,0.5,bayesianmab,feasible_rate,0.8846153846153846,195,balanced,NA,NA,NA,NA,5.0,7.5
kappa,0.5,bayesianmab,avg_fatigue,0.5560512820512822,195,balanced,NA,NA,NA,NA,5.0,7.5
kappa,0.5,bayesianmab,learn_slope,0.0009737098344693282,195,balanced,NA,NA,NA,NA,5.0,7.5
kappa,0.5,bayesianmab,ttm,84.0,292,balanced,NA,NA,NA,NA,5.0,7.5
kappa,0.5,bayesianmab,feasible_rate,0.9285714285714286,292,balanced,NA,NA,NA,NA,5.0,7.5
kappa,0.5,bayesianmab,avg_fatigue,0.5378809523809525,292,balanced,NA,NA,NA,NA,5.0,7.5
kappa,0.5,bayesianmab,learn_slope,0.0008403361344537816,292,balanced,NA,NA,NA,NA,5.0,7.5
kappa,0.5,bayesianmab,ttm,33.0,389,balanced,NA,NA,NA,NA,5.0,7.5
kappa,0.5,bayesianmab,feasible_rate,0.9696969696969697,389,balanced,NA,NA,NA,NA,5.0,7.5
kappa,0.5,bayesianmab,avg_fatigue,0.31745454545454554,389,balanced,NA,NA,NA,NA,5.0,7.5
kappa,0.5,bayesianmab,learn_slope,0.0053475935828877,389,balanced,NA,NA,NA,NA,5.0,7.5
kappa,0.5,bayesianmab,ttm,57.0,486,balanced,NA,NA,NA,NA,5.0,7.5
kappa,0.5,bayesianmab,feasible_rate,0.9122807017543859,486,balanced,NA,NA,NA,NA,5.0,7.5
kappa,0.5,bayesianmab,avg_fatigue,0.41117543859649125,486,balanced,NA,NA,NA,NA,5.0,7.5
kappa,0.5,bayesianmab,learn_slope,0.0018148820326678765,486,balanced,NA,NA,NA,NA,5.0,7.5
kappa,0.5,bayesianmab,ttm,117.0,583,balanced,NA,NA,NA,NA,5.0,7.5
kappa,0.5,bayesianmab,feasible_rate,0.8974358974358975,583,balanced,NA,NA,NA,NA,5.0,7.5
kappa,0.5,bayesianmab,avg_fatigue,0.5519743589743591,583,balanced,NA,NA,NA,NA,5.0,7.5
kappa,0.5,bayesianmab,learn_slope,0.000434593654932638,583,balanced,NA,NA,NA,NA,5.0,7.5
kappa,0.5,bayesianmab,ttm,45.0,680,balanced,NA,NA,NA,NA,5.0,7.5
kappa,0.5,bayesianmab,feasible_rate,0.9111111111111111,680,balanced,NA,NA,NA,NA,5.0,7.5
kappa,0.5,bayesianmab,avg_fatigue,0.5345555555555557,680,balanced,NA,NA,NA,NA,5.0,7.5
kappa,0.5,bayesianmab,learn_slope,0.002898550724637681,680,balanced,NA,NA,NA,NA,5.0,7.5
kappa,0.5,bayesianmab,ttm,47.0,777,balanced,NA,NA,NA,NA,5.0,7.5
kappa,0.5,bayesianmab,feasible_rate,0.8936170212765957,777,balanced,NA,NA,NA,NA,5.0,7.5
kappa,0.5,bayesianmab,avg_fatigue,0.5327659574468088,777,balanced,NA,NA,NA,NA,5.0,7.5
kappa,0.5,bayesianmab,learn_slope,0.0026595744680851063,777,balanced,NA,NA,NA,NA,5.0,7.5
kappa,0.5,bayesianmab,ttm,50.0,874,balanced,NA,NA,NA,NA,5.0,7.5
kappa,0.5,bayesianmab,feasible_rate,0.9,874,balanced,NA,NA,NA,NA,5.0,7.5
kappa,0.5,bayesianmab,avg_fatigue,0.5492799999999999,874,balanced,NA,NA,NA,NA,5.0,7.5
kappa,0.5,bayesianmab,learn_slope,0.002352941176470588,874,balanced,NA,NA,NA,NA,5.0,7.5
kappa,-0.5,ccb_df,ttm,71.0,1,balanced,NA,NA,NA,NA,5.0,2.5
kappa,-0.5,ccb_df,feasible_rate,0.9014084507042254,1,balanced,NA,NA,NA,NA,5.0,2.5
kappa,-0.5,ccb_df,avg_fatigue,0.5486619718309858,1,balanced,NA,NA,NA,NA,5.0,2.5
kappa,-0.5,ccb_df,learn_slope,0.0011737089201877935,1,balanced,NA,NA,NA,NA,5.0,2.5
kappa,-0.5,ccb_df,ttm,129.0,98,balanced,NA,NA,NA,NA,5.0,2.5
kappa,-0.5,ccb_df,feasible_rate,0.9302325581395349,98,balanced,NA,NA,NA,NA,5.0,2.5
kappa,-0.5,ccb_df,avg_fatigue,0.5432439534883722,98,balanced,NA,NA,NA,NA,5.0,2.5
kappa,-0.5,ccb_df,learn_slope,0.00035778175313059033,98,balanced,NA,NA,NA,NA,5.0,2.5
kappa,-0.5,ccb_df,ttm,65.0,195,balanced,NA,NA,NA,NA,5.0,2.5
kappa,-0.5,ccb_df,feasible_rate,0.9076923076923077,195,balanced,NA,NA,NA,NA,5.0,2.5
kappa,-0.5,ccb_df,avg_fatigue,0.5450769230769232,195,balanced,NA,NA,NA,NA,5.0,2.5
kappa,-0.5,ccb_df,learn_slope,0.0013986013986013986,195,balanced,NA,NA,NA,NA,5.0,2.5
kappa,-0.5,ccb_df,ttm,93.0,292,balanced,NA,NA,NA,NA,5.0,2.5
kappa,-0.5,ccb_df,feasible_rate,0.9032258064516129,292,balanced,NA,NA,NA,NA,5.0,2.5
kappa,-0.5,ccb_df,avg_fatigue,0.5409032258064516,292,balanced,NA,NA,NA,NA,5.0,2.5
kappa,-0.5,ccb_df,learn_slope,0.0006863417982155113,292,balanced,NA,NA,NA,NA,5.0,2.5
kappa,-0.5,ccb_df,ttm,80.0,389,balanced,NA,NA,NA,NA,5.0,2.5
kappa,-0.5,ccb_df,feasible_rate,0.95,389,balanced,NA,NA,NA,NA,5.0,2.5
kappa,-0.5,ccb_df,avg_fatigue,0.5222625,389,balanced,NA,NA,NA,NA,5.0,2.5
kappa,-0.5,ccb_df,learn_slope,0.000925925925925926,389,balanced,NA,NA,NA,NA,5.0,2.5
kappa,-0.5,ccb_df,ttm,98.0,486,balanced,NA,NA,NA,NA,5.0,2.5
kappa,-0.5,ccb_df,feasible_rate,0.8571428571428572,486,balanced,NA,NA,NA,NA,5.0,2.5
kappa,-0.5,ccb_df,avg_fatigue,0.5715816326530613,486,balanced,NA,NA,NA,NA,5.0,2.5
kappa,-0.5,ccb_df,learn_slope,0.0006184291898577613,486,balanced,NA,NA,NA,NA,5.0,2.5
kappa,-0.5,ccb_df,ttm,102.0,583,balanced,NA,NA,NA,NA,5.0,2.5
kappa,-0.5,ccb_df,feasible_rate,0.8823529411764706,583,balanced,NA,NA,NA,NA,5.0,2.5
kappa,-0.5,ccb_df,avg_fatigue,0.5672647058823529,583,balanced,NA,NA,NA,NA,5.0,2.5
kappa,-0.5,ccb_df,learn_slope,0.0005711022272986865,583,balanced,NA,NA,NA,NA,5.0,2.5
kappa,-0.5,ccb_df,ttm,60.0,680,balanced,NA,NA,NA,NA,5.0,2.5
kappa,-0.5,ccb_df,feasible_rate,0.95,680,balanced,NA,NA,NA,NA,5.0,2.5
kappa,-0.5,ccb_df,avg_fatigue,0.5192166666666667,680,balanced,NA,NA,NA,NA,5.0,2.5
kappa,-0.5,ccb_df,learn_slope,0.001639344262295082,680,balanced,NA,NA,NA,NA,5.0,2.5
kappa,-0.5,ccb_df,ttm,75.0,777,balanced,NA,NA,NA,NA,5.0,2.5
kappa,-0.5,ccb_df,feasible_rate,0.92,777,balanced,NA,NA,NA,NA,5.0,2.5
kappa,-0.5,ccb_df,avg_fatigue,0.52724,777,balanced,NA,NA,NA,NA,5.0,2.5
kappa,-0.5,ccb_df,learn_slope,0.0010526315789473684,777,balanced,NA,NA,NA,NA,5.0,2.5
kappa,-0.5,ccb_df,ttm,57.0,874,balanced,NA,NA,NA,NA,5.0,2.5
kappa,-0.5,ccb_df,feasible_rate,0.9298245614035088,874,balanced,NA,NA,NA,NA,5.0,2.5
kappa,-0.5,ccb_df,avg_fatigue,0.5372982456140352,874,balanced,NA,NA,NA,NA,5.0,2.5
kappa,-0.5,ccb_df,learn_slope,0.0018148820326678765,874,balanced,NA,NA,NA,NA,5.0,2.5
kappa,-0.25,ccb_df,ttm,74.0,1,balanced,NA,NA,NA,NA,5.0,3.75
kappa,-0.25,ccb_df,feasible_rate,0.9189189189189189,1,balanced,NA,NA,NA,NA,5.0,3.75
kappa,-0.25,ccb_df,avg_fatigue,0.5255,1,balanced,NA,NA,NA,NA,5.0,3.75
kappa,-0.25,ccb_df,learn_slope,0.001081081081081081,1,balanced,NA,NA,NA,NA,5.0,3.75
kappa,-0.25,ccb_df,ttm,129.0,98,balanced,NA,NA,NA,NA,5.0,3.75
kappa,-0.25,ccb_df,feasible_rate,0.9302325581395349,98,balanced,NA,NA,NA,NA,5.0,3.75
kappa,-0.25,ccb_df,avg_fatigue,0.5432439534883722,98,balanced,NA,NA,NA,NA,5.0,3.75
kappa,-0.25,ccb_df,learn_slope,0.00035778175313059033,98,balanced,NA,NA,NA,NA,5.0,3.75
kappa,-0.25,ccb_df,ttm,83.0,195,balanced,NA,NA,NA,NA,5.0,3.75
kappa,-0.25,ccb_df,feasible_rate,0.927710843373494,195,balanced,NA,NA,NA,NA,5.0,3.75
kappa,-0.25,ccb_df,avg_fatigue,0.5273614457831326,195,balanced,NA,NA,NA,NA,5.0,3.75
kappa,-0.25,ccb_df,learn_slope,0.0008605851979345953,195,balanced,NA,NA,NA,NA,5.0,3.75
kappa,-0.25,ccb_df,ttm,77.0,292,balanced,NA,NA,NA,NA,5.0,3.75
kappa,-0.25,ccb_df,feasible_rate,0.8961038961038961,292,balanced,NA,NA,NA,NA,5.0,3.75
kappa,-0.25,ccb_df,avg_fatigue,0.5626753246753247,292,balanced,NA,NA,NA,NA,5.0,3.75
kappa,-0.25,ccb_df,learn_slope,0.000999000999000999,292,balanced,NA,NA,NA,NA,5.0,3.75
kappa,-0.25,ccb_df,ttm,78.0,389,balanced,NA,NA,NA,NA,5.0,3.75
kappa,-0.25,ccb_df,feasible_rate,0.9487179487179487,389,balanced,NA,NA,NA,NA,5.0,3.75
kappa,-0.25,ccb_df,avg_fatigue,0.5184615384615384,389,balanced,NA,NA,NA,NA,5.0,3.75
kappa,-0.25,ccb_df,learn_slope,0.0009737098344693282,389,balanced,NA,NA,NA,NA,5.0,3.75
kappa,-0.25,ccb_df,ttm,98.0,486,balanced,NA,NA,NA,NA,5.0,3.75
kappa,-0.25,ccb_df,feasible_rate,0.8571428571428572,486,balanced,NA,NA,NA,NA,5.0,3.75
kappa,-0.25,ccb_df,avg_fatigue,0.5715816326530613,486,balanced,NA,NA,NA,NA,5.0,3.75
kappa,-0.25,ccb_df,learn_slope,0.0006184291898577613,486,balanced,NA,NA,NA,NA,5.0,3.75
kappa,-0.25,ccb_df,ttm,123.0,583,balanced,NA,NA,NA,NA,5.0,3.75
kappa,-0.25,ccb_df,feasible_rate,0.9186991869918699,583,balanced,NA,NA,NA,NA,5.0,3.75
kappa,-0.25,ccb_df,avg_fatigue,0.5485132113821138,583,balanced,NA,NA,NA,NA,5.0,3.75
kappa,-0.25,ccb_df,learn_slope,0.0003933910306845004,583,balanced,NA,NA,NA,NA,5.0,3.75
kappa,-0.25,ccb_df,ttm,140.0,680,balanced,NA,NA,NA,NA,5.0,3.75
kappa,-0.25,ccb_df,feasible_rate,0.9142857142857143,680,balanced,NA,NA,NA,NA,5.0,3.75
kappa,-0.25,ccb_df,avg_fatigue,0.551117857142857,680,balanced,NA,NA,NA,NA,5.0,3.75
kappa,-0.25,ccb_df,learn_slope,0.00030395136778115504,680,balanced,NA,NA,NA,NA,5.0,3.75
kappa,-0.25,ccb_df,ttm,128.0,777,balanced,NA,NA,NA,NA,5.0,3.75
kappa,-0.25,ccb_df,feasible_rate,0.9140625,777,balanced,NA,NA,NA,NA,5.0,3.75
kappa,-0.25,ccb_df,avg_fatigue,0.54002875,777,balanced,NA,NA,NA,NA,5.0,3.75
kappa,-0.25,ccb_df,learn_slope,0.0003633720930232558,777,balanced,NA,NA,NA,NA,5.0,3.75
kappa,-0.25,ccb_df,ttm,79.0,874,balanced,NA,NA,NA,NA,5.0,3.75
kappa,-0.25,ccb_df,feasible_rate,0.8734177215189873,874,balanced,NA,NA,NA,NA,5.0,3.75
kappa,-0.25,ccb_df,avg_fatigue,0.5604683544303799,874,balanced,NA,NA,NA,NA,5.0,3.75
kappa,-0.25,ccb_df,learn_slope,0.0009493670886075949,874,balanced,NA,NA,NA,NA,5.0,3.75
kappa,0.0,ccb_df,ttm,74.0,1,balanced,NA,NA,NA,NA,5.0,5.0
kappa,0.0,ccb_df,feasible_rate,0.9189189189189189,1,balanced,NA,NA,NA,NA,5.0,5.0
kappa,0.0,ccb_df,avg_fatigue,0.5255,1,balanced,NA,NA,NA,NA,5.0,5.0
kappa,0.0,ccb_df,learn_slope,0.001081081081081081,1,balanced,NA,NA,NA,NA,5.0,5.0
kappa,0.0,ccb_df,ttm,129.0,98,balanced,NA,NA,NA,NA,5.0,5.0
kappa,0.0,ccb_df,feasible_rate,0.9302325581395349,98,balanced,NA,NA,NA,NA,5.0,5.0
kappa,0.0,ccb_df,avg_fatigue,0.5432439534883722,98,balanced,NA,NA,NA,NA,5.0,5.0
kappa,0.0,ccb_df,learn_slope,0.00035778175313059033,98,balanced,NA,NA,NA,NA,5.0,5.0
kappa,0.0,ccb_df,ttm,86.0,195,balanced,NA,NA,NA,NA,5.0,5.0
kappa,0.0,ccb_df,feasible_rate,0.9534883720930233,195,balanced,NA,NA,NA,NA,5.0,5.0
kappa,0.0,ccb_df,avg_fatigue,0.5210697674418605,195,balanced,NA,NA,NA,NA,5.0,5.0
kappa,0.0,ccb_df,learn_slope,0.0008019246190858059,195,balanced,NA,NA,NA,NA,5.0,5.0
kappa,0.0,ccb_df,ttm,74.0,292,balanced,NA,NA,NA,NA,5.0,5.0
kappa,0.0,ccb_df,feasible_rate,0.9189189189189189,292,balanced,NA,NA,NA,NA,5.0,5.0
kappa,0.0,ccb_df,avg_fatigue,0.538027027027027,292,balanced,NA,NA,NA,NA,5.0,5.0
kappa,0.0,ccb_df,learn_slope,0.001081081081081081,292,balanced,NA,NA,NA,NA,5.0,5.0
kappa,0.0,ccb_df,ttm,85.0,389,balanced,NA,NA,NA,NA,5.0,5.0
kappa,0.0,ccb_df,feasible_rate,0.9647058823529412,389,balanced,NA,NA,NA,NA,5.0,5.0
kappa,0.0,ccb_df,avg_fatigue,0.48348235294117653,389,balanced,NA,NA,NA,NA,5.0,5.0
kappa,0.0,ccb_df,learn_slope,0.0008207934336525308,389,balanced,NA,NA,NA,NA,5.0,5.0
kappa,0.0,ccb_df,ttm,91.0,486,balanced,NA,NA,NA,NA,5.0,5.0
kappa,0.0,ccb_df,feasible_rate,0.8571428571428572,486,balanced,NA,NA,NA,NA,5.0,5.0
kappa,0.0,ccb_df,avg_fatigue,0.575835164835165,486,balanced,NA,NA,NA,NA,5.0,5.0
kappa,0.0,ccb_df,learn_slope,0.0007166746297181081,486,balanced,NA,NA,NA,NA,5.0,5.0
kappa,0.0,ccb_df,ttm,62.0,583,balanced,NA,NA,NA,NA,5.0,5.0
kappa,0.0,ccb_df,feasible_rate,0.9193548387096774,583,balanced,NA,NA,NA,NA,5.0,5.0
kappa,0.0,ccb_df,avg_fatigue,0.5497096774193548,583,balanced,NA,NA,NA,NA,5.0,5.0
kappa,0.0,ccb_df,learn_slope,0.0015360983102918587,583,balanced,NA,NA,NA,NA,5.0,5.0
kappa,0.0,ccb_df,ttm,166.0,680,balanced,NA,NA,NA,NA,5.0,5.0
kappa,0.0,ccb_df,feasible_rate,0.9036144578313253,680,balanced,NA,NA,NA,NA,5.0,5.0
kappa,0.0,ccb_df,avg_fatigue,0.5507653012048191,680,balanced,NA,NA,NA,NA,5.0,5.0
kappa,0.0,ccb_df,learn_slope,0.00021643460067816175,680,balanced,NA,NA,NA,NA,5.0,5.0
kappa,0.0,ccb_df,ttm,128.0,777,balanced,NA,NA,NA,NA,5.0,5.0
kappa,0.0,ccb_df,feasible_rate,0.9140625,777,balanced,NA,NA,NA,NA,5.0,5.0
kappa,0.0,ccb_df,avg_fatigue,0.5403334375,777,balanced,NA,NA,NA,NA,5.0,5.0
kappa,0.0,ccb_df,learn_slope,0.0003633720930232558,777,balanced,NA,NA,NA,NA,5.0,5.0
kappa,0.0,ccb_df,ttm,65.0,874,balanced,NA,NA,NA,NA,5.0,5.0
kappa,0.0,ccb_df,feasible_rate,0.8769230769230769,874,balanced,NA,NA,NA,NA,5.0,5.0
kappa,0.0,ccb_df,avg_fatigue,0.5448923076923078,874,balanced,NA,NA,NA,NA,5.0,5.0
kappa,0.0,ccb_df,learn_slope,0.0013986013986013986,874,balanced,NA,NA,NA,NA,5.0,5.0
kappa,0.25,ccb_df,ttm,72.0,1,balanced,NA,NA,NA,NA,5.0,6.25
kappa,0.25,ccb_df,feasible_rate,0.9583333333333334,1,balanced,NA,NA,NA,NA,5.0,6.25
kappa,0.25,ccb_df,avg_fatigue,0.5168472222222223,1,balanced,NA,NA,NA,NA,5.0,6.25
kappa,0.25,ccb_df,learn_slope,0.001141552511415525,1,balanced,NA,NA,NA,NA,5.0,6.25
kappa,0.25,ccb_df,ttm,122.0,98,balanced,NA,NA,NA,NA,5.0,6.25
kappa,0.25,ccb_df,feasible_rate,0.9016393442622951,98,balanced,NA,NA,NA,NA,5.0,6.25
kappa,0.25,ccb_df,avg_fatigue,0.5422275409836066,98,balanced,NA,NA,NA,NA,5.0,6.25
kappa,0.25,ccb_df,learn_slope,0.00039984006397441024,98,balanced,NA,NA,NA,NA,5.0,6.25
kappa,0.25,ccb_df,ttm,86.0,195,balanced,NA,NA,NA,NA,5.0,6.25
kappa,0.25,ccb_df,feasible_rate,0.9534883720930233,195,balanced,NA,NA,NA,NA,5.0,6.25
kappa,0.25,ccb_df,avg_fatigue,0.5210697674418605,195,balanced,NA,NA,NA,NA,5.0,6.25
kappa,0.25,ccb_df,learn_slope,0.0008019246190858059,195,balanced,NA,NA,NA,NA,5.0,6.25
kappa,0.25,ccb_df,ttm,77.0,292,balanced,NA,NA,NA,NA,5.0,6.25
kappa,0.25,ccb_df,feasible_rate,0.8441558441558441,292,balanced,NA,NA,NA,NA,5.0,6.25
kappa,0.25,ccb_df,avg_fatigue,0.5791168831168831,292,balanced,NA,NA,NA,NA,5.0,6.25
kappa,0.25,ccb_df,learn_slope,0.000999000999000999,292,balanced,NA,NA,NA,NA,5.0,6.25
kappa,0.25,ccb_df,ttm,70.0,389,balanced,NA,NA,NA,NA,5.0,6.25
kappa,0.25,ccb_df,feasible_rate,0.9571428571428572,389,balanced,NA,NA,NA,NA,5.0,6.25
kappa,0.25,ccb_df,avg_fatigue,0.5173857142857142,389,balanced,NA,NA,NA,NA,5.0,6.25
kappa,0.25,ccb_df,learn_slope,0.0012072434607645875,389,balanced,NA,NA,NA,NA,5.0,6.25
kappa,0.25,ccb_df,ttm,91.0,486,balanced,NA,NA,NA,NA,5.0,6.25
kappa,0.25,ccb_df,feasible_rate,0.8571428571428572,486,balanced,NA,NA,NA,NA,5.0,6.25
kappa,0.25,ccb_df,avg_fatigue,0.575835164835165,486,balanced,NA,NA,NA,NA,5.0,6.25
kappa,0.25,ccb_df,learn_slope,0.0007166746297181081,486,balanced,NA,NA,NA,NA,5.0,6.25
kappa,0.25,ccb_df,ttm,62.0,583,balanced,NA,NA,NA,NA,5.0,6.25
kappa,0.25,ccb_df,feasible_rate,0.9193548387096774,583,balanced,NA,NA,NA,NA,5.0,6.25
kappa,0.25,ccb_df,avg_fatigue,0.5497096774193548,583,balanced,NA,NA,NA,NA,5.0,6.25
kappa,0.25,ccb_df,learn_slope,0.0015360983102918587,583,balanced,NA,NA,NA,NA,5.0,6.25
kappa,0.25,ccb_df,ttm,111.0,680,balanced,NA,NA,NA,NA,5.0,6.25
kappa,0.25,ccb_df,feasible_rate,0.8828828828828829,680,balanced,NA,NA,NA,NA,5.0,6.25
kappa,0.25,ccb_df,avg_fatigue,0.5606846846846845,680,balanced,NA,NA,NA,NA,5.0,6.25
kappa,0.25,ccb_df,learn_slope,0.00048262548262548264,680,balanced,NA,NA,NA,NA,5.0,6.25
kappa,0.25,ccb_df,ttm,109.0,777,balanced,NA,NA,NA,NA,5.0,6.25
kappa,0.25,ccb_df,feasible_rate,0.8899082568807339,777,balanced,NA,NA,NA,NA,5.0,6.25
kappa,0.25,ccb_df,avg_fatigue,0.5572844036697246,777,balanced,NA,NA,NA,NA,5.0,6.25
kappa,0.25,ccb_df,learn_slope,0.0005004170141784821,777,balanced,NA,NA,NA,NA,5.0,6.25
kappa,0.25,ccb_df,ttm,87.0,874,balanced,NA,NA,NA,NA,5.0,6.25
kappa,0.25,ccb_df,feasible_rate,0.8735632183908046,874,balanced,NA,NA,NA,NA,5.0,6.25
kappa,0.25,ccb_df,avg_fatigue,0.5567241379310346,874,balanced,NA,NA,NA,NA,5.0,6.25
kappa,0.25,ccb_df,learn_slope,0.0007836990595611285,874,balanced,NA,NA,NA,NA,5.0,6.25
kappa,0.5,ccb_df,ttm,72.0,1,balanced,NA,NA,NA,NA,5.0,7.5
kappa,0.5,ccb_df,feasible_rate,0.9583333333333334,1,balanced,NA,NA,NA,NA,5.0,7.5
kappa,0.5,ccb_df,avg_fatigue,0.5168472222222223,1,balanced,NA,NA,NA,NA,5.0,7.5
kappa,0.5,ccb_df,learn_slope,0.001141552511415525,1,balanced,NA,NA,NA,NA,5.0,7.5
kappa,0.5,ccb_df,ttm,122.0,98,balanced,NA,NA,NA,NA,5.0,7.5
kappa,0.5,ccb_df,feasible_rate,0.9016393442622951,98,balanced,NA,NA,NA,NA,5.0,7.5
kappa,0.5,ccb_df,avg_fatigue,0.5422275409836066,98,balanced,NA,NA,NA,NA,5.0,7.5
kappa,0.5,ccb_df,learn_slope,0.00039984006397441024,98,balanced,NA,NA,NA,NA,5.0,7.5
kappa,0.5,ccb_df,ttm,85.0,195,balanced,NA,NA,NA,NA,5.0,7.5
kappa,0.5,ccb_df,feasible_rate,0.9294117647058824,195,balanced,NA,NA,NA,NA,5.0,7.5
kappa,0.5,ccb_df,avg_fatigue,0.5236705882352942,195,balanced,NA,NA,NA,NA,5.0,7.5
kappa,0.5,ccb_df,learn_slope,0.0008207934336525308,195,balanced,NA,NA,NA,NA,5.0,7.5
kappa,0.5,ccb_df,ttm,77.0,292,balanced,NA,NA,NA,NA,5.0,7.5
kappa,0.5,ccb_df,feasible_rate,0.8571428571428572,292,balanced,NA,NA,NA,NA,5.0,7.5
kappa,0.5,ccb_df,avg_fatigue,0.5728831168831169,292,balanced,NA,NA,NA,NA,5.0,7.5
kappa,0.5,ccb_df,learn_slope,0.000999000999000999,292,balanced,NA,NA,NA,NA,5.0,7.5
kappa,0.5,ccb_df,ttm,70.0,389,balanced,NA,NA,NA,NA,5.0,7.5
kappa,0.5,ccb_df,feasible_rate,0.9571428571428572,389,balanced,NA,NA,NA,NA,5.0,7.5
kappa,0.5,ccb_df,avg_fatigue,0.5173857142857142,389,balanced,NA,NA,NA,NA,5.0,7.5
kappa,0.5,ccb_df,learn_slope,0.0012072434607645875,389,balanced,NA,NA,NA,NA,5.0,7.5
kappa,0.5,ccb_df,ttm,211.0,486,balanced,NA,NA,NA,NA,5.0,7.5
kappa,0.5,ccb_df,feasible_rate,0.8909952606635071,486,balanced,NA,NA,NA,NA,5.0,7.5
kappa,0.5,ccb_df,avg_fatigue,0.5568330975118483,486,balanced,NA,NA,NA,NA,5.0,7.5
kappa,0.5,ccb_df,learn_slope,0.00013413216489314137,486,balanced,NA,NA,NA,NA,5.0,7.5
kappa,0.5,ccb_df,ttm,62.0,583,balanced,NA,NA,NA,NA,5.0,7.5
kappa,0.5,ccb_df,feasible_rate,0.9193548387096774,583,balanced,NA,NA,NA,NA,5.0,7.5
kappa,0.5,ccb_df,avg_fatigue,0.5497096774193548,583,balanced,NA,NA,NA,NA,5.0,7.5
kappa,0.5,ccb_df,learn_slope,0.0015360983102918587,583,balanced,NA,NA,NA,NA,5.0,7.5
kappa,0.5,ccb_df,ttm,93.0,680,balanced,NA,NA,NA,NA,5.0,7.5
kappa,0.5,ccb_df,feasible_rate,0.8924731182795699,680,balanced,NA,NA,NA,NA,5.0,7.5
kappa,0.5,ccb_df,avg_fatigue,0.5566236559139786,680,balanced,NA,NA,NA,NA,5.0,7.5
kappa,0.5,ccb_df,learn_slope,0.0006863417982155113,680,balanced,NA,NA,NA,NA,5.0,7.5
kappa,0.5,ccb_df,ttm,174.0,777,balanced,NA,NA,NA,NA,5.0,7.5
kappa,0.5,ccb_df,feasible_rate,0.8735632183908046,777,balanced,NA,NA,NA,NA,5.0,7.5
kappa,0.5,ccb_df,avg_fatigue,0.5599991954022988,777,balanced,NA,NA,NA,NA,5.0,7.5
kappa,0.5,ccb_df,learn_slope,0.00019704433497536947,777,balanced,NA,NA,NA,NA,5.0,7.5
kappa,0.5,ccb_df,ttm,87.0,874,balanced,NA,NA,NA,NA,5.0,7.5
kappa,0.5,ccb_df,feasible_rate,0.8735632183908046,874,balanced,NA,NA,NA,NA,5.0,7.5
kappa,0.5,ccb_df,avg_fatigue,0.5567241379310346,874,balanced,NA,NA,NA,NA,5.0,7.5
kappa,0.5,ccb_df,learn_slope,0.0007836990595611285,874,balanced,NA,NA,NA,NA,5.0,7.5
kappa,-0.5,safe_ac,ttm,91.0,1,balanced,NA,NA,NA,NA,5.0,2.5
kappa,-0.5,safe_ac,feasible_rate,0.8681318681318682,1,balanced,NA,NA,NA,NA,5.0,2.5
kappa,-0.5,safe_ac,avg_fatigue,0.5665604395604396,1,balanced,NA,NA,NA,NA,5.0,2.5
kappa,-0.5,safe_ac,learn_slope,0.0007166746297181081,1,balanced,NA,NA,NA,NA,5.0,2.5
kappa,-0.5,safe_ac,ttm,126.0,98,balanced,NA,NA,NA,NA,5.0,2.5
kappa,-0.5,safe_ac,feasible_rate,0.9047619047619048,98,balanced,NA,NA,NA,NA,5.0,2.5
kappa,-0.5,safe_ac,avg_fatigue,0.5426611111111106,98,balanced,NA,NA,NA,NA,5.0,2.5
kappa,-0.5,safe_ac,learn_slope,0.0003749531308586427,98,balanced,NA,NA,NA,NA,5.0,2.5
kappa,-0.5,safe_ac,ttm,46.0,195,balanced,NA,NA,NA,NA,5.0,2.5
kappa,-0.5,safe_ac,feasible_rate,0.9565217391304348,195,balanced,NA,NA,NA,NA,5.0,2.5
kappa,-0.5,safe_ac,avg_fatigue,0.5014347826086956,195,balanced,NA,NA,NA,NA,5.0,2.5
kappa,-0.5,safe_ac,learn_slope,0.0027752081406105457,195,balanced,NA,NA,NA,NA,5.0,2.5
kappa,-0.5,safe_ac,ttm,74.0,292,balanced,NA,NA,NA,NA,5.0,2.5
kappa,-0.5,safe_ac,feasible_rate,0.8648648648648649,292,balanced,NA,NA,NA,NA,5.0,2.5
kappa,-0.5,safe_ac,avg_fatigue,0.5748243243243242,292,balanced,NA,NA,NA,NA,5.0,2.5
kappa,-0.5,safe_ac,learn_slope,0.001081081081081081,292,balanced,NA,NA,NA,NA,5.0,2.5
kappa,-0.5,safe_ac,ttm,59.0,389,balanced,NA,NA,NA,NA,5.0,2.5
kappa,-0.5,safe_ac,feasible_rate,0.8813559322033898,389,balanced,NA,NA,NA,NA,5.0,2.5
kappa,-0.5,safe_ac,avg_fatigue,0.5475084745762712,389,balanced,NA,NA,NA,NA,5.0,2.5
kappa,-0.5,safe_ac,learn_slope,0.001694915254237288,389,balanced,NA,NA,NA,NA,5.0,2.5
kappa,-0.5,safe_ac,ttm,97.0,486,balanced,NA,NA,NA,NA,5.0,2.5
kappa,-0.5,safe_ac,feasible_rate,0.8969072164948454,486,balanced,NA,NA,NA,NA,5.0,2.5
kappa,-0.5,safe_ac,avg_fatigue,0.5611649484536082,486,balanced,NA,NA,NA,NA,5.0,2.5
kappa,-0.5,safe_ac,learn_slope,0.0006311803071744162,486,balanced,NA,NA,NA,NA,5.0,2.5
kappa,-0.5,safe_ac,ttm,72.0,583,balanced,NA,NA,NA,NA,5.0,2.5
kappa,-0.5,safe_ac,feasible_rate,0.9861111111111112,583,balanced,NA,NA,NA,NA,5.0,2.5
kappa,-0.5,safe_ac,avg_fatigue,0.4999027777777777,583,balanced,NA,NA,NA,NA,5.0,2.5
kappa,-0.5,safe_ac,learn_slope,0.001141552511415525,583,balanced,NA,NA,NA,NA,5.0,2.5
kappa,-0.5,safe_ac,ttm,52.0,680,balanced,NA,NA,NA,NA,5.0,2.5
kappa,-0.5,safe_ac,feasible_rate,0.9807692307692307,680,balanced,NA,NA,NA,NA,5.0,2.5
kappa,-0.5,safe_ac,avg_fatigue,0.45680769230769236,680,balanced,NA,NA,NA,NA,5.0,2.5
kappa,-0.5,safe_ac,learn_slope,0.0021770682148040637,680,balanced,NA,NA,NA,NA,5.0,2.5
kappa,-0.5,safe_ac,ttm,113.0,777,balanced,NA,NA,NA,NA,5.0,2.5
kappa,-0.5,safe_ac,feasible_rate,0.9469026548672567,777,balanced,NA,NA,NA,NA,5.0,2.5
kappa,-0.5,safe_ac,avg_fatigue,0.5285044247787608,777,balanced,NA,NA,NA,NA,5.0,2.5
kappa,-0.5,safe_ac,learn_slope,0.0004657661853749418,777,balanced,NA,NA,NA,NA,5.0,2.5
kappa,-0.5,safe_ac,ttm,50.0,874,balanced,NA,NA,NA,NA,5.0,2.5
kappa,-0.5,safe_ac,feasible_rate,0.9,874,balanced,NA,NA,NA,NA,5.0,2.5
kappa,-0.5,safe_ac,avg_fatigue,0.5576599999999998,874,balanced,NA,NA,NA,NA,5.0,2.5
kappa,-0.5,safe_ac,learn_slope,0.002352941176470588,874,balanced,NA,NA,NA,NA,5.0,2.5
kappa,-0.25,safe_ac,ttm,91.0,1,balanced,NA,NA,NA,NA,5.0,3.75
kappa,-0.25,safe_ac,feasible_rate,0.8681318681318682,1,balanced,NA,NA,NA,NA,5.0,3.75
kappa,-0.25,safe_ac,avg_fatigue,0.5665604395604396,1,balanced,NA,NA,NA,NA,5.0,3.75
kappa,-0.25,safe_ac,learn_slope,0.0007166746297181081,1,balanced,NA,NA,NA,NA,5.0,3.75
kappa,-0.25,safe_ac,ttm,126.0,98,balanced,NA,NA,NA,NA,5.0,3.75
kappa,-0.25,safe_ac,feasible_rate,0.9047619047619048,98,balanced,NA,NA,NA,NA,5.0,3.75
kappa,-0.25,safe_ac,avg_fatigue,0.5426611111111106,98,balanced,NA,NA,NA,NA,5.0,3.75
kappa,-0.25,safe_ac,learn_slope,0.0003749531308586427,98,balanced,NA,NA,NA,NA,5.0,3.75
kappa,-0.25,safe_ac,ttm,47.0,195,balanced,NA,NA,NA,NA,5.0,3.75
kappa,-0.25,safe_ac,feasible_rate,0.9361702127659575,195,balanced,NA,NA,NA,NA,5.0,3.75
kappa,-0.25,safe_ac,avg_fatigue,0.554531914893617,195,balanced,NA,NA,NA,NA,5.0,3.75
kappa,-0.25,safe_ac,learn_slope,0.0026595744680851063,195,balanced,NA,NA,NA,NA,5.0,3.75
kappa,-0.25,safe_ac,ttm,74.0,292,balanced,NA,NA,NA,NA,5.0,3.75
kappa,-0.25,safe_ac,feasible_rate,0.8648648648648649,292,balanced,NA,NA,NA,NA,5.0,3.75
kappa,-0.25,safe_ac,avg_fatigue,0.5748243243243242,292,balanced,NA,NA,NA,NA,5.0,3.75
kappa,-0.25,safe_ac,learn_slope,0.001081081081081081,292,balanced,NA,NA,NA,NA,5.0,3.75
kappa,-0.25,safe_ac,ttm,59.0,389,balanced,NA,NA,NA,NA,5.0,3.75
kappa,-0.25,safe_ac,feasible_rate,0.8813559322033898,389,balanced,NA,NA,NA,NA,5.0,3.75
kappa,-0.25,safe_ac,avg_fatigue,0.5475084745762712,389,balanced,NA,NA,NA,NA,5.0,3.75
kappa,-0.25,safe_ac,learn_slope,0.001694915254237288,389,balanced,NA,NA,NA,NA,5.0,3.75
kappa,-0.25,safe_ac,ttm,97.0,486,balanced,NA,NA,NA,NA,5.0,3.75
kappa,-0.25,safe_ac,feasible_rate,0.8969072164948454,486,balanced,NA,NA,NA,NA,5.0,3.75
kappa,-0.25,safe_ac,avg_fatigue,0.5611649484536082,486,balanced,NA,NA,NA,NA,5.0,3.75
kappa,-0.25,safe_ac,learn_slope,0.0006311803071744162,486,balanced,NA,NA,NA,NA,5.0,3.75
kappa,-0.25,safe_ac,ttm,72.0,583,balanced,NA,NA,NA,NA,5.0,3.75
kappa,-0.25,safe_ac,feasible_rate,0.9861111111111112,583,balanced,NA,NA,NA,NA,5.0,3.75
kappa,-0.25,safe_ac,avg_fatigue,0.4999027777777777,583,balanced,NA,NA,NA,NA,5.0,3.75
kappa,-0.25,safe_ac,learn_slope,0.001141552511415525,583,balanced,NA,NA,NA,NA,5.0,3.75
kappa,-0.25,safe_ac,ttm,52.0,680,balanced,NA,NA,NA,NA,5.0,3.75
kappa,-0.25,safe_ac,feasible_rate,0.9807692307692307,680,balanced,NA,NA,NA,NA,5.0,3.75
kappa,-0.25,safe_ac,avg_fatigue,0.45680769230769236,680,balanced,NA,NA,NA,NA,5.0,3.75
kappa,-0.25,safe_ac,learn_slope,0.0021770682148040637,680,balanced,NA,NA,NA,NA,5.0,3.75
kappa,-0.25,safe_ac,ttm,113.0,777,balanced,NA,NA,NA,NA,5.0,3.75
kappa,-0.25,safe_ac,feasible_rate,0.9469026548672567,777,balanced,NA,NA,NA,NA,5.0,3.75
kappa,-0.25,safe_ac,avg_fatigue,0.5285044247787608,777,balanced,NA,NA,NA,NA,5.0,3.75
kappa,-0.25,safe_ac,learn_slope,0.0004657661853749418,777,balanced,NA,NA,NA,NA,5.0,3.75
kappa,-0.25,safe_ac,ttm,50.0,874,balanced,NA,NA,NA,NA,5.0,3.75
kappa,-0.25,safe_ac,feasible_rate,0.9,874,balanced,NA,NA,NA,NA,5.0,3.75
kappa,-0.25,safe_ac,avg_fatigue,0.5576599999999998,874,balanced,NA,NA,NA,NA,5.0,3.75
kappa,-0.25,safe_ac,learn_slope,0.002352941176470588,874,balanced,NA,NA,NA,NA,5.0,3.75
kappa,0.0,safe_ac,ttm,91.0,1,balanced,NA,NA,NA,NA,5.0,5.0
kappa,0.0,safe_ac,feasible_rate,0.8681318681318682,1,balanced,NA,NA,NA,NA,5.0,5.0
kappa,0.0,safe_ac,avg_fatigue,0.5665604395604396,1,balanced,NA,NA,NA,NA,5.0,5.0
kappa,0.0,safe_ac,learn_slope,0.0007166746297181081,1,balanced,NA,NA,NA,NA,5.0,5.0
kappa,0.0,safe_ac,ttm,126.0,98,balanced,NA,NA,NA,NA,5.0,5.0
kappa,0.0,safe_ac,feasible_rate,0.9047619047619048,98,balanced,NA,NA,NA,NA,5.0,5.0
kappa,0.0,safe_ac,avg_fatigue,0.5426611111111106,98,balanced,NA,NA,NA,NA,5.0,5.0
kappa,0.0,safe_ac,learn_slope,0.0003749531308586427,98,balanced,NA,NA,NA,NA,5.0,5.0
kappa,0.0,safe_ac,ttm,47.0,195,balanced,NA,NA,NA,NA,5.0,5.0
kappa,0.0,safe_ac,feasible_rate,0.9361702127659575,195,balanced,NA,NA,NA,NA,5.0,5.0
kappa,0.0,safe_ac,avg_fatigue,0.554531914893617,195,balanced,NA,NA,NA,NA,5.0,5.0
kappa,0.0,safe_ac,learn_slope,0.0026595744680851063,195,balanced,NA,NA,NA,NA,5.0,5.0
kappa,0.0,safe_ac,ttm,74.0,292,balanced,NA,NA,NA,NA,5.0,5.0
kappa,0.0,safe_ac,feasible_rate,0.8648648648648649,292,balanced,NA,NA,NA,NA,5.0,5.0
kappa,0.0,safe_ac,avg_fatigue,0.5748243243243242,292,balanced,NA,NA,NA,NA,5.0,5.0
kappa,0.0,safe_ac,learn_slope,0.001081081081081081,292,balanced,NA,NA,NA,NA,5.0,5.0
kappa,0.0,safe_ac,ttm,59.0,389,balanced,NA,NA,NA,NA,5.0,5.0
kappa,0.0,safe_ac,feasible_rate,0.8813559322033898,389,balanced,NA,NA,NA,NA,5.0,5.0
kappa,0.0,safe_ac,avg_fatigue,0.5475084745762712,389,balanced,NA,NA,NA,NA,5.0,5.0
kappa,0.0,safe_ac,learn_slope,0.001694915254237288,389,balanced,NA,NA,NA,NA,5.0,5.0
kappa,0.0,safe_ac,ttm,97.0,486,balanced,NA,NA,NA,NA,5.0,5.0
kappa,0.0,safe_ac,feasible_rate,0.8969072164948454,486,balanced,NA,NA,NA,NA,5.0,5.0
kappa,0.0,safe_ac,avg_fatigue,0.5611649484536082,486,balanced,NA,NA,NA,NA,5.0,5.0
kappa,0.0,safe_ac,learn_slope,0.0006311803071744162,486,balanced,NA,NA,NA,NA,5.0,5.0
kappa,0.0,safe_ac,ttm,72.0,583,balanced,NA,NA,NA,NA,5.0,5.0
kappa,0.0,safe_ac,feasible_rate,0.9861111111111112,583,balanced,NA,NA,NA,NA,5.0,5.0
kappa,0.0,safe_ac,avg_fatigue,0.4999027777777777,583,balanced,NA,NA,NA,NA,5.0,5.0
kappa,0.0,safe_ac,learn_slope,0.001141552511415525,583,balanced,NA,NA,NA,NA,5.0,5.0
kappa,0.0,safe_ac,ttm,52.0,680,balanced,NA,NA,NA,NA,5.0,5.0
kappa,0.0,safe_ac,feasible_rate,0.9807692307692307,680,balanced,NA,NA,NA,NA,5.0,5.0
kappa,0.0,safe_ac,avg_fatigue,0.45680769230769236,680,balanced,NA,NA,NA,NA,5.0,5.0
kappa,0.0,safe_ac,learn_slope,0.0021770682148040637,680,balanced,NA,NA,NA,NA,5.0,5.0
kappa,0.0,safe_ac,ttm,113.0,777,balanced,NA,NA,NA,NA,5.0,5.0
kappa,0.0,safe_ac,feasible_rate,0.9469026548672567,777,balanced,NA,NA,NA,NA,5.0,5.0
kappa,0.0,safe_ac,avg_fatigue,0.5285044247787608,777,balanced,NA,NA,NA,NA,5.0,5.0
kappa,0.0,safe_ac,learn_slope,0.0004657661853749418,777,balanced,NA,NA,NA,NA,5.0,5.0
kappa,0.0,safe_ac,ttm,50.0,874,balanced,NA,NA,NA,NA,5.0,5.0
kappa,0.0,safe_ac,feasible_rate,0.9,874,balanced,NA,NA,NA,NA,5.0,5.0
kappa,0.0,safe_ac,avg_fatigue,0.5576599999999998,874,balanced,NA,NA,NA,NA,5.0,5.0
kappa,0.0,safe_ac,learn_slope,0.002352941176470588,874,balanced,NA,NA,NA,NA,5.0,5.0
kappa,0.25,safe_ac,ttm,91.0,1,balanced,NA,NA,NA,NA,5.0,6.25
kappa,0.25,safe_ac,feasible_rate,0.8681318681318682,1,balanced,NA,NA,NA,NA,5.0,6.25
kappa,0.25,safe_ac,avg_fatigue,0.5665604395604396,1,balanced,NA,NA,NA,NA,5.0,6.25
kappa,0.25,safe_ac,learn_slope,0.0007166746297181081,1,balanced,NA,NA,NA,NA,5.0,6.25
kappa,0.25,safe_ac,ttm,126.0,98,balanced,NA,NA,NA,NA,5.0,6.25
kappa,0.25,safe_ac,feasible_rate,0.9047619047619048,98,balanced,NA,NA,NA,NA,5.0,6.25
kappa,0.25,safe_ac,avg_fatigue,0.5426611111111106,98,balanced,NA,NA,NA,NA,5.0,6.25
kappa,0.25,safe_ac,learn_slope,0.0003749531308586427,98,balanced,NA,NA,NA,NA,5.0,6.25
kappa,0.25,safe_ac,ttm,47.0,195,balanced,NA,NA,NA,NA,5.0,6.25
kappa,0.25,safe_ac,feasible_rate,0.9361702127659575,195,balanced,NA,NA,NA,NA,5.0,6.25
kappa,0.25,safe_ac,avg_fatigue,0.554531914893617,195,balanced,NA,NA,NA,NA,5.0,6.25
kappa,0.25,safe_ac,learn_slope,0.0026595744680851063,195,balanced,NA,NA,NA,NA,5.0,6.25
kappa,0.25,safe_ac,ttm,74.0,292,balanced,NA,NA,NA,NA,5.0,6.25
kappa,0.25,safe_ac,feasible_rate,0.8648648648648649,292,balanced,NA,NA,NA,NA,5.0,6.25
kappa,0.25,safe_ac,avg_fatigue,0.5748243243243242,292,balanced,NA,NA,NA,NA,5.0,6.25
kappa,0.25,safe_ac,learn_slope,0.001081081081081081,292,balanced,NA,NA,NA,NA,5.0,6.25
kappa,0.25,safe_ac,ttm,59.0,389,balanced,NA,NA,NA,NA,5.0,6.25
kappa,0.25,safe_ac,feasible_rate,0.8813559322033898,389,balanced,NA,NA,NA,NA,5.0,6.25
kappa,0.25,safe_ac,avg_fatigue,0.5475084745762712,389,balanced,NA,NA,NA,NA,5.0,6.25
kappa,0.25,safe_ac,learn_slope,0.001694915254237288,389,balanced,NA,NA,NA,NA,5.0,6.25
kappa,0.25,safe_ac,ttm,87.0,486,balanced,NA,NA,NA,NA,5.0,6.25
kappa,0.25,safe_ac,feasible_rate,0.8850574712643678,486,balanced,NA,NA,NA,NA,5.0,6.25
kappa,0.25,safe_ac,avg_fatigue,0.5615517241379311,486,balanced,NA,NA,NA,NA,5.0,6.25
kappa,0.25,safe_ac,learn_slope,0.0007836990595611285,486,balanced,NA,NA,NA,NA,5.0,6.25
kappa,0.25,safe_ac,ttm,72.0,583,balanced,NA,NA,NA,NA,5.0,6.25
kappa,0.25,safe_ac,feasible_rate,0.9861111111111112,583,balanced,NA,NA,NA,NA,5.0,6.25
kappa,0.25,safe_ac,avg_fatigue,0.4999027777777777,583,balanced,NA,NA,NA,NA,5.0,6.25
kappa,0.25,safe_ac,learn_slope,0.001141552511415525,583,balanced,NA,NA,NA,NA,5.0,6.25
kappa,0.25,safe_ac,ttm,52.0,680,balanced,NA,NA,NA,NA,5.0,6.25
kappa,0.25,safe_ac,feasible_rate,0.9807692307692307,680,balanced,NA,NA,NA,NA,5.0,6.25
kappa,0.25,safe_ac,avg_fatigue,0.45680769230769236,680,balanced,NA,NA,NA,NA,5.0,6.25
kappa,0.25,safe_ac,learn_slope,0.0021770682148040637,680,balanced,NA,NA,NA,NA,5.0,6.25
kappa,0.25,safe_ac,ttm,113.0,777,balanced,NA,NA,NA,NA,5.0,6.25
kappa,0.25,safe_ac,feasible_rate,0.9469026548672567,777,balanced,NA,NA,NA,NA,5.0,6.25
kappa,0.25,safe_ac,avg_fatigue,0.5285044247787608,777,balanced,NA,NA,NA,NA,5.0,6.25
kappa,0.25,safe_ac,learn_slope,0.0004657661853749418,777,balanced,NA,NA,NA,NA,5.0,6.25
kappa,0.25,safe_ac,ttm,50.0,874,balanced,NA,NA,NA,NA,5.0,6.25
kappa,0.25,safe_ac,feasible_rate,0.9,874,balanced,NA,NA,NA,NA,5.0,6.25
kappa,0.25,safe_ac,avg_fatigue,0.5576599999999998,874,balanced,NA,NA,NA,NA,5.0,6.25
kappa,0.25,safe_ac,learn_slope,0.002352941176470588,874,balanced,NA,NA,NA,NA,5.0,6.25
kappa,0.5,safe_ac,ttm,91.0,1,balanced,NA,NA,NA,NA,5.0,7.5
kappa,0.5,safe_ac,feasible_rate,0.8681318681318682,1,balanced,NA,NA,NA,NA,5.0,7.5
kappa,0.5,safe_ac,avg_fatigue,0.5665604395604396,1,balanced,NA,NA,NA,NA,5.0,7.5
kappa,0.5,safe_ac,learn_slope,0.0007166746297181081,1,balanced,NA,NA,NA,NA,5.0,7.5
kappa,0.5,safe_ac,ttm,126.0,98,balanced,NA,NA,NA,NA,5.0,7.5
kappa,0.5,safe_ac,feasible_rate,0.9047619047619048,98,balanced,NA,NA,NA,NA,5.0,7.5
kappa,0.5,safe_ac,avg_fatigue,0.5426611111111106,98,balanced,NA,NA,NA,NA,5.0,7.5
kappa,0.5,safe_ac,learn_slope,0.0003749531308586427,98,balanced,NA,NA,NA,NA,5.0,7.5
kappa,0.5,safe_ac,ttm,47.0,195,balanced,NA,NA,NA,NA,5.0,7.5
kappa,0.5,safe_ac,feasible_rate,0.9361702127659575,195,balanced,NA,NA,NA,NA,5.0,7.5
kappa,0.5,safe_ac,avg_fatigue,0.554531914893617,195,balanced,NA,NA,NA,NA,5.0,7.5
kappa,0.5,safe_ac,learn_slope,0.0026595744680851063,195,balanced,NA,NA,NA,NA,5.0,7.5
kappa,0.5,safe_ac,ttm,74.0,292,balanced,NA,NA,NA,NA,5.0,7.5
kappa,0.5,safe_ac,feasible_rate,0.8648648648648649,292,balanced,NA,NA,NA,NA,5.0,7.5
kappa,0.5,safe_ac,avg_fatigue,0.5748243243243242,292,balanced,NA,NA,NA,NA,5.0,7.5
kappa,0.5,safe_ac,learn_slope,0.001081081081081081,292,balanced,NA,NA,NA,NA,5.0,7.5
kappa,0.5,safe_ac,ttm,59.0,389,balanced,NA,NA,NA,NA,5.0,7.5
kappa,0.5,safe_ac,feasible_rate,0.8813559322033898,389,balanced,NA,NA,NA,NA,5.0,7.5
kappa,0.5,safe_ac,avg_fatigue,0.5475084745762712,389,balanced,NA,NA,NA,NA,5.0,7.5
kappa,0.5,safe_ac,learn_slope,0.001694915254237288,389,balanced,NA,NA,NA,NA,5.0,7.5
kappa,0.5,safe_ac,ttm,87.0,486,balanced,NA,NA,NA,NA,5.0,7.5
kappa,0.5,safe_ac,feasible_rate,0.8850574712643678,486,balanced,NA,NA,NA,NA,5.0,7.5
kappa,0.5,safe_ac,avg_fatigue,0.5615517241379311,486,balanced,NA,NA,NA,NA,5.0,7.5
kappa,0.5,safe_ac,learn_slope,0.0007836990595611285,486,balanced,NA,NA,NA,NA,5.0,7.5
kappa,0.5,safe_ac,ttm,72.0,583,balanced,NA,NA,NA,NA,5.0,7.5
kappa,0.5,safe_ac,feasible_rate,0.9861111111111112,583,balanced,NA,NA,NA,NA,5.0,7.5
kappa,0.5,safe_ac,avg_fatigue,0.4999027777777777,583,balanced,NA,NA,NA,NA,5.0,7.5
kappa,0.5,safe_ac,learn_slope,0.001141552511415525,583,balanced,NA,NA,NA,NA,5.0,7.5
kappa,0.5,safe_ac,ttm,52.0,680,balanced,NA,NA,NA,NA,5.0,7.5
kappa,0.5,safe_ac,feasible_rate,0.9807692307692307,680,balanced,NA,NA,NA,NA,5.0,7.5
kappa,0.5,safe_ac,avg_fatigue,0.45680769230769236,680,balanced,NA,NA,NA,NA,5.0,7.5
kappa,0.5,safe_ac,learn_slope,0.0021770682148040637,680,balanced,NA,NA,NA,NA,5.0,7.5
kappa,0.5,safe_ac,ttm,113.0,777,balanced,NA,NA,NA,NA,5.0,7.5
kappa,0.5,safe_ac,feasible_rate,0.9469026548672567,777,balanced,NA,NA,NA,NA,5.0,7.5
kappa,0.5,safe_ac,avg_fatigue,0.5285044247787608,777,balanced,NA,NA,NA,NA,5.0,7.5
kappa,0.5,safe_ac,learn_slope,0.0004657661853749418,777,balanced,NA,NA,NA,NA,5.0,7.5
kappa,0.5,safe_ac,ttm,50.0,874,balanced,NA,NA,NA,NA,5.0,7.5
kappa,0.5,safe_ac,feasible_rate,0.9,874,balanced,NA,NA,NA,NA,5.0,7.5
kappa,0.5,safe_ac,avg_fatigue,0.5576599999999998,874,balanced,NA,NA,NA,NA,5.0,7.5
kappa,0.5,safe_ac,learn_slope,0.002352941176470588,874,balanced,NA,NA,NA,NA,5.0,7.5
kappa,-0.5,autocurriculum,ttm,600.0,1,balanced,NA,NA,NA,NA,5.0,2.5
kappa,-0.5,autocurriculum,feasible_rate,0.9316666666666666,1,balanced,NA,NA,NA,NA,5.0,2.5
kappa,-0.5,autocurriculum,avg_fatigue,0.5353078647945031,1,balanced,NA,NA,NA,NA,5.0,2.5
kappa,-0.5,autocurriculum,learn_slope,0.0,1,balanced,NA,NA,NA,NA,5.0,2.5
kappa,-0.5,autocurriculum,ttm,600.0,98,balanced,NA,NA,NA,NA,5.0,2.5
kappa,-0.5,autocurriculum,feasible_rate,0.9366666666666666,98,balanced,NA,NA,NA,NA,5.0,2.5
kappa,-0.5,autocurriculum,avg_fatigue,0.5330981362776924,98,balanced,NA,NA,NA,NA,5.0,2.5
kappa,-0.5,autocurriculum,learn_slope,0.0,98,balanced,NA,NA,NA,NA,5.0,2.5
kappa,-0.5,autocurriculum,ttm,600.0,195,balanced,NA,NA,NA,NA,5.0,2.5
kappa,-0.5,autocurriculum,feasible_rate,0.9383333333333334,195,balanced,NA,NA,NA,NA,5.0,2.5
kappa,-0.5,autocurriculum,avg_fatigue,0.5258852680524648,195,balanced,NA,NA,NA,NA,5.0,2.5
kappa,-0.5,autocurriculum,learn_slope,0.0,195,balanced,NA,NA,NA,NA,5.0,2.5
kappa,-0.5,autocurriculum,ttm,600.0,292,balanced,NA,NA,NA,NA,5.0,2.5
kappa,-0.5,autocurriculum,feasible_rate,0.92,292,balanced,NA,NA,NA,NA,5.0,2.5
kappa,-0.5,autocurriculum,avg_fatigue,0.5342509327861482,292,balanced,NA,NA,NA,NA,5.0,2.5
kappa,-0.5,autocurriculum,learn_slope,0.0,292,balanced,NA,NA,NA,NA,5.0,2.5
kappa,-0.5,autocurriculum,ttm,600.0,389,balanced,NA,NA,NA,NA,5.0,2.5
kappa,-0.5,autocurriculum,feasible_rate,0.9416666666666667,389,balanced,NA,NA,NA,NA,5.0,2.5
kappa,-0.5,autocurriculum,avg_fatigue,0.5294468906505126,389,balanced,NA,NA,NA,NA,5.0,2.5
kappa,-0.5,autocurriculum,learn_slope,0.0,389,balanced,NA,NA,NA,NA,5.0,2.5
kappa,-0.5,autocurriculum,ttm,600.0,486,balanced,NA,NA,NA,NA,5.0,2.5
kappa,-0.5,autocurriculum,feasible_rate,0.9183333333333333,486,balanced,NA,NA,NA,NA,5.0,2.5
kappa,-0.5,autocurriculum,avg_fatigue,0.5372370764072943,486,balanced,NA,NA,NA,NA,5.0,2.5
kappa,-0.5,autocurriculum,learn_slope,0.0,486,balanced,NA,NA,NA,NA,5.0,2.5
kappa,-0.5,autocurriculum,ttm,600.0,583,balanced,NA,NA,NA,NA,5.0,2.5
kappa,-0.5,autocurriculum,feasible_rate,0.9333333333333333,583,balanced,NA,NA,NA,NA,5.0,2.5
kappa,-0.5,autocurriculum,avg_fatigue,0.5212384426302065,583,balanced,NA,NA,NA,NA,5.0,2.5
kappa,-0.5,autocurriculum,learn_slope,0.0,583,balanced,NA,NA,NA,NA,5.0,2.5
kappa,-0.5,autocurriculum,ttm,600.0,680,balanced,NA,NA,NA,NA,5.0,2.5
kappa,-0.5,autocurriculum,feasible_rate,0.9366666666666666,680,balanced,NA,NA,NA,NA,5.0,2.5
kappa,-0.5,autocurriculum,avg_fatigue,0.5183120762975901,680,balanced,NA,NA,NA,NA,5.0,2.5
kappa,-0.5,autocurriculum,learn_slope,0.0,680,balanced,NA,NA,NA,NA,5.0,2.5
kappa,-0.5,autocurriculum,ttm,600.0,777,balanced,NA,NA,NA,NA,5.0,2.5
kappa,-0.5,autocurriculum,feasible_rate,0.96,777,balanced,NA,NA,NA,NA,5.0,2.5
kappa,-0.5,autocurriculum,avg_fatigue,0.5131845791440768,777,balanced,NA,NA,NA,NA,5.0,2.5
kappa,-0.5,autocurriculum,learn_slope,0.0,777,balanced,NA,NA,NA,NA,5.0,2.5
kappa,-0.5,autocurriculum,ttm,600.0,874,balanced,NA,NA,NA,NA,5.0,2.5
kappa,-0.5,autocurriculum,feasible_rate,0.9333333333333333,874,balanced,NA,NA,NA,NA,5.0,2.5
kappa,-0.5,autocurriculum,avg_fatigue,0.530290058458074,874,balanced,NA,NA,NA,NA,5.0,2.5
kappa,-0.5,autocurriculum,learn_slope,0.0,874,balanced,NA,NA,NA,NA,5.0,2.5
kappa,-0.25,autocurriculum,ttm,600.0,1,balanced,NA,NA,NA,NA,5.0,3.75
kappa,-0.25,autocurriculum,feasible_rate,0.9316666666666666,1,balanced,NA,NA,NA,NA,5.0,3.75
kappa,-0.25,autocurriculum,avg_fatigue,0.5353078647945031,1,balanced,NA,NA,NA,NA,5.0,3.75
kappa,-0.25,autocurriculum,learn_slope,0.0,1,balanced,NA,NA,NA,NA,5.0,3.75
kappa,-0.25,autocurriculum,ttm,600.0,98,balanced,NA,NA,NA,NA,5.0,3.75
kappa,-0.25,autocurriculum,feasible_rate,0.9366666666666666,98,balanced,NA,NA,NA,NA,5.0,3.75
kappa,-0.25,autocurriculum,avg_fatigue,0.5330981362776924,98,balanced,NA,NA,NA,NA,5.0,3.75
kappa,-0.25,autocurriculum,learn_slope,0.0,98,balanced,NA,NA,NA,NA,5.0,3.75
kappa,-0.25,autocurriculum,ttm,600.0,195,balanced,NA,NA,NA,NA,5.0,3.75
kappa,-0.25,autocurriculum,feasible_rate,0.9383333333333334,195,balanced,NA,NA,NA,NA,5.0,3.75
kappa,-0.25,autocurriculum,avg_fatigue,0.5258852680524648,195,balanced,NA,NA,NA,NA,5.0,3.75
kappa,-0.25,autocurriculum,learn_slope,0.0,195,balanced,NA,NA,NA,NA,5.0,3.75
kappa,-0.25,autocurriculum,ttm,600.0,292,balanced,NA,NA,NA,NA,5.0,3.75
kappa,-0.25,autocurriculum,feasible_rate,0.92,292,balanced,NA,NA,NA,NA,5.0,3.75
kappa,-0.25,autocurriculum,avg_fatigue,0.5342509327861482,292,balanced,NA,NA,NA,NA,5.0,3.75
kappa,-0.25,autocurriculum,learn_slope,0.0,292,balanced,NA,NA,NA,NA,5.0,3.75
kappa,-0.25,autocurriculum,ttm,600.0,389,balanced,NA,NA,NA,NA,5.0,3.75
kappa,-0.25,autocurriculum,feasible_rate,0.9416666666666667,389,balanced,NA,NA,NA,NA,5.0,3.75
kappa,-0.25,autocurriculum,avg_fatigue,0.5294468906505126,389,balanced,NA,NA,NA,NA,5.0,3.75
kappa,-0.25,autocurriculum,learn_slope,0.0,389,balanced,NA,NA,NA,NA,5.0,3.75
kappa,-0.25,autocurriculum,ttm,600.0,486,balanced,NA,NA,NA,NA,5.0,3.75
kappa,-0.25,autocurriculum,feasible_rate,0.9183333333333333,486,balanced,NA,NA,NA,NA,5.0,3.75
kappa,-0.25,autocurriculum,avg_fatigue,0.5372370764072943,486,balanced,NA,NA,NA,NA,5.0,3.75
kappa,-0.25,autocurriculum,learn_slope,0.0,486,balanced,NA,NA,NA,NA,5.0,3.75
kappa,-0.25,autocurriculum,ttm,600.0,583,balanced,NA,NA,NA,NA,5.0,3.75
kappa,-0.25,autocurriculum,feasible_rate,0.9333333333333333,583,balanced,NA,NA,NA,NA,5.0,3.75
kappa,-0.25,autocurriculum,avg_fatigue,0.5212384426302065,583,balanced,NA,NA,NA,NA,5.0,3.75
kappa,-0.25,autocurriculum,learn_slope,0.0,583,balanced,NA,NA,NA,NA,5.0,3.75
kappa,-0.25,autocurriculum,ttm,600.0,680,balanced,NA,NA,NA,NA,5.0,3.75
kappa,-0.25,autocurriculum,feasible_rate,0.9366666666666666,680,balanced,NA,NA,NA,NA,5.0,3.75
kappa,-0.25,autocurriculum,avg_fatigue,0.5183120762975901,680,balanced,NA,NA,NA,NA,5.0,3.75
kappa,-0.25,autocurriculum,learn_slope,0.0,680,balanced,NA,NA,NA,NA,5.0,3.75
kappa,-0.25,autocurriculum,ttm,600.0,777,balanced,NA,NA,NA,NA,5.0,3.75
kappa,-0.25,autocurriculum,feasible_rate,0.96,777,balanced,NA,NA,NA,NA,5.0,3.75
kappa,-0.25,autocurriculum,avg_fatigue,0.5131845791440768,777,balanced,NA,NA,NA,NA,5.0,3.75
kappa,-0.25,autocurriculum,learn_slope,0.0,777,balanced,NA,NA,NA,NA,5.0,3.75
kappa,-0.25,autocurriculum,ttm,600.0,874,balanced,NA,NA,NA,NA,5.0,3.75
kappa,-0.25,autocurriculum,feasible_rate,0.9333333333333333,874,balanced,NA,NA,NA,NA,5.0,3.75
kappa,-0.25,autocurriculum,avg_fatigue,0.530290058458074,874,balanced,NA,NA,NA,NA,5.0,3.75
kappa,-0.25,autocurriculum,learn_slope,0.0,874,balanced,NA,NA,NA,NA,5.0,3.75
kappa,0.0,autocurriculum,ttm,600.0,1,balanced,NA,NA,NA,NA,5.0,5.0
kappa,0.0,autocurriculum,feasible_rate,0.9316666666666666,1,balanced,NA,NA,NA,NA,5.0,5.0
kappa,0.0,autocurriculum,avg_fatigue,0.5353078647945031,1,balanced,NA,NA,NA,NA,5.0,5.0
kappa,0.0,autocurriculum,learn_slope,0.0,1,balanced,NA,NA,NA,NA,5.0,5.0
kappa,0.0,autocurriculum,ttm,600.0,98,balanced,NA,NA,NA,NA,5.0,5.0
kappa,0.0,autocurriculum,feasible_rate,0.9366666666666666,98,balanced,NA,NA,NA,NA,5.0,5.0
kappa,0.0,autocurriculum,avg_fatigue,0.5330981362776924,98,balanced,NA,NA,NA,NA,5.0,5.0
kappa,0.0,autocurriculum,learn_slope,0.0,98,balanced,NA,NA,NA,NA,5.0,5.0
kappa,0.0,autocurriculum,ttm,600.0,195,balanced,NA,NA,NA,NA,5.0,5.0
kappa,0.0,autocurriculum,feasible_rate,0.9383333333333334,195,balanced,NA,NA,NA,NA,5.0,5.0
kappa,0.0,autocurriculum,avg_fatigue,0.5258852680524648,195,balanced,NA,NA,NA,NA,5.0,5.0
kappa,0.0,autocurriculum,learn_slope,0.0,195,balanced,NA,NA,NA,NA,5.0,5.0
kappa,0.0,autocurriculum,ttm,600.0,292,balanced,NA,NA,NA,NA,5.0,5.0
kappa,0.0,autocurriculum,feasible_rate,0.92,292,balanced,NA,NA,NA,NA,5.0,5.0
kappa,0.0,autocurriculum,avg_fatigue,0.5342509327861482,292,balanced,NA,NA,NA,NA,5.0,5.0
kappa,0.0,autocurriculum,learn_slope,0.0,292,balanced,NA,NA,NA,NA,5.0,5.0
kappa,0.0,autocurriculum,ttm,600.0,389,balanced,NA,NA,NA,NA,5.0,5.0
kappa,0.0,autocurriculum,feasible_rate,0.9416666666666667,389,balanced,NA,NA,NA,NA,5.0,5.0
kappa,0.0,autocurriculum,avg_fatigue,0.5294468906505126,389,balanced,NA,NA,NA,NA,5.0,5.0
kappa,0.0,autocurriculum,learn_slope,0.0,389,balanced,NA,NA,NA,NA,5.0,5.0
kappa,0.0,autocurriculum,ttm,600.0,486,balanced,NA,NA,NA,NA,5.0,5.0
kappa,0.0,autocurriculum,feasible_rate,0.9183333333333333,486,balanced,NA,NA,NA,NA,5.0,5.0
kappa,0.0,autocurriculum,avg_fatigue,0.5372370764072943,486,balanced,NA,NA,NA,NA,5.0,5.0
kappa,0.0,autocurriculum,learn_slope,0.0,486,balanced,NA,NA,NA,NA,5.0,5.0
kappa,0.0,autocurriculum,ttm,600.0,583,balanced,NA,NA,NA,NA,5.0,5.0
kappa,0.0,autocurriculum,feasible_rate,0.9333333333333333,583,balanced,NA,NA,NA,NA,5.0,5.0
kappa,0.0,autocurriculum,avg_fatigue,0.5212384426302065,583,balanced,NA,NA,NA,NA,5.0,5.0
kappa,0.0,autocurriculum,learn_slope,0.0,583,balanced,NA,NA,NA,NA,5.0,5.0
kappa,0.0,autocurriculum,ttm,600.0,680,balanced,NA,NA,NA,NA,5.0,5.0
kappa,0.0,autocurriculum,feasible_rate,0.9366666666666666,680,balanced,NA,NA,NA,NA,5.0,5.0
kappa,0.0,autocurriculum,avg_fatigue,0.5183120762975901,680,balanced,NA,NA,NA,NA,5.0,5.0
kappa,0.0,autocurriculum,learn_slope,0.0,680,balanced,NA,NA,NA,NA,5.0,5.0
kappa,0.0,autocurriculum,ttm,600.0,777,balanced,NA,NA,NA,NA,5.0,5.0
kappa,0.0,autocurriculum,feasible_rate,0.96,777,balanced,NA,NA,NA,NA,5.0,5.0
kappa,0.0,autocurriculum,avg_fatigue,0.5131845791440768,777,balanced,NA,NA,NA,NA,5.0,5.0
kappa,0.0,autocurriculum,learn_slope,0.0,777,balanced,NA,NA,NA,NA,5.0,5.0
kappa,0.0,autocurriculum,ttm,600.0,874,balanced,NA,NA,NA,NA,5.0,5.0
kappa,0.0,autocurriculum,feasible_rate,0.9333333333333333,874,balanced,NA,NA,NA,NA,5.0,5.0
kappa,0.0,autocurriculum,avg_fatigue,0.530290058458074,874,balanced,NA,NA,NA,NA,5.0,5.0
kappa,0.0,autocurriculum,learn_slope,0.0,874,balanced,NA,NA,NA,NA,5.0,5.0
kappa,0.25,autocurriculum,ttm,600.0,1,balanced,NA,NA,NA,NA,5.0,6.25
kappa,0.25,autocurriculum,feasible_rate,0.9316666666666666,1,balanced,NA,NA,NA,NA,5.0,6.25
kappa,0.25,autocurriculum,avg_fatigue,0.5353078647945031,1,balanced,NA,NA,NA,NA,5.0,6.25
kappa,0.25,autocurriculum,learn_slope,0.0,1,balanced,NA,NA,NA,NA,5.0,6.25
kappa,0.25,autocurriculum,ttm,600.0,98,balanced,NA,NA,NA,NA,5.0,6.25
kappa,0.25,autocurriculum,feasible_rate,0.9366666666666666,98,balanced,NA,NA,NA,NA,5.0,6.25
kappa,0.25,autocurriculum,avg_fatigue,0.5330981362776924,98,balanced,NA,NA,NA,NA,5.0,6.25
kappa,0.25,autocurriculum,learn_slope,0.0,98,balanced,NA,NA,NA,NA,5.0,6.25
kappa,0.25,autocurriculum,ttm,600.0,195,balanced,NA,NA,NA,NA,5.0,6.25
kappa,0.25,autocurriculum,feasible_rate,0.9383333333333334,195,balanced,NA,NA,NA,NA,5.0,6.25
kappa,0.25,autocurriculum,avg_fatigue,0.5258852680524648,195,balanced,NA,NA,NA,NA,5.0,6.25
kappa,0.25,autocurriculum,learn_slope,0.0,195,balanced,NA,NA,NA,NA,5.0,6.25
kappa,0.25,autocurriculum,ttm,600.0,292,balanced,NA,NA,NA,NA,5.0,6.25
kappa,0.25,autocurriculum,feasible_rate,0.92,292,balanced,NA,NA,NA,NA,5.0,6.25
kappa,0.25,autocurriculum,avg_fatigue,0.5342509327861482,292,balanced,NA,NA,NA,NA,5.0,6.25
kappa,0.25,autocurriculum,learn_slope,0.0,292,balanced,NA,NA,NA,NA,5.0,6.25
kappa,0.25,autocurriculum,ttm,600.0,389,balanced,NA,NA,NA,NA,5.0,6.25
kappa,0.25,autocurriculum,feasible_rate,0.9416666666666667,389,balanced,NA,NA,NA,NA,5.0,6.25
kappa,0.25,autocurriculum,avg_fatigue,0.5294468906505126,389,balanced,NA,NA,NA,NA,5.0,6.25
kappa,0.25,autocurriculum,learn_slope,0.0,389,balanced,NA,NA,NA,NA,5.0,6.25
kappa,0.25,autocurriculum,ttm,600.0,486,balanced,NA,NA,NA,NA,5.0,6.25
kappa,0.25,autocurriculum,feasible_rate,0.9183333333333333,486,balanced,NA,NA,NA,NA,5.0,6.25
kappa,0.25,autocurriculum,avg_fatigue,0.5372370764072943,486,balanced,NA,NA,NA,NA,5.0,6.25
kappa,0.25,autocurriculum,learn_slope,0.0,486,balanced,NA,NA,NA,NA,5.0,6.25
kappa,0.25,autocurriculum,ttm,600.0,583,balanced,NA,NA,NA,NA,5.0,6.25
kappa,0.25,autocurriculum,feasible_rate,0.9333333333333333,583,balanced,NA,NA,NA,NA,5.0,6.25
kappa,0.25,autocurriculum,avg_fatigue,0.5212384426302065,583,balanced,NA,NA,NA,NA,5.0,6.25
kappa,0.25,autocurriculum,learn_slope,0.0,583,balanced,NA,NA,NA,NA,5.0,6.25
kappa,0.25,autocurriculum,ttm,600.0,680,balanced,NA,NA,NA,NA,5.0,6.25
kappa,0.25,autocurriculum,feasible_rate,0.9366666666666666,680,balanced,NA,NA,NA,NA,5.0,6.25
kappa,0.25,autocurriculum,avg_fatigue,0.5183120762975901,680,balanced,NA,NA,NA,NA,5.0,6.25
kappa,0.25,autocurriculum,learn_slope,0.0,680,balanced,NA,NA,NA,NA,5.0,6.25
kappa,0.25,autocurriculum,ttm,600.0,777,balanced,NA,NA,NA,NA,5.0,6.25
kappa,0.25,autocurriculum,feasible_rate,0.96,777,balanced,NA,NA,NA,NA,5.0,6.25
kappa,0.25,autocurriculum,avg_fatigue,0.5131845791440768,777,balanced,NA,NA,NA,NA,5.0,6.25
kappa,0.25,autocurriculum,learn_slope,0.0,777,balanced,NA,NA,NA,NA,5.0,6.25
kappa,0.25,autocurriculum,ttm,600.0,874,balanced,NA,NA,NA,NA,5.0,6.25
kappa,0.25,autocurriculum,feasible_rate,0.9333333333333333,874,balanced,NA,NA,NA,NA,5.0,6.25
kappa,0.25,autocurriculum,avg_fatigue,0.530290058458074,874,balanced,NA,NA,NA,NA,5.0,6.25
kappa,0.25,autocurriculum,learn_slope,0.0,874,balanced,NA,NA,NA,NA,5.0,6.25
kappa,0.5,autocurriculum,ttm,600.0,1,balanced,NA,NA,NA,NA,5.0,7.5
kappa,0.5,autocurriculum,feasible_rate,0.9316666666666666,1,balanced,NA,NA,NA,NA,5.0,7.5
kappa,0.5,autocurriculum,avg_fatigue,0.5353078647945031,1,balanced,NA,NA,NA,NA,5.0,7.5
kappa,0.5,autocurriculum,learn_slope,0.0,1,balanced,NA,NA,NA,NA,5.0,7.5
kappa,0.5,autocurriculum,ttm,600.0,98,balanced,NA,NA,NA,NA,5.0,7.5
kappa,0.5,autocurriculum,feasible_rate,0.9366666666666666,98,balanced,NA,NA,NA,NA,5.0,7.5
kappa,0.5,autocurriculum,avg_fatigue,0.5330981362776924,98,balanced,NA,NA,NA,NA,5.0,7.5
kappa,0.5,autocurriculum,learn_slope,0.0,98,balanced,NA,NA,NA,NA,5.0,7.5
kappa,0.5,autocurriculum,ttm,600.0,195,balanced,NA,NA,NA,NA,5.0,7.5
kappa,0.5,autocurriculum,feasible_rate,0.9383333333333334,195,balanced,NA,NA,NA,NA,5.0,7.5
kappa,0.5,autocurriculum,avg_fatigue,0.5258852680524648,195,balanced,NA,NA,NA,NA,5.0,7.5
kappa,0.5,autocurriculum,learn_slope,0.0,195,balanced,NA,NA,NA,NA,5.0,7.5
kappa,0.5,autocurriculum,ttm,600.0,292,balanced,NA,NA,NA,NA,5.0,7.5
kappa,0.5,autocurriculum,feasible_rate,0.92,292,balanced,NA,NA,NA,NA,5.0,7.5
kappa,0.5,autocurriculum,avg_fatigue,0.5342509327861482,292,balanced,NA,NA,NA,NA,5.0,7.5
kappa,0.5,autocurriculum,learn_slope,0.0,292,balanced,NA,NA,NA,NA,5.0,7.5
kappa,0.5,autocurriculum,ttm,600.0,389,balanced,NA,NA,NA,NA,5.0,7.5
kappa,0.5,autocurriculum,feasible_rate,0.9416666666666667,389,balanced,NA,NA,NA,NA,5.0,7.5
kappa,0.5,autocurriculum,avg_fatigue,0.5294468906505126,389,balanced,NA,NA,NA,NA,5.0,7.5
kappa,0.5,autocurriculum,learn_slope,0.0,389,balanced,NA,NA,NA,NA,5.0,7.5
kappa,0.5,autocurriculum,ttm,600.0,486,balanced,NA,NA,NA,NA,5.0,7.5
kappa,0.5,autocurriculum,feasible_rate,0.9183333333333333,486,balanced,NA,NA,NA,NA,5.0,7.5
kappa,0.5,autocurriculum,avg_fatigue,0.5372370764072943,486,balanced,NA,NA,NA,NA,5.0,7.5
kappa,0.5,autocurriculum,learn_slope,0.0,486,balanced,NA,NA,NA,NA,5.0,7.5
kappa,0.5,autocurriculum,ttm,600.0,583,balanced,NA,NA,NA,NA,5.0,7.5
kappa,0.5,autocurriculum,feasible_rate,0.9333333333333333,583,balanced,NA,NA,NA,NA,5.0,7.5
kappa,0.5,autocurriculum,avg_fatigue,0.5212384426302065,583,balanced,NA,NA,NA,NA,5.0,7.5
kappa,0.5,autocurriculum,learn_slope,0.0,583,balanced,NA,NA,NA,NA,5.0,7.5
kappa,0.5,autocurriculum,ttm,600.0,680,balanced,NA,NA,NA,NA,5.0,7.5
kappa,0.5,autocurriculum,feasible_rate,0.9366666666666666,680,balanced,NA,NA,NA,NA,5.0,7.5
kappa,0.5,autocurriculum,avg_fatigue,0.5183120762975901,680,balanced,NA,NA,NA,NA,5.0,7.5
kappa,0.5,autocurriculum,learn_slope,0.0,680,balanced,NA,NA,NA,NA,5.0,7.5
kappa,0.5,autocurriculum,ttm,600.0,777,balanced,NA,NA,NA,NA,5.0,7.5
kappa,0.5,autocurriculum,feasible_rate,0.96,777,balanced,NA,NA,NA,NA,5.0,7.5
kappa,0.5,autocurriculum,avg_fatigue,0.5131845791440768,777,balanced,NA,NA,NA,NA,5.0,7.5
kappa,0.5,autocurriculum,learn_slope,0.0,777,balanced,NA,NA,NA,NA,5.0,7.5
kappa,0.5,autocurriculum,ttm,600.0,874,balanced,NA,NA,NA,NA,5.0,7.5
kappa,0.5,autocurriculum,feasible_rate,0.9333333333333333,874,balanced,NA,NA,NA,NA,5.0,7.5
kappa,0.5,autocurriculum,avg_fatigue,0.530290058458074,874,balanced,NA,NA,NA,NA,5.0,7.5
kappa,0.5,autocurriculum,learn_slope,0.0,874,balanced,NA,NA,NA,NA,5.0,7.5
