scenario,agent,profile,num_runs,guard_delta,safety_margin,action_changed_rate_mean,action_changed_rate_std,avg_async_mean,avg_async_std,avg_constraint_violation_mean,avg_constraint_violation_std,avg_dom_gap_mean,avg_dom_gap_std,avg_fatigue_mean,avg_fatigue_std,avg_fid_mean,avg_fid_std,avg_reward_raw_mean,avg_reward_raw_std,executed_step_cap_violation_rate_mean,executed_step_cap_violation_rate_std,fatigue_overload_rate_mean,fatigue_overload_rate_std,feasible_rate_mean,feasible_rate_std,guard_replacement_rate_mean,guard_replacement_rate_std,independence_gain_mean,independence_gain_std,mastered_mean,mastered_std,mastery_rate,proposed_relaxed_violation_rate_mean,proposed_relaxed_violation_rate_std,proposed_step_cap_violation_rate_mean,proposed_step_cap_violation_rate_std,regret_mean,regret_std,relaxed_execution_rate_mean,relaxed_execution_rate_std,rest_fallback_rate_mean,rest_fallback_rate_std,retention_delta_mean,retention_delta_std,sample_efficiency_mean,sample_efficiency_std,skill_improvement_mean,skill_improvement_std,steps_mean,steps_std,time_to_mastery_mean,time_to_mastery_std,total_reward_mean,total_reward_raw_mean,total_reward_raw_std,total_reward_std
margin_0p00,LinUCB,balanced,10,0.08,0.0,0.0,0.0,27.95589259744229,4.949901868967112,0.0008311154945993276,0.0005152733260751708,7.319461963030506,0.9911150938955049,0.5608829327486224,0.013460325716122675,0.54502479192526,0.02913192151522197,-1.2187579563180502,0.09828235826531381,0.0,0.0,0.04721746237733249,0.022022344738159436,0.9527825376226675,0.022022344738159418,0.0,0.0,30.843562311085343,3.5817951941855397,1.0,0.0,1.0,0.0,0.0,0.0,0.0,-42.51179923046208,9.488940052640404,0.0,0.0,0.0,0.0,0.6636097020927935,0.08197050402493114,49.9,13.52368293032634,0.6990462555557281,0.04879825213280026,49.9,13.52368293032634,49.9,13.52368293032634,42.51179923046208,-59.6480043042162,11.611274947264514,9.488940052640404
margin_0p00,LinUCB,mild_left_weak,10,0.08,0.0,0.0,0.0,30.35433376263365,4.847605586471187,0.0007489905254091289,0.0006773644132057311,8.513120009255829,1.0430760425443522,0.5067584174791616,0.015211571465637395,0.5158761689950632,0.03358614308125143,-1.3259465153043641,0.10431184728894424,0.0,0.0,0.032922632062166945,0.01962251804269709,0.9670773679378332,0.019622518042697094,0.0,0.0,28.25258276108109,4.93671344740821,1.0,0.0,1.0,0.0,0.0,0.0,0.0,-46.65122456294646,12.189914685577472,0.0,0.0,0.0,0.0,0.7004549568812923,0.09688584575381542,47.4,9.189124006128115,0.7128379580199079,0.06609807900509101,47.4,9.189124006128115,47.4,9.189124006128115,46.65122456294646,-62.00564418564154,8.021429998283436,12.189914685577472
margin_0p00,LinUCB,severe_left_weak,10,0.08,0.0,0.0,0.0,32.052661060704544,5.7565419473849415,0.0006748137118692701,0.0006352378997764639,9.67919413220157,1.203223925588243,0.46233789849585144,0.018451793621142992,0.5080297866092367,0.03430077512209794,-1.3911427095894229,0.11963804973113333,0.0,0.0,0.0400023844172458,0.02363076271785679,0.9599976155827543,0.02363076271785679,0.0,0.0,30.730236613860864,3.1885631450758867,1.0,0.0,1.0,0.0,0.0,0.0,0.0,-42.38758878897842,14.77648443831063,0.0,0.0,0.0,0.0,0.7380651281793283,0.11977816127025773,47.7,10.59292216529509,0.7421313502811143,0.07564125122426102,47.7,10.59292216529509,47.7,10.59292216529509,42.38758878897842,-65.23432826137208,10.72587487625898,14.77648443831063
margin_0p00,Thompson,balanced,10,0.08,0.0,0.2320921523103833,0.01375727601035729,28.704028498567048,3.6499328915062113,0.00408108346651789,0.0020558914433173978,7.534333071376804,1.2426339200412546,0.5653005423699814,0.01623283875507596,0.5540210214997393,0.01883914740497784,-1.2148167675692387,0.06466869903196143,0.06519816939353552,0.03437286277366544,0.09791226393538713,0.024297407723187402,0.9020877360646129,0.024297407723187402,0.2320921523103833,0.01375727601035729,28.453701800378987,4.133348927321326,1.0,0.0,1.0,0.14431005626407745,0.0246598039398529,0.29729032170391884,0.04081757157498294,-34.725725511827775,13.29529302713932,0.06519816939353552,0.03437286277366544,0.2320921523103833,0.01375727601035729,0.6129522501944447,0.09708994214957081,41.3,9.57131129992124,0.6812288612066424,0.06932875437197503,41.3,9.57131129992124,41.3,9.57131129992124,34.725725511827775,-49.716426468234744,9.844910977691455,13.29529302713932
margin_0p00,Thompson,mild_left_weak,10,0.08,0.0,0.2472820234064661,0.014187685276983315,27.34871833752417,6.774107309798008,0.003993582446847169,0.002566733719765777,8.714559617370188,1.4960355562176184,0.5153228877161913,0.019258284863581387,0.5457269154232924,0.03599812417368982,-1.2464777311464594,0.14372128229686457,0.06659374006115161,0.048777282593739216,0.08335176512667644,0.0355625351454365,0.9166482348733235,0.0355625351454365,0.2472820234064661,0.014187685276983315,27.946228815839373,5.805878669286855,1.0,0.0,1.0,0.14859476679555456,0.023960978835355036,0.3138757634676177,0.04137222355357631,-44.771367030277204,14.755492099492297,0.06659374006115161,0.048777282593739216,0.2472820234064661,0.014187685276983315,0.684147915127002,0.12607870173588234,49.0,17.67484087622856,0.711837815086296,0.08618942209032901,49.0,17.67484087622856,49.0,17.67484087622856,44.771367030277204,-58.89485285530035,14.79028929852866,14.755492099492297
margin_0p00,Thompson,severe_left_weak,10,0.08,0.0,0.24248491184931847,0.015196686463103263,31.149127770168985,5.216336828257278,0.003208444911106503,0.002226851834653559,8.634579501236335,0.9859561933664954,0.4622494746244734,0.02828977566222717,0.5100317917301191,0.03304144482755231,-1.3448717659228218,0.12324509142112852,0.05732254987005612,0.02968343650708426,0.09011532235420897,0.0590609927118346,0.909884677645791,0.059060992711834605,0.24248491184931847,0.015196686463103263,28.366406962269878,3.5537104856891077,1.0,0.0,1.0,0.1510123327045627,0.027162812640471354,0.29980746171937456,0.038799097168480776,-33.986041780828735,9.031423249334313,0.05732254987005612,0.02968343650708426,0.24248491184931847,0.015196686463103263,0.6938122575792071,0.1069836347618293,41.9,8.84816365128946,0.7184878222091017,0.07137814704706774,41.9,8.84816365128946,41.9,8.84816365128946,33.986041780828735,-55.34862657277465,7.630496526758434,9.031423249334313
margin_0p00,PianoMPC,balanced,10,0.08,0.0,0.0,0.0,38.690815298030756,1.7984611958361978,0.002319540113230072,0.0013659914573736945,7.478101721173914,1.5390899116039445,0.5071469560707144,0.02663313290944284,0.6330262345517654,0.022046834718945644,-1.195824785035585,0.05159667214866247,0.05821724040186403,0.03700318531472546,0.09227897169897532,0.04331782514278753,0.9077210283010247,0.04331782514278753,0.0,0.0,21.454942534550753,3.1575581315565953,1.0,0.0,1.0,0.0,0.0,0.05821724040186403,0.03700318531472546,-22.015233716697377,11.232621019579032,0.05821724040186403,0.03700318531472546,0.0,0.0,0.3829764030162305,0.06640117571753362,24.6,4.673328578219168,0.48465279243028936,0.03912767150388907,24.6,4.673328578219168,24.6,4.673328578219168,22.015233716697377,-29.25882806917423,4.795795640541226,11.232621019579032
margin_0p00,PianoMPC,mild_left_weak,10,0.08,0.0,0.0,0.0,39.329835507937226,2.036120773635771,0.0028345815474848162,0.0018342117587273033,9.209170038100929,1.358769883275689,0.5102622159799581,0.012256741680923281,0.6139715528384996,0.022565955743790653,-1.2867449476103887,0.07489710305247907,0.09050525340847922,0.042788705505666824,0.09922610245190891,0.048896885008217206,0.900773897548091,0.04889688500821723,0.0,0.0,22.413398438510132,3.3696340520336023,1.0,0.0,1.0,0.0,0.0,0.09050525340847922,0.042788705505666824,-28.6956925519614,8.597674174904,0.09050525340847922,0.042788705505666824,0.0,0.0,0.4560889945718217,0.04296162002137612,26.9,4.011234224026316,0.5163067166454852,0.021061100942842057,26.9,4.011234224026316,26.9,4.011234224026316,28.6956925519614,-34.38963576512061,3.6499235853010963,8.597674174904
margin_0p00,PianoMPC,severe_left_weak,10,0.08,0.0,0.0,0.0,40.35350794862939,2.7296486704389396,0.002629306914501123,0.001440356492309705,8.756278047619405,1.0562131213727,0.4718618648212044,0.01537326266942362,0.581322026115331,0.022849320134676422,-1.3368161622903572,0.044867809160680734,0.11420420414431302,0.06010799448117518,0.08153503121198222,0.03396830522797149,0.9184649687880178,0.03396830522797149,0.0,0.0,23.408068045929795,4.642364575196068,1.0,0.0,1.0,0.0,0.0,0.11420420414431302,0.06010799448117518,-26.352146416512255,5.888655829901891,0.11420420414431302,0.06010799448117518,0.0,0.0,0.48186736658837165,0.0716603718424915,26.4,5.083306010855534,0.5356568757480333,0.03521610936449271,26.4,5.083306010855534,26.4,5.083306010855534,26.352146416512255,-35.12468249818606,5.81034516715561,5.888655829901891
margin_0p00,DQN,balanced,10,0.08,0.0,0.1970112183666692,0.07324540907677354,27.200388299690662,6.925928673515287,0.0045570338874333476,0.0030423736224031313,7.643999790983324,0.9508581418881902,0.5372297052925524,0.05686210997362176,0.5493899447048992,0.03945073170294231,-1.2057214283760194,0.13807366040307648,0.06340161766456831,0.05587652965823203,0.09749307242829197,0.059728748011320665,0.9025069275717079,0.05972874801132066,0.1970112183666692,0.07324540907677354,27.721636589673608,2.5079046081404,1.0,0.0,1.0,0.12206286165926483,0.05702057818412941,0.26041283603123755,0.10058624883940198,-36.366471687203,15.317556138138134,0.06340161766456831,0.05587652965823203,0.1970112183666692,0.07324540907677354,0.6099328144957419,0.11622578233955981,42.5,11.603878661895772,0.6721654901973494,0.08348950477222064,42.5,11.603878661895772,42.5,11.603878661895772,36.366471687203,-50.36650952544339,11.500402891574879,15.317556138138134
margin_0p00,DQN,mild_left_weak,10,0.08,0.0,0.19889516847994831,0.04789325235365833,30.75685864906897,5.363484138931546,0.004260035132662241,0.0041003816176316986,8.735701933364899,1.2752169086229037,0.5108158545610718,0.04500493805802916,0.528505514836041,0.040399772655734856,-1.3126037704855844,0.12677174979121675,0.06300714588806007,0.06873591142924901,0.09984141906149366,0.07442254368876416,0.9001585809385062,0.07442254368876416,0.19889516847994831,0.04789325235365833,28.283761159717066,3.529327491679862,1.0,0.0,1.0,0.10740518050442678,0.04064926960124433,0.2619023143680083,0.09226971026606194,-36.97853169185767,18.03237283913751,0.06300714588806007,0.06873591142924901,0.19889516847994831,0.04789325235365833,0.6405686080238712,0.11685131631464901,41.0,11.541230437002806,0.6989332989262824,0.08498638980067126,41.0,11.541230437002806,41.0,11.541230437002806,36.97853169185767,-52.98452364432802,12.723848466865972,18.03237283913751
margin_0p00,DQN,severe_left_weak,10,0.08,0.0,0.20297674916897607,0.056666829016040726,29.701300369829674,5.067383538987816,0.004865613976359767,0.0032765313008037695,8.98439573105669,1.046294321768307,0.46013458236674615,0.030226849784471613,0.5325770549255937,0.03164586772306366,-1.2999857413065123,0.09538780135095654,0.07734312100908738,0.04606924855168076,0.11532635956480494,0.059872976496701806,0.8846736404351951,0.059872976496701785,0.20297674916897607,0.056666829016040726,26.02913412523522,5.394155277472746,1.0,0.0,1.0,0.12982981887393655,0.058917351179231,0.2803198701780634,0.0645510762216172,-38.395337407688544,8.753622471020902,0.07734312100908738,0.04606924855168076,0.20297674916897607,0.056666829016040726,0.6979583840879855,0.12066761116900304,42.5,11.89327541092024,0.7248036223380955,0.08794084366559424,42.5,11.89327541092024,42.5,11.89327541092024,38.395337407688544,-54.55994170246748,12.96859013608883,8.753622471020902
margin_0p00,BayesianMAB,balanced,10,0.08,0.0,0.1399211088475794,0.048000311105863454,32.058988756197124,5.076199739268203,0.004609648576097107,0.004268311774557202,7.5242251151884245,1.708306916080337,0.5031138179413182,0.0685521748491748,0.5466184428764885,0.027211289403551837,-1.255259429310032,0.08499228552002602,0.07370785233285233,0.07094575034443944,0.08902055923379452,0.05177906785915002,0.9109794407662054,0.05177906785915001,0.1399211088475794,0.048000311105863454,27.041022101195484,3.9400353836098474,1.0,0.0,1.0,0.07047586509351214,0.047331827927694116,0.21362896118043176,0.09795548802889971,-25.437741587348484,9.470219920083274,0.07370785233285233,0.07094575034443944,0.1399211088475794,0.048000311105863454,0.4526268811484406,0.06892993349105668,28.2,4.190465367951393,0.5786402325487094,0.06309601653601697,28.2,4.190465367951393,28.2,4.190465367951393,25.437741587348484,-35.218852495141,4.5298965433065765,9.470219920083274
margin_0p00,BayesianMAB,mild_left_weak,10,0.08,0.0,0.16104832331225521,0.056487383373308706,31.84556625314673,3.5301105869794482,0.004154465159819264,0.0022009080399773675,8.361044044863405,0.9798208646336097,0.4851838332491602,0.07871976306863383,0.5424550783529578,0.04068252186760893,-1.287216888351212,0.10038635077267562,0.07927112594682253,0.05089592956735284,0.09267448729136037,0.03129298098034153,0.9073255127086396,0.031292980980341535,0.16104832331225521,0.056487383373308706,26.45176029934285,4.22426896436868,1.0,0.0,1.0,0.10936041166110826,0.044593004376567595,0.24031944925907772,0.09229981704104988,-32.108870903667196,11.568299350321462,0.07927112594682253,0.05089592956735284,0.16104832331225521,0.056487383373308706,0.5527734912476148,0.13607968412776036,33.9,9.994498486667553,0.6341286709809059,0.09425706841657436,33.9,9.994498486667553,33.9,9.994498486667553,32.108870903667196,-43.02197073627415,11.089590576385763,11.568299350321462
margin_0p00,BayesianMAB,severe_left_weak,10,0.08,0.0,0.11485059977220255,0.050719417855716285,28.4383849612937,4.728588884888304,0.00164947929886083,0.0024500284920910115,9.537129219759413,1.6430509394690451,0.3502801337009221,0.10288684721133619,0.5122825928041047,0.04413903063560807,-1.3254032336199681,0.06382145060720606,0.026782814422187246,0.030735611861818796,0.045050889615349546,0.04324438703531617,0.9549491103846505,0.043244387035316176,0.11485059977220255,0.050719417855716285,26.897179701985614,5.305648781001532,1.0,0.0,1.0,0.04312206556980076,0.03660548343595023,0.14163341419438982,0.07148985455142962,-32.33830131910507,10.402290461276008,0.026782814422187246,0.030735611861818796,0.11485059977220255,0.050719417855716285,0.6223156842108628,0.10831653423606678,37.6,8.368990381163071,0.6795135177888271,0.0740341173752142,37.6,8.368990381163071,37.6,8.368990381163071,32.33830131910507,-49.54704439722905,10.108528919826432,10.402290461276008
margin_0p00,CCB-DF,balanced,10,0.08,0.0,0.2802556551429961,0.005430766644419199,29.668789553949324,4.677766110085784,0.0020474825861771066,0.0013473014122294294,8.333941639889709,0.9690649683934301,0.5462120436027826,0.02168730555786652,0.5087530849192695,0.037805039700169095,-1.3224992861495213,0.1190674483554057,0.017706982212614252,0.02123130211325414,0.05811187878299384,0.029380179290070564,0.9418881212170062,0.029380179290070568,0.2802556551429961,0.005430766644419199,28.72049587158192,3.4648165863856466,1.0,0.0,1.0,0.15326971742597173,0.047139591399227576,0.2979626373556104,0.021856094782254764,-42.72954336230124,10.015947387226923,0.017706982212614252,0.02123130211325414,0.2802556551429961,0.005430766644419199,0.6224240552037126,0.09671759292301123,44.2,9.662297863344929,0.6821321124704098,0.06479918916307034,44.2,9.662297863344929,44.2,9.662297863344929,42.72954336230124,-57.56142486474922,8.393963952069072,10.015947387226923
margin_0p00,CCB-DF,mild_left_weak,10,0.08,0.0,0.28922377002636224,0.0036057343647293324,30.83000575101655,3.729570086817547,0.0015066108085998464,0.001136673888849808,8.003573923353803,1.0155178370969842,0.4952735929391313,0.01830584557152556,0.498184131775049,0.024877288123098796,-1.3456736048946394,0.08401937751639402,0.009230769230769232,0.011957669187076627,0.06267732544402535,0.037407414491884325,0.9373226745559746,0.03740741449188431,0.28922377002636224,0.0036057343647293324,25.790041121528684,4.173159175799464,1.0,0.0,1.0,0.1419142765952337,0.04176297535859884,0.29845453925713145,0.010495574939422103,-42.54339191229458,8.358240558574497,0.009230769230769232,0.011957669187076627,0.28922377002636224,0.0036057343647293324,0.6728748830463116,0.07027985181468666,46.0,6.648308055437865,0.7099488284335793,0.04553393569637783,46.0,6.648308055437865,46.0,6.648308055437865,42.54339191229458,-61.43652901173349,6.168546912503352,8.358240558574497
margin_0p00,CCB-DF,severe_left_weak,10,0.08,0.0,0.29553686093976184,0.0035278137015779714,31.056977330537585,4.38486698585524,0.002059757924102409,0.0015721224656845693,9.24112029247458,0.7808653071289829,0.45963160971798844,0.018993241959094954,0.49460565707014725,0.03829151758849581,-1.3902573414584607,0.11567412507431395,0.014655428998700554,0.02138585080577448,0.06651316608528533,0.03171833872901164,0.9334868339147147,0.03171833872901165,0.29553686093976184,0.0035278137015779714,28.229978539872093,4.801683640552328,1.0,0.0,1.0,0.16203744939723988,0.048315707872298046,0.3101922899384624,0.019590949488639472,-47.94067388311039,12.027389099227666,0.014655428998700554,0.02138585080577448,0.29553686093976184,0.0035278137015779714,0.759517179934089,0.09496170574502164,52.2,10.693923508235882,0.7500822635834619,0.059851828063224366,52.2,10.693923508235882,52.2,10.693923508235882,47.94067388311039,-71.44042651526475,9.181838411592409,12.027389099227666
margin_0p00,Safe-AC,balanced,10,0.08,0.0,0.1853032859838814,0.02984636276960364,28.208629869922742,5.3161844316275095,0.005410839446821329,0.003144724316090092,7.481955718052558,0.9957287970974895,0.5474779895663521,0.04327116808740733,0.5448264811833743,0.04168273503814366,-1.2183289815559621,0.12430457849249582,0.08669127717997875,0.05798320135115391,0.10189258521754933,0.05390707622279582,0.8981074147824506,0.05390707622279582,0.1853032859838814,0.02984636276960364,28.53405347614116,4.042128016882254,1.0,0.0,1.0,0.11580282441652598,0.04628880326306355,0.27199456316386017,0.07318031075225527,-33.596928258315344,13.021058371892341,0.08669127717997875,0.05798320135115391,0.1853032859838814,0.02984636276960364,0.5715339855379914,0.12340530901212948,37.6,9.079647570252934,0.6548174394965114,0.10086761025912905,37.6,9.079647570252934,37.6,9.079647570252934,33.596928258315344,-45.07840383960954,8.895438450468184,13.021058371892341
margin_0p00,Safe-AC,mild_left_weak,10,0.08,0.0,0.19438131900979014,0.040670931154457114,28.555159219259217,3.4842060683466527,0.0031513778304582797,0.0019175368619301471,8.754392490564356,0.9636866891316043,0.4879463027563986,0.035225564551207435,0.5547214514896739,0.01988622965864066,-1.244919561419222,0.06755824691773386,0.04395165322406985,0.03877855803843282,0.07015284530684088,0.03714273700263845,0.929847154693159,0.037142737002638454,0.19438131900979014,0.040670931154457114,30.132037847987313,2.785132817523228,1.0,0.0,1.0,0.1075096545629552,0.047326123401985415,0.23833297223385994,0.06577867970966908,-32.898568189542374,12.773870783449215,0.04395165322406985,0.03877855803843282,0.19438131900979014,0.040670931154457114,0.659533551186552,0.09621614404933146,42.1,9.924212815130478,0.6978039446859495,0.06473580637461962,42.1,9.924212815130478,42.1,9.924212815130478,32.898568189542374,-51.93223181918704,10.5574225801988,12.773870783449215
margin_0p00,Safe-AC,severe_left_weak,10,0.08,0.0,0.1997479587370961,0.021604410693727375,30.127417434465354,5.457558941317104,0.00316281462733016,0.0020561166191934576,8.712050052949184,1.0376288460860172,0.4383812443062238,0.036966002910899305,0.52240162631386,0.04397836605147262,-1.313125493099831,0.1256669423750872,0.04423058239776506,0.042806110010469196,0.07747157937252441,0.040562799750019946,0.9225284206274755,0.04056279975001996,0.1997479587370961,0.021604410693727375,26.707200158547295,2.4847126976421543,1.0,0.0,1.0,0.12023328962508725,0.0311287987288503,0.24397854113486117,0.05498854086543426,-37.7908251720702,8.370832007777203,0.04423058239776506,0.042806110010469196,0.1997479587370961,0.021604410693727375,0.6805719383447559,0.13440680688802942,41.1,12.202049008260866,0.7007647369106647,0.09523813569523722,41.1,12.202049008260866,41.1,12.202049008260866,37.7908251720702,-52.63134177252546,10.672018872563772,8.370832007777203
margin_0p00,AutoCurriculum,balanced,10,0.08,0.0,0.29097271045305184,0.03357475332795379,17.27015554102277,5.6737960462006845,0.0014113970030160791,0.0010496732305593027,7.354079720009414,1.094290021474142,0.5042911726885067,0.03722512395526646,0.5761307372174167,0.02572031243521831,-1.0465127782254267,0.08636661008439805,0.006019642857142857,0.010296202937311592,0.03742515134719461,0.0212008515677257,0.9625748486528053,0.021200851567725696,0.29097271045305184,0.03357475332795379,31.842440726296445,3.5963661369979465,1.0,0.0,1.0,0.1414800375763815,0.041870963365893035,0.2969923533101947,0.0367700377781118,-48.186736766772356,17.573979867399842,0.006019642857142857,0.010296202937311592,0.29097271045305184,0.03357475332795379,0.7454885291191193,0.06819005617046624,86.5,47.55891083698196,0.7518254637934931,0.0366354014873643,86.5,47.55891083698196,86.5,47.55891083698196,48.186736766772356,-86.94237647479626,39.71946678227665,17.573979867399842
margin_0p00,AutoCurriculum,mild_left_weak,10,0.08,0.0,0.2912698900402403,0.028939638863902353,20.368653857804347,5.942748724288374,0.0018571645190091374,0.001338757820285679,7.843649159101086,0.7075373397935069,0.4779980845821014,0.019912095186382785,0.5654415032990671,0.027693306757661115,-1.1141797575085117,0.10920665413950409,0.012133049031613777,0.009001208134840644,0.052758496487685026,0.031781795580127246,0.9472415035123148,0.03178179558012723,0.2912698900402403,0.028939638863902353,30.722272958961618,2.818124332630798,1.0,0.0,1.0,0.15652682638134763,0.0437463790140606,0.3034029390718541,0.02906986015322822,-48.33325098275139,18.01224412306513,0.012133049031613777,0.009001208134840644,0.2912698900402403,0.028939638863902353,0.7947201106941687,0.08117577889573714,72.4,23.135254483147577,0.7618308873752816,0.0562365874729877,72.4,23.135254483147577,72.4,23.135254483147577,48.33325098275139,-78.49350815365881,19.56300933652943,18.01224412306513
margin_0p00,AutoCurriculum,severe_left_weak,10,0.08,0.0,0.29963669416201133,0.017722987500581832,20.627449291763774,4.060339203844531,0.002104012845365396,0.0009618118218303628,8.591443075820186,0.5835122521192244,0.4395502874382844,0.013256908518150637,0.5563868716526195,0.019775257106612203,-1.1532849526051965,0.0748130056832823,0.01494970918449238,0.01137543615995201,0.055155699819165106,0.029492426635536674,0.9448443001808349,0.029492426635536667,0.29963669416201133,0.017722987500581832,30.9740561488155,2.5805568910277574,1.0,0.0,1.0,0.14738032289784062,0.03213184736091272,0.31458640334650373,0.023412279638712327,-66.71083552733187,14.825848004211679,0.01494970918449238,0.01137543615995201,0.29963669416201133,0.017722987500581832,0.882641808475624,0.047796689217777744,76.8,20.58057336421899,0.8222728525949343,0.025401857363487396,76.8,20.58057336421899,76.8,20.58057336421899,66.71083552733187,-87.185472541501,18.46079182886716,14.825848004211679
margin_0p01,LinUCB,balanced,10,0.08,0.01,0.0,0.0,27.95589259744229,4.949901868967112,0.0008311154945993276,0.0005152733260751708,7.319461963030506,0.9911150938955049,0.5608829327486224,0.013460325716122675,0.54502479192526,0.02913192151522197,-1.2187579563180502,0.09828235826531381,0.0,0.0,0.04721746237733249,0.022022344738159436,0.9527825376226675,0.022022344738159418,0.0,0.0,30.843562311085343,3.5817951941855397,1.0,0.0,1.0,0.0,0.0,0.0,0.0,-42.51179923046208,9.488940052640404,0.0,0.0,0.0,0.0,0.6636097020927935,0.08197050402493114,49.9,13.52368293032634,0.6990462555557281,0.04879825213280026,49.9,13.52368293032634,49.9,13.52368293032634,42.51179923046208,-59.6480043042162,11.611274947264514,9.488940052640404
margin_0p01,LinUCB,mild_left_weak,10,0.08,0.01,0.0,0.0,30.35433376263365,4.847605586471187,0.0007489905254091289,0.0006773644132057311,8.513120009255829,1.0430760425443522,0.5067584174791616,0.015211571465637395,0.5158761689950632,0.03358614308125143,-1.3259465153043641,0.10431184728894424,0.0,0.0,0.032922632062166945,0.01962251804269709,0.9670773679378332,0.019622518042697094,0.0,0.0,28.25258276108109,4.93671344740821,1.0,0.0,1.0,0.0,0.0,0.0,0.0,-46.65122456294646,12.189914685577472,0.0,0.0,0.0,0.0,0.7004549568812923,0.09688584575381542,47.4,9.189124006128115,0.7128379580199079,0.06609807900509101,47.4,9.189124006128115,47.4,9.189124006128115,46.65122456294646,-62.00564418564154,8.021429998283436,12.189914685577472
margin_0p01,LinUCB,severe_left_weak,10,0.08,0.01,0.0,0.0,32.052661060704544,5.7565419473849415,0.0006748137118692701,0.0006352378997764639,9.67919413220157,1.203223925588243,0.46233789849585144,0.018451793621142992,0.5080297866092367,0.03430077512209794,-1.3911427095894229,0.11963804973113333,0.0,0.0,0.0400023844172458,0.02363076271785679,0.9599976155827543,0.02363076271785679,0.0,0.0,30.730236613860864,3.1885631450758867,1.0,0.0,1.0,0.0,0.0,0.0,0.0,-42.38758878897842,14.77648443831063,0.0,0.0,0.0,0.0,0.7380651281793283,0.11977816127025773,47.7,10.59292216529509,0.7421313502811143,0.07564125122426102,47.7,10.59292216529509,47.7,10.59292216529509,42.38758878897842,-65.23432826137208,10.72587487625898,14.77648443831063
margin_0p01,Thompson,balanced,10,0.08,0.01,0.23713825459158638,0.016006199506045447,28.726311533085106,3.1471983345534866,0.003914967231813816,0.002066413255597795,7.601876807340547,1.222503295011442,0.5515906722840641,0.02692482336815943,0.5471217522418415,0.026019765719125208,-1.2279348491831166,0.06864046535004159,0.06243852401115648,0.03865807363399844,0.08605311736657144,0.03780278961622856,0.9139468826334285,0.03780278961622855,0.23713825459158638,0.016006199506045447,29.92794284542302,3.4768308879558933,1.0,0.0,1.0,0.1310321414591709,0.03589918636088291,0.2995767786027429,0.043410650798458274,-34.72506381347252,12.200261225967195,0.06243852401115648,0.03865807363399844,0.23713825459158638,0.016006199506045447,0.6064550205820571,0.09302919397378757,41.7,9.644169222903548,0.6709773216392633,0.06344290369182416,41.7,9.644169222903548,41.7,9.644169222903548,34.72506381347252,-50.663955777461766,9.506301945849179,12.200261225967195
margin_0p01,Thompson,mild_left_weak,10,0.08,0.01,0.24636446489244146,0.011632137786078358,27.321193631989797,5.06036000289746,0.0038081857871399235,0.0019507744089017028,8.434119228410314,1.3583318322328535,0.5133654051095115,0.018158973899258777,0.5493058516749885,0.02446577988260371,-1.2332173143023526,0.09271053752831827,0.0796864875166762,0.04741913353234231,0.08444527649391018,0.03976838360697002,0.9155547235060899,0.03976838360697001,0.24636446489244146,0.011632137786078358,28.566906629016806,4.7101306280754525,1.0,0.0,1.0,0.1408835180037197,0.04238564898008993,0.3260509524091177,0.044642313247836,-44.13594942694037,8.664923549515029,0.0796864875166762,0.04741913353234231,0.24636446489244146,0.011632137786078358,0.7006516547560906,0.08498473444252537,47.2,8.340263784797218,0.725299043832772,0.06108041384242788,47.2,8.340263784797218,47.2,8.340263784797218,44.13594942694037,-57.63177367074361,8.06370866843855,8.664923549515029
margin_0p01,Thompson,severe_left_weak,10,0.08,0.01,0.24473113689131676,0.018696423937192702,30.007654634146018,4.0317750502728735,0.0034554365154947178,0.0006940086033861305,8.559215244959432,0.9765491695657423,0.46317682064986104,0.02341248605773021,0.5154678049890665,0.03400807599118146,-1.3210489315868703,0.10351781726145982,0.05689093172019024,0.02540865398075878,0.08816280863342082,0.034746336563761276,0.911837191366579,0.03474633656376128,0.24473113689131676,0.018696423937192702,30.298255845932896,2.720708009856822,1.0,0.0,1.0,0.16235890239886136,0.025335296383207005,0.30162206861150703,0.029360465392711508,-35.874310684950174,8.140427429116624,0.05689093172019024,0.02540865398075878,0.24473113689131676,0.018696423937192702,0.7171561030798679,0.10937145526280702,43.9,9.364293886887575,0.7359761486719136,0.07082884582388047,43.9,9.364293886887575,43.9,9.364293886887575,35.874310684950174,-57.176538348396335,8.818382476547098,8.140427429116624
margin_0p01,PianoMPC,balanced,10,0.08,0.01,0.0,0.0,38.690815298030756,1.7984611958361978,0.002319540113230072,0.0013659914573736945,7.478101721173914,1.5390899116039445,0.5071469560707144,0.02663313290944284,0.6330262345517654,0.022046834718945644,-1.195824785035585,0.05159667214866247,0.07949676753838915,0.04774342540795591,0.09227897169897532,0.04331782514278753,0.9077210283010247,0.04331782514278753,0.0,0.0,21.454942534550753,3.1575581315565953,1.0,0.0,1.0,0.0,0.0,0.07949676753838915,0.04774342540795591,-22.015233716697377,11.232621019579032,0.07949676753838915,0.04774342540795591,0.0,0.0,0.3829764030162305,0.06640117571753362,24.6,4.673328578219168,0.48465279243028936,0.03912767150388907,24.6,4.673328578219168,24.6,4.673328578219168,22.015233716697377,-29.25882806917423,4.795795640541226,11.232621019579032
margin_0p01,PianoMPC,mild_left_weak,10,0.08,0.01,0.0,0.0,39.329835507937226,2.036120773635771,0.0028345815474848162,0.0018342117587273033,9.209170038100929,1.358769883275689,0.5102622159799581,0.012256741680923281,0.6139715528384996,0.022565955743790653,-1.2867449476103887,0.07489710305247907,0.11443443056346281,0.045361435524051114,0.09922610245190891,0.048896885008217206,0.900773897548091,0.04889688500821723,0.0,0.0,22.413398438510132,3.3696340520336023,1.0,0.0,1.0,0.0,0.0,0.11443443056346281,0.045361435524051114,-28.6956925519614,8.597674174904,0.11443443056346281,0.045361435524051114,0.0,0.0,0.4560889945718217,0.04296162002137612,26.9,4.011234224026316,0.5163067166454852,0.021061100942842057,26.9,4.011234224026316,26.9,4.011234224026316,28.6956925519614,-34.38963576512061,3.6499235853010963,8.597674174904
margin_0p01,PianoMPC,severe_left_weak,10,0.08,0.01,0.0,0.0,40.35350794862939,2.7296486704389396,0.002629306914501123,0.001440356492309705,8.756278047619405,1.0562131213727,0.4718618648212044,0.01537326266942362,0.581322026115331,0.022849320134676422,-1.3368161622903572,0.044867809160680734,0.13591848985859875,0.07138434737393445,0.08153503121198222,0.03396830522797149,0.9184649687880178,0.03396830522797149,0.0,0.0,23.408068045929795,4.642364575196068,1.0,0.0,1.0,0.0,0.0,0.13591848985859875,0.07138434737393445,-26.352146416512255,5.888655829901891,0.13591848985859875,0.07138434737393445,0.0,0.0,0.48186736658837165,0.0716603718424915,26.4,5.083306010855534,0.5356568757480333,0.03521610936449271,26.4,5.083306010855534,26.4,5.083306010855534,26.352146416512255,-35.12468249818606,5.81034516715561,5.888655829901891
margin_0p01,DQN,balanced,10,0.08,0.01,0.19845445102696496,0.07394446653289881,27.584421694814562,6.430520270440744,0.004347265996812856,0.0029022243211413406,7.599130021263849,1.0175536142257846,0.5360858296146803,0.05617974773025556,0.5445020105556775,0.034104429865128766,-1.2161851656844445,0.12228682942276849,0.0673093199214391,0.05714078631982124,0.09760330089338616,0.055974643036060014,0.9023966991066139,0.055974643036060014,0.19845445102696496,0.07394446653289881,28.65440419874209,2.891543675715063,1.0,0.0,1.0,0.12312189902645095,0.05627480339218033,0.2657637709484041,0.10320595395566462,-35.66979776321813,15.554645205976614,0.0673093199214391,0.05714078631982124,0.19845445102696496,0.07394446653289881,0.6032897751104523,0.09864335193612486,41.2,9.56869897112455,0.6756158481950587,0.07665951947650998,41.2,9.56869897112455,41.2,9.56869897112455,35.66979776321813,-49.69042619892171,11.34586840669133,15.554645205976614
margin_0p01,DQN,mild_left_weak,10,0.08,0.01,0.2024773777382641,0.04974613615275105,30.904078504317233,6.180540462084598,0.0032978962109872986,0.0025538993182464215,8.806666025801373,1.1202894826822642,0.5025681223933356,0.040679906394009695,0.526866058933301,0.04184109461538093,-1.318806124952245,0.14468378074637256,0.08134277369284866,0.06569572033044482,0.0825490915034203,0.04996290480510513,0.9174509084965796,0.04996290480510514,0.2024773777382641,0.04974613615275105,28.633973390666938,3.9699573331474793,1.0,0.0,1.0,0.10757019108428292,0.05045701652772172,0.2838201514311128,0.09949847498772237,-37.43115630105457,15.915673190221108,0.08134277369284866,0.06569572033044482,0.2024773777382641,0.04974613615275105,0.6362553724655635,0.12625948225974915,40.7,11.419719786404569,0.6937330838656252,0.09065776402203851,40.7,11.419719786404569,40.7,11.419719786404569,37.43115630105457,-52.66131901885975,12.117092467965083,15.915673190221108
margin_0p01,DQN,severe_left_weak,10,0.08,0.01,0.2012863867288977,0.05731062247725699,29.25852575033838,5.516329756132164,0.004025800951477261,0.002394968803194366,9.063804770643397,1.04118582816285,0.45633555394133163,0.030483037776043442,0.5351735978718356,0.036508526397757146,-1.2928278662403312,0.11492382874317435,0.08699704820127581,0.041788922123526,0.09939317932698952,0.05419250582080494,0.9006068206730106,0.05419250582080494,0.2012863867288977,0.05731062247725699,23.16783989255443,3.6504749744035463,1.0,0.0,1.0,0.11022367180048401,0.04067244258227853,0.28828343493017344,0.06387791833967565,-40.00057260628912,12.257452041122974,0.08699704820127581,0.041788922123526,0.2012863867288977,0.05731062247725699,0.7013835764122354,0.13204330850757362,44.1,14.20176045425355,0.7205911516915505,0.08572332062477428,44.1,14.20176045425355,44.1,14.20176045425355,40.00057260628912,-55.805676895032526,14.420422273434161,12.257452041122974
margin_0p01,BayesianMAB,balanced,10,0.08,0.01,0.14162342321503255,0.04821292257270855,32.164722578458104,5.371013166772043,0.0043331746668194195,0.004514019767761891,7.568075060388944,1.6012707769791026,0.5023422187668267,0.07595570271248658,0.5448987967843896,0.029158128407194193,-1.2601987801361958,0.08051009861229091,0.08785719493017008,0.09291602838482466,0.09308185532724426,0.0694663259280965,0.9069181446727557,0.0694663259280965,0.14162342321503255,0.04821292257270855,26.669354894313216,3.3712254388652774,1.0,0.0,1.0,0.08444503856418768,0.051277485085244004,0.22948061814520263,0.11626306377800884,-25.541306953484,11.735283766079217,0.08785719493017008,0.09291602838482466,0.14162342321503255,0.04821292257270855,0.45013131100934267,0.09575231858951437,28.7,6.542935121182236,0.5680623682311363,0.08185390191514309,28.7,6.542935121182236,28.7,6.542935121182236,25.541306953484,-35.907103981296544,7.459884473869798,11.735283766079217
margin_0p01,BayesianMAB,mild_left_weak,10,0.08,0.01,0.1641532139171458,0.057272558044958684,32.41588328549084,2.7267721398415565,0.004864983414418404,0.0032823439724534898,8.337842988591571,0.9544415035069166,0.4785993485859256,0.07635657202699551,0.536053223739094,0.03653883898431119,-1.30339146577753,0.08186424151235486,0.09144137918325226,0.060683007340271426,0.10021122045309352,0.05233353236537449,0.8997887795469065,0.052333532365374504,0.1641532139171458,0.057272558044958684,26.6577381975092,4.161538315697197,1.0,0.0,1.0,0.09851479188166495,0.03794175765004094,0.25559459310039806,0.09580345516953921,-30.60268358616191,9.801889416257412,0.09144137918325226,0.060683007340271426,0.1641532139171458,0.057272558044958684,0.535679861228769,0.10287682653120038,32.5,7.242237223399963,0.6231439715651098,0.06592229826333974,32.5,7.242237223399963,32.5,7.242237223399963,30.60268358616191,-42.09021105232226,8.752002579681761,9.801889416257412
margin_0p01,BayesianMAB,severe_left_weak,10,0.08,0.01,0.11719689517703173,0.045982188016897275,27.890265213778417,5.004118343232219,0.0026851776307791004,0.0026969737682720992,9.583090453752504,1.7686739964649785,0.3743040265533128,0.09452232689606796,0.5183297778224623,0.04192178843064861,-1.3123841245101977,0.08696246115846495,0.0510952563353246,0.030791396541625375,0.06481946811907728,0.0456505417924455,0.9351805318809226,0.04565054179244551,0.11719689517703173,0.045982188016897275,27.227869958303206,4.1110494291623185,1.0,0.0,1.0,0.06701212640929655,0.04196075177578606,0.16829215151235632,0.07141134143829046,-34.0768127987123,10.88958286387619,0.0510952563353246,0.030791396541625375,0.11719689517703173,0.045982188016897275,0.6517829205527691,0.09928072671333608,39.8,9.282241108697836,0.6961651981081306,0.07137734064302172,39.8,9.282241108697836,39.8,9.282241108697836,34.0768127987123,-51.73046123879724,10.447123908818506,10.88958286387619
margin_0p01,CCB-DF,balanced,10,0.08,0.01,0.28241776970355276,0.008141700526621897,28.814167175400144,3.564597885207794,0.0025203181981511627,0.0030790761103971797,8.209610236108828,1.0115975997413666,0.5380895775899861,0.01493754817781206,0.5104641290622707,0.03503404840958418,-1.3062233713144769,0.10123048854966321,0.024784186953634966,0.026553893077088286,0.049842002153459145,0.028794796605679854,0.9501579978465408,0.028794796605679858,0.28241776970355276,0.008141700526621897,27.123565992332527,3.993163381032157,1.0,0.0,1.0,0.1223050183544407,0.03753210784271556,0.30720195665718764,0.021153302549154932,-45.00073313184144,13.618184460434493,0.024784186953634966,0.026553893077088286,0.28241776970355276,0.008141700526621897,0.6335313805798918,0.10104485074373225,45.3,10.276672613253766,0.6895740315273998,0.06902474823283336,45.3,10.276672613253766,45.3,10.276672613253766,45.00073313184144,-58.40849297984791,10.343679538768475,13.618184460434493
margin_0p01,CCB-DF,mild_left_weak,10,0.08,0.01,0.28934760044431024,0.0033735981301288437,28.433833691437172,3.4958196296295974,0.0021287104409935956,0.0016111797267966141,8.037816850582807,0.8682927217269417,0.49421990398103066,0.021046929807059328,0.5184136474440837,0.026353264351978784,-1.2873323337939,0.09352690083125306,0.029634499487440662,0.02623442927209653,0.059821765970818806,0.03470375544887313,0.9401782340291811,0.03470375544887313,0.28934760044431024,0.0033735981301288437,28.361449479553464,4.6413311876693735,1.0,0.0,1.0,0.1355660659823172,0.043513028792197844,0.3171963856460367,0.01994778650603444,-48.29334349115305,10.667045924376747,0.02784878520172638,0.02198685663072957,0.28934760044431024,0.0033735981301288437,0.7230738691113554,0.07800912945494894,51.2,7.507329751649383,0.7340972757618531,0.04877479727323089,51.2,7.507329751649383,51.2,7.507329751649383,48.29334349115305,-65.28866122549587,6.522689184061513,10.667045924376747
margin_0p01,CCB-DF,severe_left_weak,10,0.08,0.01,0.29880569522819705,0.004105667574080638,33.7751022051478,5.213495720436291,0.0017815573133570996,0.0008847859031267341,9.076522761156232,1.0497831740041828,0.44738644383696,0.013071509468184639,0.47182724283518607,0.053555658305218336,-1.452850690758988,0.13532017461044835,0.027981956002508006,0.012377236147371686,0.061962040757574645,0.02468725563340022,0.9380379592424253,0.02468725563340022,0.29880569522819705,0.004105667574080638,27.821094081555607,4.508136672136902,1.0,0.0,1.0,0.15074407702610718,0.05116516305215575,0.326787651230705,0.012918057451727114,-41.81686378816134,10.13050673271459,0.027981956002508006,0.012377236147371686,0.29880569522819705,0.004105667574080638,0.6946265504357153,0.11841616208042982,45.6,8.890444308357146,0.7045502897885614,0.08042225274101863,45.6,8.890444308357146,45.6,8.890444308357146,41.81686378816134,-65.12259100837255,7.893698924733835,10.13050673271459
margin_0p01,Safe-AC,balanced,10,0.08,0.01,0.1897640361902939,0.029666536929070866,27.33508246129626,5.506941957134012,0.0039816349405615865,0.002808329427630807,7.568084873708638,1.0428626408186812,0.5356607569219862,0.039361423811115924,0.54836716207555,0.03999696796026016,-1.2049912780040153,0.11998625708435402,0.07512237730908282,0.04520511626506588,0.0830487859974832,0.04531897997603931,0.9169512140025169,0.045318979976039286,0.1897640361902939,0.029666536929070866,28.129352579740065,3.8134838119181076,1.0,0.0,1.0,0.11688045829354692,0.04504263135465553,0.2648864134993767,0.059114490853907964,-35.20103097339998,14.02340517371867,0.07512237730908282,0.04520511626506588,0.1897640361902939,0.029666536929070866,0.5904112763739856,0.138756270106631,40.8,13.181805642627266,0.6685932404120882,0.10865279533909368,40.8,13.181805642627266,40.8,13.181805642627266,35.20103097339998,-48.19923413731762,13.550513726677385,14.02340517371867
margin_0p01,Safe-AC,mild_left_weak,10,0.08,0.01,0.19883383982068192,0.025761814103950804,28.36753132591299,2.64704033464022,0.002775056758912024,0.001618270345986117,8.785020648229104,0.9859970193238354,0.475935649122807,0.028630993197087926,0.5499750920876184,0.033887780942548885,-1.2518337223548426,0.058680162631056805,0.049649309596678015,0.033862688056301014,0.07237737977211663,0.03431387054154247,0.9276226202278833,0.03431387054154247,0.19883383982068192,0.025761814103950804,29.225831670333047,2.3583017263519137,1.0,0.0,1.0,0.0979434530224004,0.027711814652104965,0.2484831494173599,0.049483026933767056,-32.2173231909575,8.539177631297987,0.049649309596678015,0.033862688056301014,0.19883383982068192,0.025761814103950804,0.6632955858431571,0.051473006749969234,42.1,4.678675026115834,0.7010905846615143,0.03687839739635828,42.1,4.678675026115834,42.1,4.678675026115834,32.2173231909575,-52.58070451916349,5.334531999078209,8.539177631297987
margin_0p01,Safe-AC,severe_left_weak,10,0.08,0.01,0.20446384567733325,0.02562796999496147,28.724120365903435,5.969920906087652,0.003380362950039026,0.0018126185042488224,8.564160144886896,1.079301238675733,0.43283479886102966,0.04037831460489214,0.5311253122535233,0.04555849738893244,-1.2799249916493154,0.13603280742985133,0.06878104372533243,0.03593649324929969,0.08688568426816147,0.04116641275909202,0.9131143157318385,0.04116641275909201,0.20446384567733325,0.02562796999496147,28.328650207939376,3.3360693459270214,1.0,0.0,1.0,0.11023694854657859,0.041883363817419625,0.27324488940266567,0.05338989101064284,-41.18937027358852,11.81872231899943,0.06878104372533243,0.03593649324929969,0.20446384567733325,0.02562796999496147,0.7137574346251344,0.14153724661209602,45.3,14.731259280862583,0.723020315894726,0.09853718935292032,45.3,14.731259280862583,45.3,14.731259280862583,41.18937027358852,-56.24099564719101,12.921909236029908,11.81872231899943
margin_0p01,AutoCurriculum,balanced,10,0.08,0.01,0.27733052832445837,0.0253405956777723,19.96331932159425,4.612923328251199,0.001722272597813428,0.0012617612565336278,7.359453449460891,1.2282779726697908,0.48798369072303327,0.034781127275328894,0.5630324914318392,0.02025468622576743,-1.0963604291278821,0.08355351283593822,0.01913214203568895,0.01823061579289189,0.041213541391853147,0.017851681773861167,0.9587864586081467,0.017851681773861164,0.27733052832445837,0.0253405956777723,31.193599154736695,3.780557455701792,1.0,0.0,1.0,0.11663008327626963,0.03391184825355456,0.29646267036014734,0.03638445583083861,-39.20961192941475,12.033776841765173,0.01913214203568895,0.01823061579289189,0.27733052832445837,0.0253405956777723,0.7176894835766017,0.07397374513828199,62.5,20.3825906106167,0.7402333517009583,0.04266906750512939,62.5,20.3825906106167,62.5,20.3825906106167,39.20961192941475,-66.98321054255807,17.05496496832016,12.033776841765173
margin_0p01,AutoCurriculum,mild_left_weak,10,0.08,0.01,0.28244945435349067,0.026697778985224175,21.929411643088613,5.0881055865965665,0.002137522911088304,0.0016063130535229147,7.789327250557219,0.7273918818808423,0.46482445635635194,0.016373763830806774,0.5594328678879313,0.026625244392810835,-1.1393671060758948,0.09583200518185006,0.021387923589906967,0.025855844379710592,0.046437865701701275,0.02228032801344291,0.9535621342982987,0.022280328013442895,0.28244945435349067,0.026697778985224175,30.52358321903108,2.8623839146847527,1.0,0.0,1.0,0.135451424355289,0.03756141026893632,0.3038373779433977,0.030321762795081114,-43.55362203888192,15.05504939955565,0.021387923589906967,0.025855844379710592,0.28244945435349067,0.026697778985224175,0.7806225774051179,0.07739897755001741,61.7,12.538341198101126,0.7581489350444465,0.05631695086476221,61.7,12.538341198101126,61.7,12.538341198101126,43.55362203888192,-69.24275376692262,10.504638297183647,15.05504939955565
margin_0p01,AutoCurriculum,severe_left_weak,10,0.08,0.01,0.299232533198096,0.014741227792210277,20.735029088937118,3.6940935648460425,0.002084079602416104,0.0012889984996238087,8.512749998936272,0.6265428933763275,0.4304392414088416,0.01595553728019673,0.5530851023796494,0.021827256369303705,-1.1572342280955845,0.07372341808091111,0.02207292755771075,0.021510025194485128,0.05624212677947018,0.029376826669399683,0.94375787322053,0.029376826669399687,0.299232533198096,0.014741227792210277,32.45423325741653,1.9126511172175737,1.0,0.0,1.0,0.13069029207045973,0.02135224716719925,0.32130546075580674,0.03189099824977602,-66.45015777115805,13.850176137041542,0.02207292755771075,0.021510025194485128,0.299232533198096,0.014741227792210277,0.8855213851435255,0.04143556312550162,75.1,20.106963967740132,0.8274851903359342,0.021157748913157977,75.1,20.106963967740132,75.1,20.106963967740132,66.45015777115805,-85.61442684995623,17.610708073001703,13.850176137041542
margin_0p03,LinUCB,balanced,10,0.08,0.03,0.0,0.0,27.95589259744229,4.949901868967112,0.0008311154945993276,0.0005152733260751708,7.319461963030506,0.9911150938955049,0.5608829327486224,0.013460325716122675,0.54502479192526,0.02913192151522197,-1.2187579563180502,0.09828235826531381,0.0,0.0,0.04721746237733249,0.022022344738159436,0.9527825376226675,0.022022344738159418,0.0,0.0,30.843562311085343,3.5817951941855397,1.0,0.0,1.0,0.0,0.0,0.0,0.0,-42.51179923046208,9.488940052640404,0.0,0.0,0.0,0.0,0.6636097020927935,0.08197050402493114,49.9,13.52368293032634,0.6990462555557281,0.04879825213280026,49.9,13.52368293032634,49.9,13.52368293032634,42.51179923046208,-59.6480043042162,11.611274947264514,9.488940052640404
margin_0p03,LinUCB,mild_left_weak,10,0.08,0.03,0.0,0.0,30.35433376263365,4.847605586471187,0.0007489905254091289,0.0006773644132057311,8.513120009255829,1.0430760425443522,0.5067584174791616,0.015211571465637395,0.5158761689950632,0.03358614308125143,-1.3259465153043641,0.10431184728894424,0.0,0.0,0.032922632062166945,0.01962251804269709,0.9670773679378332,0.019622518042697094,0.0,0.0,28.25258276108109,4.93671344740821,1.0,0.0,1.0,0.0,0.0,0.0,0.0,-46.65122456294646,12.189914685577472,0.0,0.0,0.0,0.0,0.7004549568812923,0.09688584575381542,47.4,9.189124006128115,0.7128379580199079,0.06609807900509101,47.4,9.189124006128115,47.4,9.189124006128115,46.65122456294646,-62.00564418564154,8.021429998283436,12.189914685577472
margin_0p03,LinUCB,severe_left_weak,10,0.08,0.03,0.0,0.0,32.052661060704544,5.7565419473849415,0.0006748137118692701,0.0006352378997764639,9.67919413220157,1.203223925588243,0.46233789849585144,0.018451793621142992,0.5080297866092367,0.03430077512209794,-1.3911427095894229,0.11963804973113333,0.0,0.0,0.0400023844172458,0.02363076271785679,0.9599976155827543,0.02363076271785679,0.0,0.0,30.730236613860864,3.1885631450758867,1.0,0.0,1.0,0.0,0.0,0.0,0.0,-42.38758878897842,14.77648443831063,0.0,0.0,0.0,0.0,0.7380651281793283,0.11977816127025773,47.7,10.59292216529509,0.7421313502811143,0.07564125122426102,47.7,10.59292216529509,47.7,10.59292216529509,42.38758878897842,-65.23432826137208,10.72587487625898,14.77648443831063
margin_0p03,Thompson,balanced,10,0.08,0.03,0.23277746181827613,0.021288075407464177,28.17281366778378,3.5938555069695424,0.003981794119727629,0.0022461151921650247,7.2469717094519694,1.0760499405894506,0.5443725238426993,0.02747094323870851,0.5525062977866575,0.020260938727571495,-1.2029542241664524,0.07131670833818494,0.07822041982407835,0.04071111421682644,0.08635618698767795,0.04198531286221316,0.9136438130123221,0.04198531286221315,0.23277746181827613,0.021288075407464177,30.52874932392759,1.74466137686259,1.0,0.0,1.0,0.12140928354362657,0.04613564909821193,0.31099788164235453,0.056075205535531386,-35.45839978487587,9.367359212760459,0.07822041982407835,0.04071111421682644,0.23277746181827613,0.021288075407464177,0.6220944379756608,0.08295096002497178,41.5,9.135097153287424,0.6880356351091532,0.05070832198581614,41.5,9.135097153287424,41.5,9.135097153287424,35.45839978487587,-49.46755684528491,8.961533582709812,9.367359212760459
margin_0p03,Thompson,mild_left_weak,10,0.08,0.03,0.24490761958578977,0.010462420142839018,28.253502954135882,4.766945008430144,0.005775242956203796,0.0032414412625050757,8.693524605435416,1.2722709008847721,0.5116542266339159,0.02807348937478729,0.5375066448759881,0.0291472039534885,-1.2696791893179507,0.11861819770152043,0.12934043859165067,0.05147322104987021,0.10851069795684849,0.04904666249863776,0.8914893020431516,0.04904666249863776,0.24490761958578977,0.010462420142839018,27.762031982443073,3.633706554320344,1.0,0.0,1.0,0.14250922394066862,0.041794305328695325,0.37424805817744045,0.054868756088641224,-40.83076249450043,8.35851864774579,0.12934043859165067,0.05147322104987021,0.24490761958578977,0.010462420142839018,0.6744209583605261,0.08238995617580984,44.8,8.518215775618742,0.7097803046789591,0.04968048072326233,44.8,8.518215775618742,44.8,8.518215775618742,40.83076249450043,-55.921589654058174,5.824027518453483,8.35851864774579
margin_0p03,Thompson,severe_left_weak,10,0.08,0.03,0.2420759418438037,0.014906221256988036,28.17119289324942,4.2964854537191455,0.003098712866370556,0.002489121693450372,8.726997887465645,1.0234878788146782,0.4446419113678278,0.0281343436207006,0.5340470066806715,0.03122031376273682,-1.2739610747820689,0.10956614244024332,0.06886293730544854,0.04144187153708752,0.06826390471883832,0.04377435325678294,0.9317360952811617,0.04377435325678293,0.2420759418438037,0.014906221256988036,28.189334207757405,5.944886395041591,1.0,0.0,1.0,0.12902392178986996,0.03480751221045826,0.3109388791492522,0.047201720329823095,-38.525855646872074,11.707475312240904,0.06886293730544854,0.04144187153708752,0.2420759418438037,0.014906221256988036,0.7422638798581521,0.11185512086580524,45.8,12.097933707869288,0.7547551363823553,0.0672641640970037,45.8,12.097933707869288,45.8,12.097933707869288,38.525855646872074,-57.22089258738167,10.749297626152977,11.707475312240904
margin_0p03,PianoMPC,balanced,10,0.08,0.03,0.0,0.0,38.690815298030756,1.7984611958361978,0.002319540113230072,0.0013659914573736945,7.478101721173914,1.5390899116039445,0.5071469560707144,0.02663313290944284,0.6330262345517654,0.022046834718945644,-1.195824785035585,0.05159667214866247,0.12497245038103091,0.05692052046939693,0.09227897169897532,0.04331782514278753,0.9077210283010247,0.04331782514278753,0.0,0.0,21.454942534550753,3.1575581315565953,1.0,0.0,1.0,0.0,0.0,0.12497245038103091,0.05692052046939693,-22.015233716697377,11.232621019579032,0.12497245038103091,0.05692052046939693,0.0,0.0,0.3829764030162305,0.06640117571753362,24.6,4.673328578219168,0.48465279243028936,0.03912767150388907,24.6,4.673328578219168,24.6,4.673328578219168,22.015233716697377,-29.25882806917423,4.795795640541226,11.232621019579032
margin_0p03,PianoMPC,mild_left_weak,10,0.08,0.03,0.0,0.0,39.329835507937226,2.036120773635771,0.0028345815474848162,0.0018342117587273033,9.209170038100929,1.358769883275689,0.5102622159799581,0.012256741680923281,0.6139715528384996,0.022565955743790653,-1.2867449476103887,0.07489710305247907,0.15416784529687755,0.06574572059775359,0.09922610245190891,0.048896885008217206,0.900773897548091,0.04889688500821723,0.0,0.0,22.413398438510132,3.3696340520336023,1.0,0.0,1.0,0.0,0.0,0.15416784529687755,0.06574572059775359,-28.6956925519614,8.597674174904,0.15416784529687755,0.06574572059775359,0.0,0.0,0.4560889945718217,0.04296162002137612,26.9,4.011234224026316,0.5163067166454852,0.021061100942842057,26.9,4.011234224026316,26.9,4.011234224026316,28.6956925519614,-34.38963576512061,3.6499235853010963,8.597674174904
margin_0p03,PianoMPC,severe_left_weak,10,0.08,0.03,0.0,0.0,40.35350794862939,2.7296486704389396,0.002629306914501123,0.001440356492309705,8.756278047619405,1.0562131213727,0.4718618648212044,0.01537326266942362,0.581322026115331,0.022849320134676422,-1.3368161622903572,0.044867809160680734,0.168182226122335,0.072460764390257,0.08153503121198222,0.03396830522797149,0.9184649687880178,0.03396830522797149,0.0,0.0,23.408068045929795,4.642364575196068,1.0,0.0,1.0,0.0,0.0,0.168182226122335,0.072460764390257,-26.352146416512255,5.888655829901891,0.168182226122335,0.072460764390257,0.0,0.0,0.48186736658837165,0.0716603718424915,26.4,5.083306010855534,0.5356568757480333,0.03521610936449271,26.4,5.083306010855534,26.4,5.083306010855534,26.352146416512255,-35.12468249818606,5.81034516715561,5.888655829901891
margin_0p03,DQN,balanced,10,0.08,0.03,0.19186477531051105,0.07353163168855725,28.10907888315638,6.118901258571038,0.004018967941786637,0.002431164381451682,7.644706188844987,0.8850850664378107,0.5258108804574053,0.05894147009358965,0.5440063113299206,0.03989074887589394,-1.2239041960736876,0.12372300979679142,0.11155388835095612,0.058136704260968904,0.10501633999828171,0.049906455620858894,0.8949836600017184,0.04990645562085889,0.19186477531051105,0.07353163168855725,27.589970653066068,1.8700404439294531,1.0,0.0,1.0,0.10838500145383749,0.04349611042984877,0.3034186636614672,0.11165237406455811,-36.4731059193048,14.056913554673795,0.11155388835095612,0.058136704260968904,0.19186477531051105,0.07353163168855725,0.5846014889294257,0.11124108177177212,40.7,11.866338946785568,0.6567839451614021,0.07286578727807226,40.7,11.866338946785568,40.7,11.866338946785568,36.4731059193048,-49.164133629404205,12.446849907727382,14.056913554673795
margin_0p03,DQN,mild_left_weak,10,0.08,0.03,0.20825209374543832,0.03618133631050811,30.96696960365041,5.68056756422214,0.0034695371006525665,0.0032546984956999744,8.824785366953668,1.360277632537574,0.49053741865444217,0.04723096325838481,0.5234685981268059,0.043482201222329694,-1.32414968644451,0.142822006309817,0.11311061601699857,0.08232898603920182,0.0809441318867509,0.0565320589479262,0.9190558681132492,0.05653205894792621,0.20825209374543832,0.03618133631050811,28.136362357278067,3.633111510983641,1.0,0.0,1.0,0.10713530568637494,0.03267708687599894,0.32136270976243686,0.09720459150284802,-36.554172437668896,19.68581377726424,0.11311061601699857,0.08232898603920182,0.20825209374543832,0.03618133631050811,0.6202549169911084,0.11818019538364881,40.2,16.277591959500644,0.6862802207889077,0.07781875884219654,40.2,16.277591959500644,40.2,16.277591959500644,36.554172437668896,-51.95284950438837,16.578994464713613,19.68581377726424
margin_0p03,DQN,severe_left_weak,10,0.08,0.03,0.19683499501103857,0.059695437557354424,29.550526018014317,5.865246319022545,0.005090144682192288,0.002065934697964001,9.108552891087209,1.1779648262406592,0.4528770207951188,0.03801361241095775,0.5329961989066683,0.03028560608505555,-1.3000496817177791,0.11394640597265401,0.1216566263529005,0.052177253918159694,0.11146208920789898,0.04949784387384393,0.8885379107921011,0.04949784387384392,0.19683499501103857,0.059695437557354424,24.086642604247753,4.818337423855097,1.0,0.0,1.0,0.11354619491749843,0.03685000639432267,0.3184916213639391,0.0768254670721573,-38.8313366001175,11.665914583719774,0.1216566263529005,0.052177253918159694,0.19683499501103857,0.059695437557354424,0.6895949556359088,0.15604568562398022,42.7,14.615402833996741,0.7165786211739757,0.10278243219847505,42.7,14.615402833996741,42.7,14.615402833996741,38.8313366001175,-54.16796239177175,15.300143350612577,11.665914583719774
margin_0p03,BayesianMAB,balanced,10,0.08,0.03,0.16169919006081326,0.019899468833622706,30.809539077242135,6.567063027944074,0.004433041583281477,0.005130374283099545,7.598973186871021,1.6357018274056523,0.5160080940425993,0.06158379434355037,0.555258923378965,0.029051962132234425,-1.2314594283800615,0.12817449517153462,0.13004707823285622,0.09991300334523802,0.09046443155660425,0.07176631067868677,0.9095355684433958,0.07176631067868677,0.16169919006081326,0.019899468833622706,28.42650783155097,3.7680706814368174,1.0,0.0,1.0,0.09841171777045682,0.04404499906445432,0.29174626829366945,0.11191189985604019,-27.828261274031,11.27736919784949,0.13004707823285622,0.09991300334523802,0.16169919006081326,0.019899468833622706,0.4971608586924088,0.13184186041077103,32.0,8.660254037844387,0.5948838484554753,0.10295558706474248,32.0,8.660254037844387,32.0,8.660254037844387,27.828261274031,-38.4488743337562,7.444595374592549,11.27736919784949
margin_0p03,BayesianMAB,mild_left_weak,10,0.08,0.03,0.1736025348951154,0.0509700694616343,31.091454379490113,3.7493168772403997,0.005869413259567658,0.0032703549856899737,8.34981396852644,0.882700608785159,0.4863158989973962,0.07402566488804782,0.5454604780985204,0.03183022049013625,-1.2743431446368019,0.09260343798929956,0.13610446979124222,0.06263490665891394,0.1113657263983036,0.0551931823169235,0.8886342736016963,0.05519318231692351,0.1736025348951154,0.0509700694616343,27.30700898444664,5.0416385932979555,1.0,0.0,1.0,0.10303672969974169,0.05349207372584962,0.3097070046863576,0.1079397945318248,-32.80417953832207,10.00139379261173,0.13610446979124222,0.06263490665891394,0.1736025348951154,0.0509700694616343,0.5719559827324043,0.11832214402532101,34.7,8.414867794564572,0.6523520008512661,0.07869760096820254,34.7,8.414867794564572,34.7,8.414867794564572,32.80417953832207,-43.728676220036206,9.409596703811726,10.00139379261173
margin_0p03,BayesianMAB,severe_left_weak,10,0.08,0.03,0.13977029150988757,0.05333629799515217,28.435545610746846,5.927921740229087,0.0028495945571817656,0.0020637999266178704,9.583304538706797,1.818273279690377,0.3780731007750102,0.09069234075025212,0.5151172094331151,0.048129671533994195,-1.3247292034354297,0.10606198418807497,0.08685626631694562,0.053163217120374084,0.059196309441107486,0.041755802869958024,0.9408036905588926,0.04175580286995803,0.13977029150988757,0.05333629799515217,25.33166712568095,4.264047327295396,1.0,0.0,1.0,0.07700297675435373,0.0491122386109595,0.22662655782683322,0.09121517618801007,-34.492848733529144,12.410461957558793,0.08685626631694562,0.053163217120374084,0.13977029150988757,0.05333629799515217,0.6462840839053525,0.10614938206850108,40.2,10.077698149875298,0.6854382639049812,0.07224233509065286,40.2,10.077698149875298,40.2,10.077698149875298,34.492848733529144,-52.47026782816103,10.544139661407325,12.410461957558793
margin_0p03,CCB-DF,balanced,10,0.08,0.03,0.28102346668315037,0.007552546409783632,30.242584842364757,4.396017371231276,0.0026605454204376095,0.0027707423881432325,8.263108122917098,1.122997658568048,0.5220794248230036,0.026959694954059216,0.5015172218798047,0.04055287041651696,-1.3379244258730214,0.11062831095374052,0.056528664507101166,0.051052137369241,0.052949386642109006,0.04687234508430405,0.9470506133578909,0.04687234508430404,0.28102346668315037,0.007552546409783632,27.824471343880152,3.691824706893081,1.0,0.0,1.0,0.12017578828602296,0.03972011911778673,0.3375521311902515,0.04616551731371378,-42.205420109952605,11.704821589152784,0.056528664507101166,0.051052137369241,0.28102346668315037,0.007552546409783632,0.5951097516235078,0.10684634023161478,42.3,10.742904635153382,0.6678574172598427,0.06742839476837537,42.3,10.742904635153382,42.3,10.742904635153382,42.205420109952605,-55.67778520239949,10.514476400577658,11.704821589152784
margin_0p03,CCB-DF,mild_left_weak,10,0.08,0.03,0.29046781291049883,0.004702425027673531,28.907301498236734,2.4853203420293757,0.003010262662612955,0.0020575170991001617,8.041813114740513,0.9718502802252578,0.4837373933295296,0.023794270861515216,0.5121101845458951,0.01379066806586412,-1.3026324650059984,0.05742123895064504,0.057269775080285,0.04078365048966107,0.06885275605280086,0.04206645624479116,0.9311472439471992,0.04206645624479117,0.29046781291049883,0.004702425027673531,29.813872194958055,4.003055710870067,1.0,0.0,1.0,0.14511247667192523,0.04813275064016724,0.34773758799078386,0.03899168835661072,-45.66448426959705,9.012930664888364,0.057269775080285,0.04078365048966107,0.29046781291049883,0.004702425027673531,0.7097258749508659,0.03730212552779566,49.2,4.770744176750625,0.7275356846325067,0.02728817864292838,49.2,4.770744176750625,49.2,4.770744176750625,45.66448426959705,-63.90145522896324,4.673550237460459,9.012930664888364
margin_0p03,CCB-DF,severe_left_weak,10,0.08,0.03,0.2969007774061627,0.005940692432449581,34.05762643932177,5.052478721803414,0.0022249649942742327,0.0017836569114675865,9.304059556795087,0.9838425489129773,0.4517510139084818,0.020591791701952158,0.4679083446031738,0.03739780154106224,-1.4684577355550323,0.13059254438627096,0.050624278059033655,0.03369287325935487,0.06600821522735358,0.031445426904176274,0.9339917847726464,0.031445426904176274,0.2969007774061627,0.005940692432449581,25.250324856715757,4.871944132372045,1.0,0.0,1.0,0.14419147955291284,0.04750756512638673,0.34752505546519635,0.030849838998913835,-40.20300718655189,11.213320315146117,0.050624278059033655,0.03369287325935487,0.2969007774061627,0.005940692432449581,0.6873537420794303,0.10040729451569941,44.9,10.492378186092989,0.713924755172713,0.0637119351346674,44.9,10.492378186092989,44.9,10.492378186092989,40.20300718655189,-64.67700662777338,9.061121929582917,11.213320315146117
margin_0p03,Safe-AC,balanced,10,0.08,0.03,0.1870174099682796,0.031042446197699462,26.562084740553665,4.210841825938633,0.004634152006420041,0.003833723881747945,7.565437369827532,1.0751539828588845,0.5277062826159641,0.038871184917663004,0.5549955476736256,0.03797261372257304,-1.1860002347912342,0.09644996221653918,0.10365323560694546,0.055304020331789536,0.08405814013552547,0.048230373426626394,0.9159418598644745,0.04823037342662637,0.1870174099682796,0.031042446197699462,29.08715456065904,2.8068849031029224,1.0,0.0,1.0,0.10752359858407742,0.04208989023122972,0.28728081506675046,0.07558908409370946,-37.332604736925184,14.105272283893827,0.1002634050984709,0.05049564294299129,0.1870174099682796,0.031042446197699462,0.6053146163302561,0.13220077732066154,42.6,14.079772725438433,0.6749557358929843,0.0998832203626883,42.6,14.079772725438433,42.6,14.079772725438433,37.332604736925184,-49.71913043064373,14.536058089559768,14.105272283893827
margin_0p03,Safe-AC,mild_left_weak,10,0.08,0.03,0.20322047053408782,0.030195257366674673,26.532735845588554,3.8027170892655344,0.0032245926035837915,0.0013141866413038086,8.658980992773511,0.8490281175655918,0.47236456633955226,0.020412836748931563,0.5631128424021226,0.028781204483877228,-1.2070405490887892,0.06364160882293625,0.06921724271219926,0.016303508138847886,0.07663531746898371,0.01897962024111921,0.9233646825310162,0.01897962024111921,0.20322047053408782,0.030195257366674673,30.40586064174483,2.576289003571354,1.0,0.0,1.0,0.10300034572854906,0.023719178028951987,0.27243771324628707,0.03892345008057697,-36.73141200647607,12.860294124720706,0.06921724271219926,0.016303508138847886,0.20322047053408782,0.030195257366674673,0.6990651748975251,0.07158326395674075,46.4,9.264987857520376,0.7213981006486628,0.04785600265022494,46.4,9.264987857520376,46.4,9.264987857520376,36.73141200647607,-55.57670365817019,9.069666499898771,12.860294124720706
margin_0p03,Safe-AC,severe_left_weak,10,0.08,0.03,0.19788799102592622,0.023071715687045195,27.143248278488215,4.736253160166109,0.003915353263220404,0.001984916618099044,8.725391016708182,1.030447765152346,0.4308992402168855,0.04813266691386543,0.5487465921432911,0.033836603003557286,-1.2400026987781847,0.09729356141424278,0.08466429776796844,0.04606723806028495,0.09354240174882762,0.047212618709497445,0.9064575982511723,0.04721261870949743,0.19788799102592622,0.023071715687045195,29.180177518531412,3.4496562144297824,1.0,0.0,1.0,0.12076303474537073,0.04019808577604607,0.2825522887938946,0.0600884073924282,-45.334806478827815,9.341939946572316,0.08466429776796844,0.04606723806028495,0.19788799102592622,0.023071715687045195,0.7639996116636003,0.11390229891427317,49.4,13.009227494359532,0.7590098188920326,0.08291750193524028,49.4,13.009227494359532,49.4,13.009227494359532,45.334806478827815,-60.2006783009788,11.942557411113947,9.341939946572316
margin_0p03,AutoCurriculum,balanced,10,0.08,0.03,0.2675555682458305,0.05525338459400823,20.066228402246963,4.502265336948662,0.0023459249472843413,0.001588405480224018,7.524058700441627,1.1890181434263716,0.47671562936995854,0.06331827382161004,0.5633710976567697,0.026496012638531834,-1.1013391040096192,0.0896807319647666,0.04671888119861635,0.028909416940205816,0.04734383926406917,0.02935319971745255,0.9526561607359308,0.02935319971745254,0.2675555682458305,0.05525338459400823,31.960209580310682,2.005958553303909,1.0,0.0,1.0,0.10548288210053132,0.049048568033479865,0.3142744494444468,0.07024579807910088,-38.03003678766612,19.259707112202843,0.04671888119861635,0.028909416940205816,0.2675555682458305,0.05525338459400823,0.7058281077187198,0.10142874338131404,62.6,21.726481537515458,0.7331048559775684,0.051452101441372924,62.6,21.726481537515458,62.6,21.726481537515458,38.03003678766612,-67.13489176027461,18.20941669213199,19.259707112202843
margin_0p03,AutoCurriculum,mild_left_weak,10,0.08,0.03,0.2828941449491284,0.021423986889630167,21.64274334213041,4.379528150953198,0.003352788835287978,0.0015944744579130924,7.862554857418812,0.7319849460164288,0.46772086355904097,0.01675489640066912,0.5596627677234862,0.025496709453635677,-1.1374895943676777,0.0911366655768735,0.05982483669804699,0.03483637838197647,0.07241910937228124,0.026793468265997343,0.9275808906277186,0.026793468265997357,0.2828941449491284,0.021423986889630167,30.0080995616025,2.9000281081404276,1.0,0.0,1.0,0.14332180574501222,0.05131859885222115,0.34271898164717546,0.02687611878811882,-43.15419589032773,15.95246440339573,0.05982483669804699,0.03483637838197647,0.2828941449491284,0.021423986889630167,0.7747092272298781,0.0762412167337149,62.6,16.722440013347335,0.756486535018932,0.05999878710174106,62.6,16.722440013347335,62.6,16.722440013347335,43.15419589032773,-70.07814594456327,15.146758164565016,15.95246440339573
margin_0p03,AutoCurriculum,severe_left_weak,10,0.08,0.03,0.2861410647115218,0.021931757539134816,23.607584014721418,3.996188891315304,0.0017652852732381913,0.00130291959456384,8.80872020428582,1.1011160466705214,0.41370234705862563,0.018328054088054303,0.5352013691935338,0.02739121239137253,-1.2248674891546742,0.10137903031745511,0.03322701655872969,0.026466272940575335,0.04788752026860703,0.030141378005745737,0.9521124797313929,0.03014137800574573,0.2861410647115218,0.021931757539134816,30.711136112455513,1.6105738164255021,1.0,0.0,1.0,0.0979874225772828,0.03927370295210965,0.31936808127025146,0.04373346554573959,-55.75301902006781,16.568597388019235,0.03322701655872969,0.026466272940575335,0.2861410647115218,0.021931757539134816,0.8333942336907916,0.08394404904545606,62.2,18.567713914211414,0.7971597804996602,0.058917521121824475,62.2,18.567713914211414,62.2,18.567713914211414,55.75301902006781,-74.69019985959362,17.192636873658564,16.568597388019235
margin_0p05,LinUCB,balanced,10,0.08,0.05,0.0,0.0,27.95589259744229,4.949901868967112,0.0008311154945993276,0.0005152733260751708,7.319461963030506,0.9911150938955049,0.5608829327486224,0.013460325716122675,0.54502479192526,0.02913192151522197,-1.2187579563180502,0.09828235826531381,0.0,0.0,0.04721746237733249,0.022022344738159436,0.9527825376226675,0.022022344738159418,0.0,0.0,30.843562311085343,3.5817951941855397,1.0,0.0,1.0,0.0,0.0,0.0,0.0,-42.51179923046208,9.488940052640404,0.0,0.0,0.0,0.0,0.6636097020927935,0.08197050402493114,49.9,13.52368293032634,0.6990462555557281,0.04879825213280026,49.9,13.52368293032634,49.9,13.52368293032634,42.51179923046208,-59.6480043042162,11.611274947264514,9.488940052640404
margin_0p05,LinUCB,mild_left_weak,10,0.08,0.05,0.0,0.0,30.35433376263365,4.847605586471187,0.0007489905254091289,0.0006773644132057311,8.513120009255829,1.0430760425443522,0.5067584174791616,0.015211571465637395,0.5158761689950632,0.03358614308125143,-1.3259465153043641,0.10431184728894424,0.0,0.0,0.032922632062166945,0.01962251804269709,0.9670773679378332,0.019622518042697094,0.0,0.0,28.25258276108109,4.93671344740821,1.0,0.0,1.0,0.0,0.0,0.0,0.0,-46.65122456294646,12.189914685577472,0.0,0.0,0.0,0.0,0.7004549568812923,0.09688584575381542,47.4,9.189124006128115,0.7128379580199079,0.06609807900509101,47.4,9.189124006128115,47.4,9.189124006128115,46.65122456294646,-62.00564418564154,8.021429998283436,12.189914685577472
margin_0p05,LinUCB,severe_left_weak,10,0.08,0.05,0.0,0.0,32.052661060704544,5.7565419473849415,0.0006748137118692701,0.0006352378997764639,9.67919413220157,1.203223925588243,0.46233789849585144,0.018451793621142992,0.5080297866092367,0.03430077512209794,-1.3911427095894229,0.11963804973113333,0.0,0.0,0.0400023844172458,0.02363076271785679,0.9599976155827543,0.02363076271785679,0.0,0.0,30.730236613860864,3.1885631450758867,1.0,0.0,1.0,0.0,0.0,0.0,0.0,-42.38758878897842,14.77648443831063,0.0,0.0,0.0,0.0,0.7380651281793283,0.11977816127025773,47.7,10.59292216529509,0.7421313502811143,0.07564125122426102,47.7,10.59292216529509,47.7,10.59292216529509,42.38758878897842,-65.23432826137208,10.72587487625898,14.77648443831063
margin_0p05,Thompson,balanced,10,0.08,0.05,0.2312282286439573,0.018502414477063068,29.75713221080117,3.5903548911648673,0.004050236875469933,0.0026472225826428748,7.376316032898686,1.4607423874130128,0.5261479002965368,0.030596664206319114,0.54313887268051,0.02416117864171282,-1.2384593016982497,0.08827807191464151,0.10922971318816273,0.07319048102913239,0.08767187952780409,0.05454130120658242,0.9123281204721959,0.05454130120658241,0.2312282286439573,0.018502414477063068,28.23898109301632,4.095315789507049,1.0,0.0,1.0,0.10477769815046331,0.05272266196107751,0.34045794183211997,0.07350223865729838,-31.33240595922525,6.895324220527577,0.10922971318816273,0.07319048102913239,0.2312282286439573,0.018502414477063068,0.5742718714744848,0.07882787327594576,37.3,7.071774883294858,0.6582882557331283,0.04099493875035528,37.3,7.071774883294858,37.3,7.071774883294858,31.33240595922525,-45.82620291026166,7.05315729704211,6.895324220527577
margin_0p05,Thompson,mild_left_weak,10,0.08,0.05,0.23415666436221957,0.01864781900873619,28.869731907718887,3.804798741329304,0.004969138315924869,0.0021718945802984896,8.573428793558712,1.638914638309634,0.5057444074418789,0.024983719623446962,0.5414705149248681,0.019274508726426623,-1.2659015761525128,0.08585380639500816,0.1631889355060488,0.061627169931440594,0.10983938944047944,0.04048803164719253,0.8901606105595204,0.04048803164719253,0.23415666436221957,0.01864781900873619,28.452588294534923,3.2038323486250957,1.0,0.0,1.0,0.1448843491971094,0.029487112353575155,0.39320183665473774,0.05992814598132712,-39.891579800708755,11.327513148061492,0.15904517229251813,0.06007324148655177,0.23415666436221957,0.01864781900873619,0.657583926767387,0.10445548390852412,42.5,9.372833082905082,0.701065654513151,0.07523263040094572,42.5,9.372833082905082,42.5,9.372833082905082,39.891579800708755,-53.22499829672779,9.81663438570952,11.327513148061492
margin_0p05,Thompson,severe_left_weak,10,0.08,0.05,0.24795517973460673,0.009360286612804216,28.37319255314774,3.452372361554586,0.005538089829337547,0.002466151234982497,8.594673718865955,0.7870608075698962,0.4541229957977372,0.03663836790803139,0.5323858202255491,0.019132350449591676,-1.2768724767429593,0.06471584485832466,0.14998614473850616,0.060853115734409824,0.10268629790703468,0.04307911523750335,0.8973137020929653,0.043079115237503345,0.24795517973460673,0.009360286612804216,28.420150637432265,4.5017744251275404,1.0,0.0,1.0,0.14228598214933597,0.04676753474729003,0.39508418161597003,0.06351696121406633,-38.351202994648666,6.96244240785438,0.1471290018813633,0.06333564357726987,0.24795517973460673,0.009360286612804216,0.7601730740133489,0.08427967103178415,46.0,8.1117199162693,0.7644990314364085,0.06173749321726835,46.0,8.1117199162693,46.0,8.1117199162693,38.351202994648666,-58.324333283992175,8.292186610995778,6.96244240785438
margin_0p05,PianoMPC,balanced,10,0.08,0.05,0.0,0.0,38.690815298030756,1.7984611958361978,0.002319540113230072,0.0013659914573736945,7.478101721173914,1.5390899116039445,0.5071469560707144,0.02663313290944284,0.6330262345517654,0.022046834718945644,-1.195824785035585,0.05159667214866247,0.1674787532520044,0.07381406449029598,0.09227897169897532,0.04331782514278753,0.9077210283010247,0.04331782514278753,0.0,0.0,21.454942534550753,3.1575581315565953,1.0,0.0,1.0,0.0,0.0,0.1674787532520044,0.07381406449029598,-22.015233716697377,11.232621019579032,0.1674787532520044,0.07381406449029598,0.0,0.0,0.3829764030162305,0.06640117571753362,24.6,4.673328578219168,0.48465279243028936,0.03912767150388907,24.6,4.673328578219168,24.6,4.673328578219168,22.015233716697377,-29.25882806917423,4.795795640541226,11.232621019579032
margin_0p05,PianoMPC,mild_left_weak,10,0.08,0.05,0.0,0.0,39.329835507937226,2.036120773635771,0.0028345815474848162,0.0018342117587273033,9.209170038100929,1.358769883275689,0.5102622159799581,0.012256741680923281,0.6139715528384996,0.022565955743790653,-1.2867449476103887,0.07489710305247907,0.19267470880374105,0.03251945327244529,0.09922610245190891,0.048896885008217206,0.900773897548091,0.04889688500821723,0.0,0.0,22.413398438510132,3.3696340520336023,1.0,0.0,1.0,0.0,0.0,0.19267470880374105,0.03251945327244529,-28.6956925519614,8.597674174904,0.19267470880374105,0.03251945327244529,0.0,0.0,0.4560889945718217,0.04296162002137612,26.9,4.011234224026316,0.5163067166454852,0.021061100942842057,26.9,4.011234224026316,26.9,4.011234224026316,28.6956925519614,-34.38963576512061,3.6499235853010963,8.597674174904
margin_0p05,PianoMPC,severe_left_weak,10,0.08,0.05,0.0,0.0,40.35350794862939,2.7296486704389396,0.002629306914501123,0.001440356492309705,8.756278047619405,1.0562131213727,0.4718618648212044,0.01537326266942362,0.581322026115331,0.022849320134676422,-1.3368161622903572,0.044867809160680734,0.21589138629066035,0.06780329176025665,0.08153503121198222,0.03396830522797149,0.9184649687880178,0.03396830522797149,0.0,0.0,23.408068045929795,4.642364575196068,1.0,0.0,1.0,0.0,0.0,0.21589138629066035,0.06780329176025665,-26.352146416512255,5.888655829901891,0.21589138629066035,0.06780329176025665,0.0,0.0,0.48186736658837165,0.0716603718424915,26.4,5.083306010855534,0.5356568757480333,0.03521610936449271,26.4,5.083306010855534,26.4,5.083306010855534,26.352146416512255,-35.12468249818606,5.81034516715561,5.888655829901891
margin_0p05,DQN,balanced,10,0.08,0.05,0.18880247804918443,0.08425529172851459,27.15773033435414,4.032859278234025,0.0037380211688236636,0.0023960621377903347,7.673844775530744,0.8906294637000313,0.5179990178106857,0.058184326812906195,0.5508621533238504,0.03607226890827407,-1.2035062728178896,0.10488847650781472,0.12715434342264448,0.05768211871458412,0.08625748347577882,0.05213278562739682,0.9137425165242213,0.05213278562739683,0.18880247804918443,0.08425529172851459,28.36113716026792,2.9057520597145277,1.0,0.0,1.0,0.1016317932268213,0.04916968605676162,0.31595682147182896,0.12594059181634162,-36.70514927744104,12.826859135617138,0.12715434342264448,0.05768211871458412,0.18880247804918443,0.08425529172851459,0.6136140293963178,0.09590664126587689,42.1,8.870738413458037,0.6782333492196111,0.06984726442278824,42.1,8.870738413458037,42.1,8.870738413458037,36.70514927744104,-50.46381249353721,10.486109082708774,12.826859135617138
margin_0p05,DQN,mild_left_weak,10,0.08,0.05,0.2054595697295624,0.05552853035639644,32.584543716075345,4.299019494100516,0.003272990107580626,0.0027131688733188805,8.808692076383062,1.2647519372382845,0.4605471485815098,0.05023418226068925,0.5134102022846331,0.03376266822613573,-1.3567066307751472,0.10412822308137663,0.13489668963806895,0.08790017221577143,0.07737958783217404,0.05608746066082982,0.922620412167826,0.056087460660829806,0.2054595697295624,0.05552853035639644,27.21395923465779,3.3893915351940582,1.0,0.0,1.0,0.09029643632083104,0.04826857168508362,0.33452855666492864,0.12169939951653351,-31.684309290439266,14.448022248237416,0.12906898693536623,0.08822326334603958,0.2054595697295624,0.05552853035639644,0.5751103113429481,0.10384837675587084,35.6,8.901685233707155,0.6548166142108236,0.07560646125348286,35.6,8.901685233707155,35.6,8.901685233707155,31.684309290439266,-47.93504777240675,10.79189002473247,14.448022248237416
margin_0p05,DQN,severe_left_weak,10,0.08,0.05,0.20043870492146354,0.06100014250932952,29.972163827515867,5.687248669961123,0.0038171874384349035,0.002871901263363706,9.09706763270234,1.1637218265889548,0.43062879657888786,0.049152973284330576,0.5226814223004187,0.03031213711583253,-1.319742202208893,0.10798011280628225,0.11874303969638655,0.07282727825346368,0.0810500542954904,0.05926808701876773,0.9189499457045096,0.05926808701876774,0.20043870492146354,0.06100014250932952,27.52477839027373,5.1053827586803875,1.0,0.0,1.0,0.10295793878958179,0.046066601535888846,0.3191817446178501,0.09886783458376167,-37.209710251329966,10.751198214252335,0.11874303969638655,0.07282727825346368,0.20043870492146354,0.06100014250932952,0.6663285838210155,0.14497625478161102,40.9,13.553228397691822,0.7001479028876767,0.09732346249342762,40.9,13.553228397691822,40.9,13.553228397691822,37.209710251329966,-52.74156998570368,13.937023986839566,10.751198214252335
margin_0p05,BayesianMAB,balanced,10,0.08,0.05,0.15780869166625594,0.03066219805189166,31.83679265153334,5.596895668134208,0.006920127605140013,0.004765295620864727,7.620554505067608,1.5602096706969801,0.5248046052609477,0.07656512893818428,0.5481820374617896,0.031352772291453175,-1.2560763613863057,0.11143128966270675,0.19704648901039673,0.10285762416199132,0.14106854748396108,0.06872096044042023,0.8589314525160388,0.06872096044042024,0.15780869166625594,0.03066219805189166,24.53689096534946,3.4395609246363095,1.0,0.0,1.0,0.10760978754320319,0.05644141379435293,0.35485518067665267,0.12050566136179629,-26.08320303006193,9.57226471145197,0.19704648901039673,0.10285762416199132,0.15780869166625594,0.03066219805189166,0.47824730915367414,0.10020547263839456,30.5,6.135959582656978,0.5860223838748189,0.08616766444071464,30.5,6.135959582656978,30.5,6.135959582656978,26.08320303006193,-37.78836619732036,5.605816105686469,9.57226471145197
margin_0p05,BayesianMAB,mild_left_weak,10,0.08,0.05,0.14714172645380824,0.05422741528646626,32.804070241581044,2.6878427328540533,0.00504683044137217,0.0031880265872182355,8.406154085476667,0.9277488603944991,0.45952121548874614,0.09405055023604135,0.5270561031570457,0.04079751014153406,-1.3221307309112957,0.08844840106974353,0.16891219473993116,0.08527294787509827,0.1014777465346101,0.051090661639771995,0.89852225346539,0.051090661639772016,0.14714172645380824,0.05422741528646626,25.672796373808193,3.730798134407782,1.0,0.0,1.0,0.10799989368175726,0.054075022206200515,0.3160539211937395,0.13239559958420585,-29.656211989121196,10.403444381090575,0.16891219473993116,0.08527294787509827,0.14714172645380824,0.05422741528646626,0.5080120558726108,0.10895940222295439,30.8,7.138627319029899,0.6051504655466847,0.0773289290782215,30.8,7.138627319029899,30.8,7.138627319029899,29.656211989121196,-40.43537102681453,8.703333616353698,10.403444381090575
margin_0p05,BayesianMAB,severe_left_weak,10,0.08,0.05,0.12654359202750282,0.04823689624415721,28.614369374359836,5.244235440296427,0.004033284253965662,0.002522693271943545,9.556870279375431,1.7090715533288288,0.3739716377897678,0.07687600190198042,0.5188373861846782,0.04343577310616157,-1.3203854844445513,0.09082232548667847,0.1284405789524853,0.05261706804181441,0.0749145020788852,0.04298649375063277,0.9250854979211148,0.04298649375063277,0.12654359202750282,0.04823689624415721,24.913987573013173,4.908443920804308,1.0,0.0,1.0,0.06991552101080459,0.029394667999254696,0.25271144370726084,0.08589005879807242,-34.44478101436962,11.561213941285128,0.12616785167975803,0.0493542367312935,0.12654359202750282,0.04823689624415721,0.6401975652164309,0.08810296158032918,39.2,8.541662601625049,0.6823389668687712,0.0629960805907631,39.2,8.541662601625049,39.2,8.541662601625049,34.44478101436962,-51.21940762416401,8.999963099912495,11.561213941285128
margin_0p05,CCB-DF,balanced,10,0.08,0.05,0.2803209337822577,0.007734036910232208,29.348080801062714,3.9825762763771393,0.0036404771007592525,0.002171347524037683,8.071827147678512,1.136140046435851,0.5212025128860275,0.02947435304023138,0.5075638213569994,0.03596444663627084,-1.313133783818115,0.10601615008473199,0.09396407997645277,0.047076308665543846,0.0721604305346211,0.035011783871859006,0.927839569465379,0.035011783871859006,0.2803209337822577,0.007734036910232208,27.335233358717915,4.402515775528591,1.0,0.0,1.0,0.11312286752354499,0.03631252421159693,0.3742850137587105,0.04155683162336124,-44.15024962121335,13.169076637535573,0.09396407997645277,0.047076308665543846,0.2803209337822577,0.007734036910232208,0.6132107149834912,0.11594528965721632,43.9,11.076551810017412,0.6781482360174403,0.0721973903003088,43.9,11.076551810017412,43.9,11.076551810017412,44.15024962121335,-56.75504660040779,11.136538673514705,13.169076637535573
margin_0p05,CCB-DF,mild_left_weak,10,0.08,0.05,0.2865219491258494,0.010118222802789248,29.909025603929063,5.244063344578154,0.004067308152018838,0.002656423228038086,8.231013595373982,0.8502566919591987,0.4838037439341868,0.018768910775210024,0.5009446230221692,0.04769123403410742,-1.3365968704090858,0.12678460998873983,0.10950863786941152,0.04837331563992764,0.07904676039266831,0.03288041606891306,0.9209532396073318,0.03288041606891307,0.2865219491258494,0.010118222802789248,29.124719829027477,3.60561382815624,1.0,0.0,1.0,0.14324069030351,0.033854697889776124,0.39164013516235385,0.04082762844281057,-42.06682201093489,15.820752590330528,0.10511818603650444,0.041722007447045954,0.2865219491258494,0.010118222802789248,0.6703678666490809,0.11532624366069127,47.4,12.15894732285653,0.7024088539777944,0.07658091036031636,47.4,12.15894732285653,47.4,12.15894732285653,42.06682201093489,-61.9242490153011,10.65046605785661,15.820752590330528
margin_0p05,CCB-DF,severe_left_weak,10,0.08,0.05,0.29903521195165605,0.003713402203195403,32.9344928774739,4.163645860967945,0.00280153968856106,0.00135246145976481,9.31671383598173,1.1072450119348733,0.4320856081675357,0.00967525586400352,0.4779244831776343,0.03557583904834385,-1.440401546850943,0.09711205625614198,0.06560462503644282,0.022384859788023674,0.06254405224500836,0.01789352326274153,0.9374559477549915,0.01789352326274154,0.29903521195165605,0.003713402203195403,27.100550141267632,5.8695842774848055,1.0,0.0,1.0,0.1273397189957296,0.02964365105656312,0.3646398369880989,0.023246650338198033,-43.49282149179298,8.194975915850952,0.06560462503644282,0.022384859788023674,0.29903521195165605,0.003713402203195403,0.7177218120609659,0.0897893579178643,47.2,7.533923280734944,0.7363047961218858,0.05281936265539789,47.2,7.533923280734944,47.2,7.533923280734944,43.49282149179298,-67.33785811425204,7.134359135637523,8.194975915850952
margin_0p05,Safe-AC,balanced,10,0.08,0.05,0.18763791412336467,0.027250021888012538,26.578572608812237,4.458247549562131,0.004230951254051414,0.002955644085586839,7.429250609934863,1.0284944175951556,0.515859215065408,0.04073617727535108,0.5548479045025991,0.03692958493098682,-1.1818915915540589,0.10406544656833461,0.12079229252797603,0.08322110075872681,0.08866538239232896,0.0645350983478194,0.9113346176076711,0.0645350983478194,0.18763791412336467,0.027250021888012538,30.05289493289983,2.9151663825977705,1.0,0.0,1.0,0.10194622716232311,0.04532703632839915,0.3054890301807525,0.09165581876223562,-35.48857321023078,10.856051977494173,0.11785111605738781,0.07667731964117938,0.18763791412336467,0.027250021888012538,0.605993303976448,0.1253140802190296,40.5,10.471389592599447,0.6784158530052701,0.09890551106201381,40.5,10.471389592599447,40.5,10.471389592599447,35.48857321023078,-47.196210364092764,10.608736588418534,10.856051977494173
margin_0p05,Safe-AC,mild_left_weak,10,0.08,0.05,0.20569208973312453,0.03112566461548545,26.854067731146632,4.803803346145384,0.004738760887563297,0.0014562632356631931,8.74142809216914,0.7863110181923152,0.48831546942253895,0.023797451581013606,0.5621056143236497,0.03351331706287803,-1.2150352671647702,0.09956923612683187,0.135631669666014,0.04879862931018549,0.09955693342624654,0.026651791751626713,0.9004430665737535,0.026651791751626717,0.20569208973312453,0.03112566461548545,30.58488270856833,4.083744262756369,1.0,0.0,1.0,0.11807846155303783,0.02704250545840761,0.34132375939913856,0.0611449662097282,-36.738542001605076,15.462986373137081,0.135631669666014,0.04879862931018549,0.20569208973312453,0.03112566461548545,0.6934164820443641,0.10558068814407418,46.7,11.375851616472502,0.7086372906791638,0.07407544591111256,46.7,11.375851616472502,46.7,11.375851616472502,36.738542001605076,-55.839403946830416,11.026130836268852,15.462986373137081
margin_0p05,Safe-AC,severe_left_weak,10,0.08,0.05,0.19217329309266304,0.016986851451595647,28.657691212456985,4.323955538673634,0.0036212814254072178,0.0020165368393335686,8.793918644491166,1.1423177877278115,0.42400116791885234,0.03370707618634073,0.5320069034182223,0.029187256492082158,-1.2835139367912631,0.08704415100929794,0.12031545658713597,0.05062761508680878,0.08584769527002067,0.04565748535450059,0.9141523047299792,0.0456574853545006,0.19217329309266304,0.016986851451595647,28.976100262311558,2.81413711439104,1.0,0.0,1.0,0.1110031203525986,0.039657918253706154,0.310488749679799,0.04802630910280631,-39.96453576881075,10.323605785779085,0.11831545658713596,0.048351740113335755,0.19217329309266304,0.016986851451595647,0.7188846376124771,0.10414407284847135,43.0,8.729261137118078,0.7303320179043086,0.08209491704516944,43.0,8.729261137118078,43.0,8.729261137118078,39.96453576881075,-54.60109887582843,8.260662182259386,10.323605785779085
margin_0p05,AutoCurriculum,balanced,10,0.08,0.05,0.2765305186075263,0.022624766109054305,20.594592876220215,5.050707320115945,0.002613663084180274,0.002041023080905267,7.258391724715487,1.2253018332407877,0.47695101487088054,0.03733961571022994,0.56254469089986,0.021994044798349613,-1.1019849270546775,0.08554054433517592,0.06865318254645322,0.04209735077256576,0.050600099595433136,0.029998831651303983,0.9493999004045669,0.029998831651303993,0.2765305186075263,0.022624766109054305,30.236755373213356,3.5251188173134422,1.0,0.0,1.0,0.09206157252033224,0.03004564429892915,0.34518370115397956,0.04872818096431345,-39.2114042871386,10.4916617144348,0.06865318254645322,0.04209735077256576,0.2765305186075263,0.022624766109054305,0.7109952901273171,0.06590731410254688,61.1,20.75307206174546,0.7372533902700015,0.04077838338028165,61.1,20.75307206174546,61.1,20.75307206174546,39.2114042871386,-65.61339570973578,16.687625652958367,10.4916617144348
margin_0p05,AutoCurriculum,mild_left_weak,10,0.08,0.05,0.27853839047949774,0.016461488317539137,22.988057396260565,3.1297724851155686,0.004157527204841388,0.00208426807183713,7.876279939749812,0.6948318959921366,0.4607816409618593,0.021827077000440363,0.5556403223054994,0.02505088965297279,-1.1595283450351326,0.07274234501560173,0.09450276040955165,0.033726055532305906,0.06984466255084613,0.03229948213966263,0.9301553374491538,0.032299482139662626,0.27853839047949774,0.016461488317539137,30.743136668871482,3.8061217439329798,1.0,0.0,1.0,0.132938789438475,0.03492282441402852,0.3697400236748786,0.025282363212916,-39.53290180197526,14.25896406669578,0.09120163319538097,0.030718810651771115,0.27853839047949774,0.016461488317539137,0.7617629202731802,0.0677429642778799,56.3,10.266937225872184,0.751830985957227,0.04897619008042099,56.3,10.266937225872184,56.3,10.266937225872184,39.53290180197526,-64.7887246174091,9.829651799713325,14.25896406669578
margin_0p05,AutoCurriculum,severe_left_weak,10,0.08,0.05,0.28722839873458506,0.021366679956510985,23.743035347554137,3.566436245360805,0.003144448979997761,0.0009663621599915618,8.809677020585006,1.0914506083147972,0.4196712210021759,0.014545988082324188,0.5376854678237694,0.02306704713883196,-1.223865126071092,0.09355175627066406,0.07945720953889127,0.022249397097708214,0.0779079517791072,0.028327084125728992,0.9220920482208929,0.028327084125728985,0.28722839873458506,0.021366679956510985,30.43437980044565,1.5022105022238865,1.0,0.0,1.0,0.11691298198093374,0.03261728939534832,0.36668560827347624,0.035652918361398916,-55.8682491508553,13.632747261893002,0.07945720953889127,0.022249397097708214,0.28722839873458506,0.021366679956510985,0.8451744687666913,0.0817328020674539,61.9,11.396929411029973,0.8022532244351599,0.059542571874976115,61.9,11.396929411029973,61.9,11.396929411029973,55.8682491508553,-74.89486530163903,10.66191751531711,13.632747261893002
margin_0p07,LinUCB,balanced,10,0.08,0.07,0.13007191136229654,0.04428598096610861,29.47781693269542,5.86220535199007,0.00012931688804554208,0.000296457622567916,7.250845535367297,1.0843968550836014,0.5064724634978748,0.014373728853711448,0.5281126472886977,0.03686472718285851,-1.2610815291569324,0.11009229310424241,0.04953544797155772,0.029468258745685268,0.009108159392789373,0.01916038794894017,0.9908918406072107,0.01916038794894017,0.13007191136229654,0.04428598096610861,28.742908591435697,3.595081282550494,1.0,0.0,1.0,0.0,0.0,0.17960735933385424,0.03646359524298018,-40.29114272654333,14.562926242786432,0.04953544797155772,0.029468258745685268,0.13007191136229654,0.04428598096610861,0.635701156503884,0.11760530751690265,47.8,14.012851244482686,0.6883620743414081,0.07137053847315432,47.8,14.012851244482686,47.8,14.012851244482686,40.29114272654333,-58.892211666473216,12.926983682203314,14.562926242786432
margin_0p07,LinUCB,mild_left_weak,10,0.08,0.07,0.13110628339351743,0.04913928165500864,30.06988576971181,4.406962994424189,5.957446808510644e-05,0.0001787234042553193,8.579409537149287,1.1435039215792149,0.4446450502196779,0.013940984711844217,0.5139011400181726,0.02700318699659078,-1.3276602635956931,0.09188909343894833,0.028564112207729232,0.014656071349254436,0.002127659574468085,0.006382978723404255,0.997872340425532,0.0063829787234042645,0.13110628339351743,0.04913928165500864,28.978086222641785,4.420007336057684,1.0,0.0,1.0,0.0,0.0,0.15967039560124668,0.051972680380387624,-47.344382020967835,9.863240048553065,0.028564112207729232,0.014656071349254436,0.13110628339351743,0.04913928165500864,0.7101376238973491,0.06636427508046913,48.0,5.585696017507576,0.7298513749329623,0.043698806663113245,48.0,5.585696017507576,48.0,5.585696017507576,47.344382020967835,-63.30069549183874,4.950336357487773,9.863240048553065
margin_0p07,LinUCB,severe_left_weak,10,0.08,0.07,0.14700336171683362,0.03440810736957236,29.072130864109266,3.406552842357967,4.9230769230768934e-05,0.0001476923076923068,9.603358564089692,1.1142453400287728,0.4038447417845921,0.01800960938771922,0.5228297311886887,0.020042291936524254,-1.3313046590412412,0.08329318473914978,0.047370880844973276,0.02984893033567039,0.003076923076923077,0.009230769230769232,0.9969230769230769,0.009230769230769232,0.14700336171683362,0.03440810736957236,29.506387438948725,3.6099950297680907,1.0,0.0,1.0,0.0,0.0,0.19437424256180688,0.03243246501699191,-46.97896050594581,11.504407773836384,0.047370880844973276,0.02984893033567039,0.14700336171683362,0.03440810736957236,0.8037652873312414,0.0687641555922976,53.7,7.5372408744845085,0.7836374282087555,0.049362179942182276,53.7,7.5372408744845085,53.7,7.5372408744845085,46.97896050594581,-70.97860971619274,6.994963586765262,11.504407773836384
margin_0p07,Thompson,balanced,10,0.08,0.07,0.22889374047113537,0.02010465248249785,29.213350072486538,4.905217893368081,0.004132930367612915,0.0027297453591970822,7.613237081370807,1.5764129179321167,0.5184376294370361,0.03132947494197715,0.544782925602102,0.03530731844491828,-1.2353936956058569,0.08970178900964773,0.12938644982348219,0.05335793260868901,0.08680405497146793,0.05231349898429641,0.9131959450285321,0.05231349898429639,0.22889374047113537,0.02010465248249785,26.182437959744778,3.8311540418893686,1.0,0.0,1.0,0.09879104659337537,0.019968028558880562,0.35828019029461755,0.04220132697460339,-31.85205445124514,11.836484681396998,0.12938644982348219,0.05335793260868901,0.22889374047113537,0.02010465248249785,0.574213510312631,0.11564523677632921,38.3,10.266937225872184,0.6547691892221141,0.07731753605484798,38.3,10.266937225872184,38.3,10.266937225872184,31.85205445124514,-46.69566312911655,10.269375231340248,11.836484681396998
margin_0p07,Thompson,mild_left_weak,10,0.08,0.07,0.23553530545219908,0.016718130667913403,29.796321762129185,5.242621754887224,0.003940236040016953,0.00167354119018251,8.508965132624782,1.447296554161125,0.48906471208869695,0.020430695431957552,0.5375176215125992,0.03264518594103161,-1.28179041304845,0.11535200004179016,0.15106882893616017,0.06656472584892058,0.0816506564891588,0.036965338726198504,0.9183493435108412,0.03696533872619851,0.23553530545219908,0.016718130667913403,28.698208607692788,3.3847125398813565,1.0,0.0,1.0,0.13238596929852317,0.03398767018192891,0.3866041343883593,0.061135264639312764,-38.863702428888885,9.17322953399768,0.15106882893616017,0.06656472584892058,0.23553530545219908,0.016718130667913403,0.6461680015645253,0.10091951228483492,41.9,8.688498144098322,0.6928389500835824,0.06726816912340604,41.9,8.688498144098322,41.9,8.688498144098322,38.863702428888885,-52.8670822230377,7.9953942638112965,9.17322953399768
margin_0p07,Thompson,severe_left_weak,10,0.08,0.07,0.2500150808134002,0.016674308361091336,26.923356527484298,4.085607476824482,0.007184491748252249,0.003933974295373483,8.402081174614944,0.8282718936624776,0.4538372018586304,0.04430795782217154,0.5371196253048477,0.02353887220641786,-1.2478056311830594,0.07985282177463644,0.20468236327480027,0.08677751235336573,0.1139072474576676,0.054751910933980574,0.8860927525423323,0.054751910933980574,0.2500150808134002,0.016674308361091336,29.191118542637184,3.942313419569871,1.0,0.0,1.0,0.1497349329072018,0.052955979302599446,0.4499172243079806,0.09353684659568391,-42.236616228630076,8.969510878978268,0.1999021434945805,0.08907772240363032,0.2500150808134002,0.016674308361091336,0.7803072121627109,0.0935954278050427,49.7,11.773274820541648,0.7818518023439351,0.05978420917252815,49.7,11.773274820541648,49.7,11.773274820541648,42.236616228630076,-61.1732397112198,10.721551687204435,8.969510878978268
margin_0p07,PianoMPC,balanced,10,0.08,0.07,0.0038461538461538464,0.012162606385262998,38.290950674862536,1.5104262475363741,0.0022349247286146826,0.0012829594740835933,7.506096952220145,1.5282087813435747,0.505920235422941,0.027371202657733663,0.6339021429335868,0.021421180008294453,-1.1916402370884378,0.0500632117247399,0.19116219739731516,0.10853538601498725,0.08418180570707248,0.03746875184611431,0.9158181942929275,0.03746875184611431,0.0038461538461538464,0.012162606385262998,21.443726630465115,3.151009960304034,1.0,0.0,1.0,0.0,0.0,0.195008351243469,0.1046492057896718,-22.438995358800355,10.842614617778285,0.19116219739731516,0.10853538601498725,0.0038461538461538464,0.012162606385262998,0.3925290185719442,0.05884321628639333,25.3,4.290687590584987,0.48678005656370543,0.037174001605549296,25.3,4.290687590584987,25.3,4.290687590584987,22.438995358800355,-30.0133274198031,4.39669780274825,10.842614617778285
margin_0p07,PianoMPC,mild_left_weak,10,0.08,0.07,0.017334803786416688,0.02385027334246734,39.21283964035469,2.1011751436558446,0.002622419062419099,0.0018014640360268293,9.233602717857512,1.3358979038576864,0.5010420707727162,0.01956384869560516,0.6144416514048964,0.02246748233905514,-1.2855292720724891,0.07483305992273412,0.2262423955972343,0.052682336825383876,0.08785214785214786,0.051617087102112776,0.9121478521478522,0.05161708710211279,0.017334803786416688,0.02385027334246734,22.355884289622484,3.1774116377998953,1.0,0.0,1.0,0.0,0.0,0.243577199383651,0.0459467420573178,-28.888826933939992,8.537773324788933,0.2262423955972343,0.052682336825383876,0.017334803786416688,0.02385027334246734,0.4576802975058912,0.04426325741108559,27.2,4.1182520563948,0.514093228236829,0.023006190874791096,27.2,4.1182520563948,27.2,4.1182520563948,28.888826933939992,-34.73517462868342,3.7879945441562537,8.537773324788933
margin_0p07,PianoMPC,severe_left_weak,10,0.08,0.07,0.01817899491812535,0.0240197433488917,40.32279218544339,1.6162828125697728,0.0019040838172322536,0.0013611013645237703,9.00027582400613,1.1804485289519329,0.45434281599360177,0.014093718011728745,0.5768162068739813,0.021863259353604416,-1.3494752098190226,0.03780424303023865,0.21447194634451008,0.07530650543726324,0.06722384811590208,0.02515202077428268,0.932776151884098,0.025152020774282684,0.01817899491812535,0.0240197433488917,22.523580869630447,4.119670126147407,1.0,0.0,1.0,0.0,0.0,0.2326509412626354,0.06683839714959487,-25.42470185699783,5.740958561192228,0.21447194634451008,0.07530650543726324,0.01817899491812535,0.0240197433488917,0.4718109853174403,0.051763245001570424,25.8,3.9698866482558417,0.5307453158487843,0.02447816185781293,25.8,3.9698866482558417,25.8,3.9698866482558417,25.42470185699783,-34.74506026311791,4.841952160109416,5.740958561192228
margin_0p07,DQN,balanced,10,0.08,0.07,0.18957576500305343,0.07603369394575683,28.300749101823936,4.287300515051154,0.004116506353774294,0.0031413302683495803,7.583151331045438,0.9024201111948227,0.5177464628857533,0.06378811896566933,0.5468671149578236,0.03185724677978489,-1.220262382485434,0.08983456265702032,0.15579560513635335,0.07716629411971741,0.0908152016503887,0.060252668566496026,0.9091847983496113,0.060252668566496026,0.18957576500305343,0.07603369394575683,28.986487208118472,3.8512509874646965,1.0,0.0,1.0,0.11785888732097023,0.0639398638780944,0.3453713701394067,0.14014656405299972,-35.66048791372256,12.252853395005275,0.15579560513635335,0.07716629411971741,0.18957576500305343,0.07603369394575683,0.58672070516536,0.09982507436868368,39.5,7.697402159170326,0.6626303705838102,0.07350708726843087,39.5,7.697402159170326,39.5,7.697402159170326,35.66048791372256,-48.058564607242765,9.69590104773404,12.252853395005275
margin_0p07,DQN,mild_left_weak,10,0.08,0.07,0.19966282973927402,0.05419494806603447,35.28353199564443,5.091798970001697,0.003152442970878873,0.0021461930673498924,8.757223210823561,1.2681159668850073,0.45087154759730586,0.04011588390078122,0.49754503188296895,0.032884289280382166,-1.4105261685948238,0.10778635400699087,0.12734235643954778,0.07468329467163311,0.07700094608353784,0.04493572903734759,0.9229990539164621,0.04493572903734759,0.19966282973927402,0.05419494806603447,23.938390570642703,4.822728169130747,1.0,0.0,1.0,0.08453113624754988,0.03721217935621047,0.3270051861788218,0.10685466847024372,-27.365117167646797,11.090557532366702,0.12734235643954778,0.07468329467163311,0.19966282973927402,0.05419494806603447,0.5093481075323103,0.0978309882663712,30.9,7.147726911403373,0.6042467737023818,0.07386790272316557,30.9,7.147726911403373,30.9,7.147726911403373,27.365117167646797,-43.40523605341015,9.549326913561694,11.090557532366702
margin_0p07,DQN,severe_left_weak,10,0.08,0.07,0.2058200212844316,0.057035725339883304,28.72398869295993,5.097818744201156,0.0035751097758472024,0.0022411575997732885,9.295022893277741,1.1777102866846028,0.42558069212228833,0.04065792667576962,0.5364628679192198,0.0345483378078506,-1.2904534983129938,0.11520967642107889,0.1380710068769106,0.07824509335796327,0.07316986938239253,0.04429901104362061,0.9268301306176074,0.044299011043620606,0.2058200212844316,0.057035725339883304,27.29008460796725,4.274760401131223,1.0,0.0,1.0,0.09349306144812483,0.051235869492423494,0.3438910281613422,0.08867538477509546,-40.796406664875285,12.295932189547035,0.1380710068769106,0.07824509335796327,0.2058200212844316,0.057035725339883304,0.7140647718254753,0.1504638488200108,44.8,14.538225476308998,0.7318382902178727,0.09547208914538126,44.8,14.538225476308998,44.8,14.538225476308998,40.796406664875285,-56.61152664260546,15.64147982982601,12.295932189547035
margin_0p07,BayesianMAB,balanced,10,0.08,0.07,0.1701846360041054,0.03247237705165519,31.6834996072474,6.289043662773437,0.006728403281169989,0.005313955172237009,7.5719126395232905,1.5015599890604379,0.5094935793742168,0.06938864077517987,0.5398111852615053,0.030690018924886958,-1.2656577071590094,0.1287323844039249,0.19198742325293666,0.11755866480722421,0.11382123727297655,0.06462970759109846,0.8861787627270236,0.06462970759109846,0.1701846360041054,0.03247237705165519,26.736713058260186,3.2607756701379618,1.0,0.0,1.0,0.10521612236554274,0.043739630616603166,0.362172059257042,0.13186299762015896,-25.682554568518327,9.039744506821723,0.19198742325293666,0.11755866480722421,0.1701846360041054,0.03247237705165519,0.47647847514707636,0.12785005168104355,30.7,8.025584090893322,0.577290702774252,0.09888095198402858,30.7,8.025584090893322,30.7,8.025584090893322,25.682554568518327,-38.007371620175384,7.01730252441693,9.039744506821723
margin_0p07,BayesianMAB,mild_left_weak,10,0.08,0.07,0.15364876108584288,0.06797701224630412,31.17437127099518,4.3457367512049805,0.005227611087188387,0.002970676304178359,8.224540935419956,0.9723810259607558,0.45076976667055274,0.0971622716670446,0.5366474568459461,0.04716078031484854,-1.2842996151677402,0.12137542874709177,0.16361962853773498,0.10791845913896528,0.09684739960706204,0.06031631969161562,0.9031526003929381,0.06031631969161563,0.15364876108584288,0.06797701224630412,26.286858162532734,4.387958972622556,1.0,0.0,1.0,0.08566992959657496,0.057941769560298964,0.3147683896235779,0.1637206107119696,-33.35544122128313,10.36290636979214,0.16111962853773498,0.10464810123734976,0.15364876108584288,0.06797701224630412,0.5528816220438372,0.1464361833319451,33.8,8.761278445523804,0.6340412033988331,0.10241694007562371,33.8,8.761278445523804,33.8,8.761278445523804,33.35544122128313,-42.634709014561494,9.085975786880507,10.36290636979214
margin_0p07,BayesianMAB,severe_left_weak,10,0.08,0.07,0.12231331217811411,0.049611541094063245,28.2746600077263,5.113604584580599,0.003780179051546391,0.003272257298418077,9.678251340999482,1.665654308433956,0.3609047659535082,0.06675033782706101,0.5242980221982879,0.04639336541835418,-1.3110443420164652,0.08821241692920401,0.14372980952979209,0.07213104993398652,0.06710455913987945,0.047173256330696016,0.9328954408601206,0.047173256330696016,0.12231331217811411,0.049611541094063245,25.1136339219664,4.659896347916877,1.0,0.0,1.0,0.062250153798309914,0.03821299491260666,0.2613919589172085,0.10162558423781948,-34.11092048417034,11.252115270174238,0.1390786467390944,0.0652742604218434,0.12231331217811411,0.049611541094063245,0.648072111269353,0.08839667429607731,39.3,8.1,0.6925382889166476,0.06901418147910635,39.3,8.1,39.3,8.1,34.11092048417034,-51.04877587969634,8.641358754234329,11.252115270174238
margin_0p07,CCB-DF,balanced,10,0.08,0.07,0.28389905124912324,0.00845783832426879,29.488064392191937,3.7802561263203547,0.0037653374498554633,0.0028380467608032345,8.161839559128214,1.0605928688814306,0.5098291642543592,0.026662517143596895,0.4995069087793711,0.03366648811746559,-1.329297252153708,0.10066319196298908,0.11722479793956134,0.07649542061163772,0.06793730583672453,0.03432387348555127,0.9320626941632755,0.03432387348555127,0.28389905124912324,0.00845783832426879,27.289514556343484,2.99426622579558,1.0,0.0,1.0,0.10422114619782072,0.039848109114809724,0.39661523723326403,0.06658576411762034,-41.60078120337191,12.001621213567837,0.11271618598414086,0.07019349319956933,0.28389905124912324,0.00845783832426879,0.6046239577799227,0.08353908977730352,41.9,7.300000000000001,0.6824135609597615,0.05447932156761251,41.9,7.300000000000001,41.9,7.300000000000001,41.60078120337191,-55.249931073325534,7.877132536931797,12.001621213567837
margin_0p07,CCB-DF,mild_left_weak,10,0.08,0.07,0.2918013936907427,0.006074085404004857,29.360622296175073,4.164469629964396,0.0030452924085974586,0.002056749900854902,8.113233903335344,1.075391755365074,0.4732159226713885,0.02231123654838903,0.5038283249305151,0.045016000683899514,-1.3224407269703653,0.11927435104633444,0.120375020216458,0.06011918674382738,0.08251091094871323,0.0370103208661498,0.9174890890512868,0.03701032086614978,0.2918013936907427,0.006074085404004857,29.128781012100298,3.723332033331157,1.0,0.0,1.0,0.14022853141136707,0.04235079634637882,0.4121764139072007,0.05814310790927487,-43.40952993351238,13.455822023049263,0.120375020216458,0.06011918674382738,0.2918013936907427,0.006074085404004857,0.6784928362298086,0.09399982656659163,48.1,9.924212815130478,0.706322201466417,0.057421879355578596,48.1,9.924212815130478,48.1,9.924212815130478,43.40952993351238,-62.57788440648021,8.661254542594111,13.455822023049263
margin_0p07,CCB-DF,severe_left_weak,10,0.08,0.07,0.3007066387568017,0.007436804102930547,31.626268804709724,3.5544474415743545,0.0038073131886854836,0.0013098700896086604,9.204379441724592,0.9951492881052693,0.42443187861471826,0.015168529237555994,0.48311870814311453,0.029333708852048015,-1.4133091860621678,0.10038485460295302,0.11085181404241588,0.0321230064124983,0.08932038487463283,0.027531194535883725,0.9106796151253672,0.02753119453588372,0.3007066387568017,0.007436804102930547,26.740561685025277,4.024219218423685,1.0,0.0,1.0,0.12458004468136215,0.028938787355464703,0.4092328714038687,0.034390398630329104,-45.224810407515136,7.6402134538526925,0.10852623264706707,0.030622506608801923,0.3007066387568017,0.007436804102930547,0.7349742922524637,0.09036880941088835,48.2,7.756287771866127,0.7419074675868552,0.05234925852433951,48.2,7.756287771866127,48.2,7.756287771866127,45.224810407515136,-67.39495749949984,7.112627749633675,7.6402134538526925
margin_0p07,Safe-AC,balanced,10,0.08,0.07,0.19223052216855058,0.025566076880622568,27.417493614066245,5.324983600529671,0.004597017787659189,0.0022498000744271694,7.516606708580033,0.859331554914056,0.4987170264661807,0.039567323130435025,0.5454407197498233,0.04062270378248107,-1.2088649347323546,0.12618029871514824,0.13410037125255575,0.06618326947438424,0.07673340688855718,0.031726362539174865,0.9232665931114428,0.031726362539174865,0.19223052216855058,0.025566076880622568,28.042092127292314,3.18753494360792,1.0,0.0,1.0,0.09774811536198813,0.036857605362592624,0.32362819071840365,0.07576300633820023,-33.783071454273184,11.488317775894387,0.12895864415960914,0.060366002106646124,0.19223052216855058,0.025566076880622568,0.5791427761006538,0.11496337713275445,38.8,9.378699270154684,0.653783672993187,0.08827303451261041,38.8,9.378699270154684,38.8,9.378699270154684,33.783071454273184,-45.8800126343261,7.618311022067532,11.488317775894387
margin_0p07,Safe-AC,mild_left_weak,10,0.08,0.07,0.206126547957455,0.03433606682030991,27.05067085233651,4.210071847456333,0.004600968783611563,0.0031134123394508987,8.859418611514805,1.0492362684190049,0.4750191804746621,0.03466160864397196,0.5579624477356194,0.025809768602870375,-1.2259434551381383,0.08010841268142485,0.15853128902121064,0.06481152242859686,0.08759077708405816,0.04550847996288235,0.9124092229159417,0.04550847996288234,0.206126547957455,0.03433606682030991,29.589462694185794,3.4751471569707424,1.0,0.0,1.0,0.10782512363419419,0.039115887812890174,0.3606783255523457,0.08804850073696896,-34.67077860619399,13.519106658284986,0.15455177759489067,0.06187905252432127,0.206126547957455,0.03433606682030991,0.6857691748394447,0.0992659175058606,44.7,9.889893831583837,0.7132577540432292,0.07138787397467086,44.7,9.889893831583837,44.7,9.889893831583837,34.67077860619399,-54.22112048176829,10.022743348451373,13.519106658284986
margin_0p07,Safe-AC,severe_left_weak,10,0.08,0.07,0.21342086338767166,0.023525847270758852,28.62901557734157,5.8905484562462656,0.004906831330726641,0.003124849852081549,8.986684629032055,0.7619387233325591,0.43955866984231895,0.041329768580772176,0.5270915488843528,0.047386595648858124,-1.2976793112036604,0.14598693339449448,0.1802331404352428,0.05810037456555758,0.10151514839163338,0.05016178810092755,0.8984848516083666,0.050161788100927536,0.21342086338767166,0.023525847270758852,27.088578558710005,3.5948954330250804,1.0,0.0,1.0,0.1429112138531463,0.03315917700217912,0.3896540038229145,0.060594355795457994,-40.751507956650485,8.426266448143535,0.1762331404352428,0.04788821817146706,0.21342086338767166,0.023525847270758852,0.7221169252401691,0.13451753501654704,46.0,14.042791745233567,0.7273974388704012,0.08875971273640816,46.0,14.042791745233567,46.0,14.042791745233567,40.751507956650485,-57.775179739249836,11.241046002378658,8.426266448143535
margin_0p07,AutoCurriculum,balanced,10,0.08,0.07,0.27256738187225765,0.026589696886986945,20.79179636759408,4.249008803663016,0.0027054893389356284,0.002046081930667456,7.336724379731898,1.1752669968761,0.4719480607342975,0.03255802158660592,0.5614491079300471,0.02074441799297574,-1.1073567193530827,0.07917698688010308,0.09409914648527129,0.041816448106029226,0.054710476958520035,0.02990567937831725,0.94528952304148,0.02990567937831725,0.27256738187225765,0.026589696886986945,28.597170475933314,3.4846915023581277,1.0,0.0,1.0,0.11625730871299438,0.03189881610488524,0.3666665283575289,0.04744184850886045,-37.00945277791735,11.581292664119083,0.09409914648527129,0.041816448106029226,0.27256738187225765,0.026589696886986945,0.7071141129463718,0.06925087392644398,57.9,18.517289218457435,0.7408730719679852,0.041250428220667996,57.9,18.517289218457435,57.9,18.517289218457435,37.00945277791735,-62.81058289038865,15.235382144806916,11.581292664119083
margin_0p07,AutoCurriculum,mild_left_weak,10,0.08,0.07,0.28312225761669046,0.020381094409404787,22.3614044740714,2.8992557698013126,0.004674258596738666,0.001805889954784988,7.983299454113718,0.6587715672568425,0.4533973081049506,0.02541803829195664,0.5563770651142106,0.012028578969821162,-1.1541569832473006,0.0484082866604853,0.11224795438596964,0.03281704834952788,0.08376059492352404,0.030148782449680663,0.9162394050764758,0.030148782449680663,0.28312225761669046,0.020381094409404787,30.578171140060977,2.9323932575100122,1.0,0.0,1.0,0.13384939380534078,0.030853684030065297,0.39314798978043786,0.0338082363573505,-41.353118007057915,13.508455209287193,0.11002573216374742,0.030207228957500814,0.28312225761669046,0.020381094409404787,0.7764888624310775,0.06924864792304382,58.7,12.157713600837948,0.7604269083049422,0.05446339920647798,58.7,12.157713600837948,58.7,12.157713600837948,41.353118007057915,-67.41985008624815,12.677670121580531,13.508455209287193
margin_0p07,AutoCurriculum,severe_left_weak,10,0.08,0.07,0.27540386958195756,0.023669983230321545,25.948741092668946,4.116497991279365,0.0036915231645614755,0.0014839630860500493,8.885993990105998,0.7487917357345016,0.40689191023452953,0.017638983493187585,0.5238386193461679,0.023754045625438664,-1.2713959247224238,0.08298151796458131,0.1139144288361631,0.03057193260445604,0.06849953977534434,0.017474555380603676,0.9315004602246557,0.01747455538060369,0.27540386958195756,0.023669983230321545,29.818066362177877,2.7586629840022425,1.0,0.0,1.0,0.11223710134246187,0.03416775380026601,0.3893182984181207,0.040024349507450596,-47.73216866249003,10.654485516443831,0.1139144288361631,0.03057193260445604,0.27540386958195756,0.023669983230321545,0.790486411769648,0.07502380774102844,52.9,12.988071450373223,0.7809537928194044,0.040713917774323975,52.9,12.988071450373223,52.9,12.988071450373223,47.73216866249003,-66.38920521128445,12.535468277783906,10.654485516443831
margin_0p10,LinUCB,balanced,10,0.08,0.1,0.1514927810165289,0.03831953562243064,30.433784075975723,4.180314110183686,0.00017490740740740807,0.0003336666157916142,7.307943368019006,0.9910402800627744,0.47958954142885907,0.021966115786270404,0.5227423165479417,0.02804186911850637,-1.281675666031538,0.11030331444076058,0.10669414560115094,0.046678057742718555,0.012129629629629629,0.0226594714433178,0.9878703703703703,0.022659471443317807,0.1514927810165289,0.03831953562243064,28.35073925183604,3.6868782495993093,1.0,0.0,1.0,0.0,0.0,0.25818692661767983,0.03184528703999051,-36.94909331243632,7.272485255811816,0.10669414560115094,0.046678057742718555,0.1514927810165289,0.03831953562243064,0.6145392186328926,0.10234515033962528,44.0,9.412757300600074,0.6709109608308063,0.06445390801329151,44.0,9.412757300600074,44.0,9.412757300600074,36.94909331243632,-55.4411672221248,8.470050214567621,7.272485255811816
margin_0p10,LinUCB,mild_left_weak,10,0.08,0.1,0.15298120894846073,0.04796731651807294,30.306443137985905,2.690937997310286,0.0002041063331870697,0.0004250248541267034,8.55154872371276,1.240581660270873,0.43389653935996203,0.01705881223828515,0.5135205650289525,0.02156144778609113,-1.3298020449162646,0.0834873605569082,0.10617501441779612,0.046661967841080426,0.00976792940373458,0.017404386698094115,0.9902320705962653,0.017404386698094125,0.15298120894846073,0.04796731651807294,28.195579396743273,3.690022232301346,1.0,0.0,1.0,0.0,0.0,0.2591562233662569,0.05320818611959491,-43.38810751841525,9.090215955611104,0.10617501441779612,0.046661967841080426,0.15298120894846073,0.04796731651807294,0.6947207556359576,0.06651379063487396,46.5,7.130918594402828,0.7238002861025736,0.04652550873651349,46.5,7.130918594402828,46.5,7.130918594402828,43.38810751841525,-61.39520435617766,6.98472862385483,9.090215955611104
margin_0p10,LinUCB,severe_left_weak,10,0.08,0.1,0.14319937960148046,0.035586118688487905,32.167179297491984,3.5574601198315627,0.0001320707070707072,0.000272006271984261,9.623022970460614,1.2304232172728746,0.38885572977569394,0.019994994002970837,0.4982561624640828,0.026532823520830442,-1.4055601522949466,0.09605399637753237,0.11778962774629868,0.06735134721845079,0.005808080808080808,0.011629877716837832,0.9941919191919192,0.01162987771683783,0.14319937960148046,0.035586118688487905,27.487734387595037,3.600569639420903,1.0,0.0,1.0,0.0,0.0,0.26098900734777913,0.045882217943438865,-40.24555924710821,11.640736917592484,0.11778962774629868,0.06735134721845079,0.14319937960148046,0.035586118688487905,0.7228874717321869,0.10615569891911436,45.7,8.626123115281858,0.7292107888732907,0.07255832285635003,45.7,8.626123115281858,45.7,8.626123115281858,40.24555924710821,-63.48977697587401,8.31553041892691,11.640736917592484
margin_0p10,Thompson,balanced,10,0.08,0.1,0.23211339493545818,0.020491015996083047,29.923594478037064,4.392482882274709,0.0034376895737675967,0.0025969621523580953,7.478942392211936,1.3990976655516183,0.512486754367137,0.04281872281984836,0.5484133376602007,0.02894342935122671,-1.236005184486697,0.10295987886086007,0.18197533440533262,0.08058993919110251,0.07331073614972108,0.04150798917223432,0.9266892638502788,0.04150798917223433,0.23211339493545818,0.020491015996083047,25.452480205804143,3.801668626027695,1.0,0.0,1.0,0.10775917297369805,0.0446837732374925,0.4140887293407908,0.0813624865718926,-32.00539868056212,9.309759632789602,0.18197533440533262,0.08058993919110251,0.23211339493545818,0.020491015996083047,0.5779421864800354,0.10697110544728404,39.1,8.870738413458035,0.6518993115072046,0.07242170207480005,39.1,8.870738413458035,39.1,8.870738413458035,32.00539868056212,-47.59611644190443,8.285581248338742,9.309759632789602
margin_0p10,Thompson,mild_left_weak,10,0.08,0.1,0.23403537939660596,0.019778385803985242,33.027188812823525,4.6787290807632695,0.00392046220005184,0.001798815458864945,8.663470392315968,1.7565959723665932,0.4700465787702412,0.017219379206666902,0.5178743059141622,0.03175965757376492,-1.3528278170492374,0.11945553216689891,0.2061580716633855,0.04407950144822788,0.09481840904172358,0.03526501250766324,0.9051815909582764,0.03526501250766326,0.23403537939660596,0.019778385803985242,27.973188455060146,2.885852307146842,1.0,0.0,1.0,0.11965188738959806,0.036521798663393605,0.4372522745894032,0.0456910398035745,-32.30560067309939,9.866708049961774,0.2032168951927973,0.04288444898957941,0.23403537939660596,0.019778385803985242,0.5690320598785807,0.10606004119848343,35.5,8.040522371090077,0.6361639601063114,0.06978059941880624,35.5,8.040522371090077,35.5,8.040522371090077,32.30560067309939,-47.29011368329408,7.439006404686689,9.866708049961774
margin_0p10,Thompson,severe_left_weak,10,0.08,0.1,0.2478340376170854,0.019776501162893177,28.785052258376236,5.316290714511911,0.006928545543962073,0.003771337671403013,8.595977710331407,0.7216687818285628,0.44997370895412087,0.027849200132754222,0.5286895539980143,0.041520270826184175,-1.2886726805492534,0.11914780767737515,0.22138637787485488,0.05865450729966388,0.12275093606013723,0.04785446103831469,0.8772490639398628,0.04785446103831469,0.2478340376170854,0.019776501162893177,28.790467866465246,4.110143681523659,1.0,0.0,1.0,0.14866770902626067,0.04790899976982139,0.4615047977763226,0.04797296679762332,-38.96704441547835,9.751330484472444,0.21367076015923714,0.049501407664880696,0.2478340376170854,0.019776501162893177,0.7445972607156797,0.10908791130988224,47.1,11.308846094982458,0.7504046304716013,0.06044103786604468,47.1,11.308846094982458,47.1,11.308846094982458,38.96704441547835,-59.399594733024706,9.367900535393234,9.751330484472444
margin_0p10,PianoMPC,balanced,10,0.08,0.1,0.019576816552623003,0.02638781435633998,38.62557778942842,1.8594486516020328,0.001804905420615005,0.0014120313678011927,7.442777230061691,1.5627130208952769,0.4932123244956636,0.033020280720798316,0.6341699879202798,0.021301615575529655,-1.1930079929709103,0.05531150080535847,0.24378798707341393,0.09528180762729467,0.07499105209689022,0.04846537122267919,0.9250089479031098,0.0484653712226792,0.019576816552623003,0.02638781435633998,20.91144921161352,2.98690364066563,1.0,0.0,1.0,0.0,0.0,0.2633648036260369,0.088330250267062,-22.392122614535186,11.509723840292194,0.24084681060282565,0.09501794454330915,0.019576816552623003,0.02638781435633998,0.3853888146995524,0.07267016413193444,25.3,5.441507144165117,0.48274975002663273,0.040929263908789225,25.3,5.441507144165117,25.3,5.441507144165117,22.392122614535186,-29.966425024562795,5.502712246417642,11.509723840292194
margin_0p10,PianoMPC,mild_left_weak,10,0.08,0.1,0.03288627636453723,0.03450103357269899,39.261157718574914,1.8053560203107495,0.0017862712426527528,0.0011119286139727636,9.148170339132374,1.537444890840817,0.47860789147998145,0.023021461968149574,0.6086421373587227,0.018417936799481012,-1.2911930863028576,0.06545031415511408,0.266220445182577,0.0896664742865072,0.06097948594442282,0.02888846932083633,0.9390205140555773,0.02888846932083636,0.03288627636453723,0.03450103357269899,22.491231492494197,3.3250544172405445,1.0,0.0,1.0,0.0,0.0,0.29910672154711426,0.06855375967785743,-28.07525683260106,8.515959438059399,0.266220445182577,0.0896664742865072,0.03288627636453723,0.03450103357269899,0.44462444251295324,0.03348259020880358,26.1,2.3,0.5085415530135334,0.024969691429550293,26.1,2.3,26.1,2.3,28.07525683260106,-33.65964131748336,2.964113714551889,8.515959438059399
margin_0p10,PianoMPC,severe_left_weak,10,0.08,0.1,0.004545454545454545,0.014373989364401724,40.73569492038125,2.538011799247205,0.002484631589825797,0.0015043996092791482,8.696837392622559,1.0138122227749076,0.46450731936665896,0.018403071704225255,0.5746921639067029,0.01948951984785517,-1.3485845377893517,0.04216262337853353,0.3154828093866206,0.07822945765534063,0.07919736887431987,0.03240227878092222,0.9208026311256802,0.032402278780922215,0.004545454545454545,0.014373989364401724,21.900854093262453,5.6842794973933515,1.0,0.0,1.0,0.0,0.0,0.3200282639320752,0.0705429788290806,-25.28405483739379,7.257523866762038,0.3114828093866206,0.07435444928506539,0.004545454545454545,0.014373989364401724,0.46392794269343895,0.06456347956223629,25.1,4.323193264243458,0.5285719528830735,0.036308109194200064,25.1,4.323193264243458,25.1,4.323193264243458,25.28405483739379,-33.72757438904425,4.989316796270511,7.257523866762038
margin_0p10,DQN,balanced,10,0.08,0.1,0.20025485411101424,0.06310659498560302,27.12200931573151,7.353528178745775,0.004543219802515981,0.002814433039221172,7.648537440988164,0.8672054340062296,0.5107708102287983,0.06009658005461163,0.5481171391050819,0.050422308166307876,-1.2061375621907806,0.16078964008828942,0.19198248660238254,0.11341588695218938,0.11074220560969834,0.061360799882385755,0.8892577943903015,0.061360799882385755,0.20025485411101424,0.06310659498560302,28.46751847349545,4.620407000159739,1.0,0.0,1.0,0.11696240083421494,0.05000106726336914,0.38855241846863675,0.15708058201882616,-35.74305386568078,15.880346892272962,0.18829756435762257,0.11092961238276679,0.20025485411101424,0.06310659498560302,0.5968630116646441,0.14169478678611153,42.1,13.52368293032634,0.6591023091635166,0.09555335542939565,42.1,13.52368293032634,42.1,13.52368293032634,35.74305386568078,-49.21567368034225,11.78799597300015,15.880346892272962
margin_0p10,DQN,mild_left_weak,10,0.08,0.1,0.20886449366852022,0.03850007679363306,30.834936599390282,5.892219191473148,0.006487646742015985,0.004958824376705522,8.996554069893893,1.3861881098281077,0.49788439956480224,0.050839694954897305,0.5318790982617387,0.03380448087861489,-1.315593264103642,0.13015753786752599,0.2867990948629201,0.11999567137622011,0.13627151605840832,0.07640735015447393,0.8637284839415915,0.07640735015447392,0.20886449366852022,0.03850007679363306,29.463458568324246,4.283685534514516,1.0,0.0,1.0,0.12994176246478667,0.04706019818979375,0.4891761318887042,0.12908180060428603,-37.92203259209775,17.947675229476697,0.2803116382201839,0.1164350118894768,0.20886449366852022,0.03850007679363306,0.6324388357582065,0.13176240665669708,41.3,14.533065746772083,0.6865447666949546,0.08824423156218966,41.3,14.533065746772083,41.3,14.533065746772083,37.92203259209775,-53.22384042192526,15.217072315670197,17.947675229476697
margin_0p10,DQN,severe_left_weak,10,0.08,0.1,0.19758731018207654,0.057752074156894345,31.82300446512511,6.467937735621294,0.005542056824429363,0.003642833433541257,9.299471469323844,1.1573763210622963,0.43435548586626493,0.04542654959409485,0.5181242674100416,0.027513361385026525,-1.3548534204081948,0.11401344023838789,0.2330939455331103,0.1203005172741762,0.11716930865743327,0.06383292763538422,0.8828306913425668,0.06383292763538423,0.19758731018207654,0.057752074156894345,27.171305355437823,5.20568606844875,1.0,0.0,1.0,0.1060453480861748,0.056842902778395474,0.4245142727929857,0.14288954601854148,-33.846446592032024,9.218175765927288,0.22692696261090922,0.11258953039036877,0.19758731018207654,0.057752074156894345,0.6410342906344306,0.14620021988419923,38.5,14.186260959111108,0.6920516342859294,0.1005186495219368,38.5,14.186260959111108,38.5,14.186260959111108,33.846446592032024,-50.89602748438765,14.666897383142611,9.218175765927288
margin_0p10,BayesianMAB,balanced,10,0.08,0.1,0.16221055114815905,0.01814928755882879,31.01268079380303,6.576441859735052,0.003969926027079101,0.004181806351312688,7.658331062208444,1.4815359563491914,0.4756107374599421,0.07520497548645382,0.5516643930188339,0.03542357676806927,-1.2406387822124523,0.12506399383942554,0.18205695658689708,0.13767630437087053,0.07068740840559078,0.058125238596949576,0.9293125915944092,0.05812523859694957,0.16221055114815905,0.01814928755882879,24.938902930997358,2.577600841845709,1.0,0.0,1.0,0.07766627243648075,0.04528727670267966,0.33876155535410374,0.14351055934862153,-27.151502405736938,10.605933537094911,0.1765510042059447,0.13089829935972722,0.16221055114815905,0.01814928755882879,0.48907750852288945,0.1260945221278377,31.3,7.576938695805847,0.5929841013613968,0.10255300377566592,31.3,7.576938695805847,31.3,7.576938695805847,27.151502405736938,-38.04610423793535,6.785226337317244,10.605933537094911
margin_0p10,BayesianMAB,mild_left_weak,10,0.08,0.1,0.15571379558385207,0.06577951921869235,30.50837413458786,4.367296149811055,0.005234019007687497,0.0037065106261175208,8.275447816606912,0.8849289328810259,0.4439130231428302,0.09821761331819731,0.5423492183297381,0.044913123518311546,-1.2700963265020566,0.12309522147993171,0.2112369593974932,0.11896909513097795,0.09256948161265588,0.062370303160903,0.9074305183873441,0.062370303160903,0.15571379558385207,0.06577951921869235,27.03120857255226,4.652119620150982,1.0,0.0,1.0,0.09167407177074578,0.06136423291649582,0.3625041146651397,0.16988431976208418,-34.527732541128145,10.305892871522454,0.20679031908128764,0.11494600733401546,0.15571379558385207,0.06577951921869235,0.5693010985962463,0.14329594354604558,35.6,9.76933979345585,0.6496066629046594,0.09405567215388559,35.6,9.76933979345585,35.6,9.76933979345585,34.527732541128145,-44.34006807906381,9.978240476756024,10.305892871522454
margin_0p10,BayesianMAB,severe_left_weak,10,0.08,0.1,0.1292331683243556,0.055054516631138924,27.668150317526376,5.209418126146476,0.003578059069185144,0.0032711316059289655,9.547429787865005,1.5823064165966574,0.36785968143379405,0.083185040881496,0.5257975770173628,0.049179559447027454,-1.2981315624063448,0.09498590094399087,0.19373323943397383,0.13158502347414472,0.08095336770367371,0.05858051485229711,0.9190466322963262,0.058580514852297115,0.1292331683243556,0.055054516631138924,26.38495236513726,4.50222047231171,1.0,0.0,1.0,0.07958312147418636,0.04843939432920199,0.3147438163962032,0.1575816887249536,-34.5619273383762,11.971127329176761,0.18551064807184758,0.12038965325374958,0.1292331683243556,0.055054516631138924,0.6625760058637971,0.1065016971525543,40.8,9.4424573072903,0.6982276781486518,0.07446584599672365,40.8,9.4424573072903,40.8,9.4424573072903,34.5619273383762,-52.35455453562612,9.928104615716967,11.971127329176761
margin_0p10,CCB-DF,balanced,10,0.08,0.1,0.2879120335840932,0.006514307488144118,29.930747448532777,4.747717164945458,0.0034330758623823247,0.002794074675909521,8.146143656451425,0.9202174593708667,0.49920269911598963,0.03466192235244455,0.500332266302649,0.03597272628896773,-1.332730264036804,0.10706982355414468,0.16056718196097863,0.08870646701631381,0.07552028791473829,0.04131845939629885,0.9244797120852617,0.041318459396298864,0.2879120335840932,0.006514307488144118,26.6711124918606,4.3274051475812705,1.0,0.0,1.0,0.12581197254810847,0.04204683310064964,0.4432124576791347,0.0797493202144365,-41.755134254735005,9.75880925327543,0.15530042409504158,0.08374713827310593,0.2879120335840932,0.006514307488144118,0.595819542578398,0.11724958879815768,42.3,10.218121158021175,0.6617473873003651,0.08032283253525295,42.3,10.218121158021175,42.3,10.218121158021175,41.755134254735005,-55.5106550632229,10.377390613248977,9.75880925327543
margin_0p10,CCB-DF,mild_left_weak,10,0.08,0.1,0.2925574169962598,0.004993505396446498,29.057837411906576,4.32877683073752,0.004805705909244869,0.002262507081922446,8.090697435189087,0.9506290815400099,0.4760427763524069,0.015479584734011915,0.5083194801576876,0.03855839214562231,-1.3122969086103768,0.09977166171271798,0.19966658942930404,0.03661923250053749,0.10328436001810641,0.023368605621244806,0.8967156399818936,0.023368605621244806,0.2925574169962598,0.004993505396446498,30.28509068690438,2.3486458300809376,1.0,0.0,1.0,0.15728797773593894,0.03141790773652254,0.48115608219952366,0.027744731769913548,-46.06059504614247,11.66241115331228,0.1885986652032638,0.02887393679808614,0.2925574169962598,0.004993505396446498,0.696228366430942,0.07510141178067464,49.3,8.854942122905152,0.722682825693808,0.03985904981026554,49.3,8.854942122905152,49.3,8.854942122905152,46.06059504614247,-63.90407132660457,7.698557090571707,11.66241115331228
margin_0p10,CCB-DF,severe_left_weak,10,0.08,0.1,0.2969640544775419,0.007697851225441495,31.426381330220398,6.1556592194655595,0.004364069294746192,0.0028802810808000296,9.324437299976845,0.9265466204298772,0.41858672461549346,0.027455609073118736,0.49089988438969306,0.04824767835316054,-1.402910346900294,0.14855869831657142,0.14873742672542795,0.061428969876120385,0.0920731061287132,0.03519543743421507,0.9079268938712868,0.03519543743421506,0.2969640544775419,0.007697851225441495,26.87798846539194,6.1771998849739855,1.0,0.0,1.0,0.13153609211948694,0.032588416003597936,0.4419506658083188,0.0586608081896701,-47.48289850090025,14.176669755261358,0.14498661133077695,0.06047753053302257,0.2969640544775419,0.007697851225441495,0.7352712871396963,0.13413228095235027,50.9,13.678084661238211,0.7374051454686974,0.08318083925078743,50.9,13.678084661238211,50.9,13.678084661238211,47.48289850090025,-69.43186159788529,12.00561042731158,14.176669755261358
margin_0p10,Safe-AC,balanced,10,0.08,0.1,0.19308498809024882,0.026045049824480998,26.985117043776786,3.7268455135817327,0.005977118553889339,0.004423357484208337,7.3425772588244245,0.9944559316545241,0.49964037416001467,0.06434640738572227,0.5471278054326578,0.03730402890660057,-1.1952984708879348,0.08893489159073009,0.21899674713854295,0.11405132020348832,0.12561391902750316,0.07426183317110445,0.8743860809724968,0.07426183317110446,0.19308498809024882,0.026045049824480998,28.913362754123774,3.3072430734663683,1.0,0.0,1.0,0.09551410391558152,0.061929104638241556,0.4018647636074618,0.11629508918882805,-34.54763299910052,13.199699802329551,0.20655755329499076,0.09962343799883867,0.19308498809024882,0.026045049824480998,0.5802076197451919,0.1333554194312166,38.6,10.753604047016053,0.6582298170765939,0.10614409165222007,38.6,10.753604047016053,38.6,10.753604047016053,34.54763299910052,-45.63509259674903,11.831931547790125,13.199699802329551
margin_0p10,Safe-AC,mild_left_weak,10,0.08,0.1,0.194941261218351,0.03913431048443951,27.994708022918054,3.3808062542149884,0.005618511818558259,0.002514350480321836,8.642653327836776,0.7128103118109896,0.4678284257039249,0.04456662743076844,0.5536639416645259,0.02717418938853988,-1.2377531228806138,0.07212558691572181,0.2171465151147814,0.10343009345963543,0.10574128367472022,0.04993906752825686,0.8942587163252798,0.04993906752825686,0.194941261218351,0.03913431048443951,27.879252563571633,3.5506973351167552,1.0,0.0,1.0,0.10085149510072111,0.03651358667744827,0.3947876827172493,0.09774411883090807,-32.281934143246644,11.589053356705104,0.19984642149889828,0.09309904672791758,0.194941261218351,0.03913431048443951,0.6643378118658475,0.07941559159367365,41.6,6.770524351924302,0.7031766396433701,0.05625148719177308,41.6,6.770524351924302,41.6,6.770524351924302,32.281934143246644,-51.15972238200969,6.6672818955880055,11.589053356705104
margin_0p10,Safe-AC,severe_left_weak,10,0.08,0.1,0.2042168759189516,0.023009434437061462,30.017524930104326,5.6500423078557,0.004812071137448492,0.002587093418757169,8.778834662292057,1.0997506645936663,0.42274748425069486,0.046252220742343975,0.5182740177919815,0.03945230456397562,-1.3210803123516583,0.12698824715705084,0.21072195525661602,0.07834285133315813,0.09152854221154501,0.04132961254897721,0.9084714577884551,0.041329612548977226,0.2042168759189516,0.023009434437061462,26.55456835739188,4.096162350827749,1.0,0.0,1.0,0.11694623174979409,0.028642915492202173,0.4134682429402735,0.08661052923706354,-37.00465445416614,9.915009097305932,0.20692578562597305,0.07800441632225101,0.2042168759189516,0.023009434437061462,0.6839371264900095,0.130579949215838,41.8,11.754148203932091,0.7087749445958477,0.08903811739951835,41.8,11.754148203932091,41.8,11.754148203932091,37.00465445416614,-53.88056704593229,10.175767817659876,9.915009097305932
margin_0p10,AutoCurriculum,balanced,10,0.08,0.1,0.26236510857239287,0.02880973648332258,22.15271492772161,3.6800147731122763,0.0028945466213628813,0.0017151643815829958,7.411363062572718,1.0615803836837974,0.45469001115209406,0.046902674620781404,0.5542635797549805,0.014915418639785528,-1.1347075140504799,0.06786389926789677,0.12024545617651232,0.04654194534736564,0.05499099557068772,0.02922937564556208,0.9450090044293123,0.02922937564556207,0.26236510857239287,0.02880973648332258,28.487993916595762,3.806733205664523,1.0,0.0,1.0,0.11382395245420245,0.05478224172132627,0.38143409416066987,0.054230347241831754,-32.58352085413058,13.294126308159282,0.11906898558827703,0.04610067137105314,0.26236510857239287,0.02880973648332258,0.6721871708392301,0.08129073928426797,51.4,15.114231703927262,0.7134390857429935,0.05905801224398603,51.4,15.114231703927262,51.4,15.114231703927262,32.58352085413058,-57.38696371318159,13.36860349340383,13.294126308159282
margin_0p10,AutoCurriculum,mild_left_weak,10,0.08,0.1,0.26924716301168783,0.038911867475429955,23.833991189970753,4.930207937685529,0.004814934527924345,0.002552426497471422,7.993949986511235,0.7337897114715416,0.42973940481661027,0.026674345075938924,0.5488319007957937,0.014909839733205595,-1.1807824938211815,0.07357246267174801,0.14820309465638815,0.04394553646604996,0.08231083598996,0.02742644831360449,0.9176891640100399,0.027426448313604503,0.26924716301168783,0.038911867475429955,30.196014658629093,3.477414196599795,1.0,0.0,1.0,0.10868853639782325,0.020981129561134942,0.41017843971358736,0.03408120129904473,-39.07343411854883,17.389811570188918,0.14093127670189953,0.03652394114449162,0.26924716301168783,0.038911867475429955,0.7289691996619021,0.132550082987499,54.5,18.440444680104655,0.7362420214766321,0.08970008857403068,54.5,18.440444680104655,54.5,18.440444680104655,39.07343411854883,-63.30376992428698,19.07378267633003,17.389811570188918
margin_0p10,AutoCurriculum,severe_left_weak,10,0.08,0.1,0.27934571812659265,0.027623610086192154,25.59190464230255,4.577157265988342,0.004444569259948345,0.0026234250061874568,8.705685550031001,1.0756152307077673,0.4005563255404453,0.0308888009694532,0.5276901364050371,0.026229022904662704,-1.2574594918295139,0.10867009570877702,0.16471780487297294,0.058655153695247486,0.08555611886423878,0.038854890252201874,0.9144438811357614,0.03885489025220186,0.27934571812659265,0.027623610086192154,29.657964984825878,4.07710176156287,1.0,0.0,1.0,0.12866107890833037,0.04718257524926773,0.4407423996784422,0.060932841279424964,-49.17129066519494,18.687616113020812,0.1613966815518496,0.053465364622371996,0.27934571812659265,0.027623610086192154,0.80088072397083,0.08925140920257615,56.1,16.53148511174964,0.7759334679204515,0.06396790815998137,56.1,16.53148511174964,56.1,16.53148511174964,49.17129066519494,-69.00965210874057,14.893338292857548,18.687616113020812
